session_id,early_events,early_product_views,early_unique_categories,early_event_types,device_type,traffic_source,region,early_duration_min,converted
S00001,4,4,2,1,Mobile,Paid Search,West,4.683333333333334,0
S00002,2,2,2,1,Tablet,Organic Search,North,1.7,0
S00003,4,4,1,1,Mobile,Social,South,3.783333333333333,0
S00004,3,3,2,1,Mobile,Paid Search,West,4.516666666666667,0
S00005,2,2,1,1,Desktop,Organic Search,East,0.9833333333333333,0
S00006,4,4,2,1,Desktop,Referral,Central,4.916666666666667,0
S00007,4,4,2,1,Desktop,Email,East,3.2666666666666666,0
S00008,2,2,1,1,Mobile,Organic Search,Central,1.1166666666666667,0
S00009,3,3,2,1,Mobile,Paid Search,East,3.5166666666666666,0
S00010,2,2,1,1,Mobile,Direct,Central,0.8,0
S00011,2,2,1,1,Desktop,Social,Central,2.6666666666666665,0
S00012,2,2,1,1,Tablet,Social,South,2.8833333333333333,0
S00013,4,4,1,1,Mobile,Referral,Central,4.733333333333333,0
S00014,3,3,1,1,Desktop,Email,Central,4.233333333333333,0
S00015,2,2,1,1,Desktop,Email,South,0.7833333333333333,0
S00016,1,1,1,1,Desktop,Social,West,0.0,0
S00017,3,3,2,1,Desktop,Organic Search,North,4.1,0
S00018,3,3,1,1,Mobile,Paid Search,Central,4.05,0
S00019,1,1,1,1,Mobile,Paid Search,North,0.0,0
S00020,4,3,1,2,Desktop,Organic Search,North,3.25,1
S00021,3,3,2,1,Mobile,Direct,East,4.316666666666666,1
S00022,4,3,2,2,Desktop,Social,East,3.25,0
S00023,1,1,1,1,Desktop,Social,Central,0.0,0
S00024,2,2,1,1,Mobile,Organic Search,Central,1.2666666666666666,0
S00025,2,2,1,1,Mobile,Organic Search,East,1.8333333333333333,0
S00026,3,3,2,1,Mobile,Direct,North,2.2,0
S00027,4,4,2,1,Desktop,Social,West,4.533333333333333,0
S00028,1,1,1,1,Mobile,Organic Search,East,0.0,0
S00029,3,3,1,1,Mobile,Social,East,4.716666666666667,0
S00030,4,4,2,1,Desktop,Organic Search,South,2.033333333333333,0
S00031,3,2,1,2,Mobile,Paid Search,East,2.4,0
S00032,2,2,1,1,Desktop,Direct,South,2.466666666666667,1
S00033,2,2,1,1,Desktop,Social,West,2.816666666666667,0
S00034,3,3,1,1,Tablet,Organic Search,East,4.85,0
S00035,3,3,1,1,Tablet,Paid Search,Central,3.0833333333333335,0
S00036,3,3,1,1,Mobile,Organic Search,East,4.15,0
S00037,3,3,2,1,Desktop,Social,South,4.2,0
S00038,2,2,1,1,Desktop,Social,Central,1.4833333333333334,0
S00039,3,2,1,2,Mobile,Organic Search,East,3.566666666666667,0
S00040,4,4,1,1,Mobile,Social,South,4.583333333333333,0
S00041,3,3,1,1,Desktop,Paid Search,West,3.35,0
S00042,3,3,2,1,Mobile,Organic Search,South,3.8833333333333333,0
S00043,4,4,2,1,Desktop,Direct,Central,4.45,0
S00044,3,3,1,1,Tablet,Organic Search,East,3.85,0
S00045,3,3,1,1,Desktop,Paid Search,West,4.75,0
S00046,3,3,1,1,Mobile,Social,North,4.766666666666667,0
S00047,3,3,1,1,Desktop,Organic Search,South,3.7333333333333334,0
S00048,3,2,1,2,Mobile,Email,Central,4.833333333333333,1
S00049,2,2,1,1,Mobile,Social,Central,1.1,0
S00050,1,1,1,1,Desktop,Referral,North,0.0,0
S00051,2,2,1,1,Tablet,Email,South,2.85,0
S00052,3,3,1,1,Mobile,Referral,South,4.066666666666666,0
S00053,3,3,1,1,Tablet,Paid Search,West,3.05,0
S00054,4,4,1,1,Tablet,Direct,West,3.933333333333333,0
S00055,3,3,1,1,Mobile,Social,West,2.9833333333333334,0
S00056,4,3,1,2,Tablet,Email,East,3.433333333333333,0
S00057,2,2,1,1,Desktop,Email,Central,2.8333333333333335,0
S00058,4,4,1,1,Desktop,Email,East,4.283333333333333,0
S00059,2,2,1,1,Desktop,Social,North,2.8666666666666667,0
S00060,3,3,2,1,Desktop,Social,East,4.383333333333334,0
S00061,2,2,2,1,Mobile,Direct,Central,2.533333333333333,0
S00062,3,3,1,1,Desktop,Direct,West,3.5166666666666666,0
S00063,2,1,1,2,Mobile,Email,East,3.933333333333333,0
S00064,3,2,1,2,Desktop,Paid Search,West,2.283333333333333,1
S00065,4,3,1,2,Desktop,Organic Search,Central,3.3,1
S00066,2,2,1,1,Mobile,Social,East,1.25,0
S00067,3,3,1,1,Desktop,Email,South,3.7666666666666666,0
S00068,4,4,2,1,Mobile,Direct,Central,3.5,0
S00069,3,3,1,1,Desktop,Organic Search,Central,3.9166666666666665,1
S00070,3,2,1,2,Tablet,Organic Search,South,3.933333333333333,0
S00071,3,3,1,1,Mobile,Referral,East,2.5833333333333335,0
S00072,3,3,1,1,Desktop,Direct,East,3.933333333333333,0
S00073,1,1,1,1,Desktop,Organic Search,North,0.0,0
S00074,3,3,1,1,Mobile,Email,Central,3.2,1
S00075,1,1,1,1,Mobile,Direct,East,0.0,0
S00076,1,1,1,1,Mobile,Organic Search,Central,0.0,0
S00077,5,5,1,1,Mobile,Direct,North,4.716666666666667,0
S00078,1,1,1,1,Desktop,Paid Search,East,0.0,0
S00079,2,2,1,1,Desktop,Paid Search,North,1.8666666666666667,0
S00080,3,3,2,1,Desktop,Direct,West,3.683333333333333,1
S00081,4,3,2,2,Mobile,Email,East,3.3833333333333333,0
S00082,3,3,2,1,Mobile,Referral,West,4.85,1
S00083,3,3,1,1,Desktop,Direct,North,3.05,0
S00084,3,3,1,1,Desktop,Direct,South,4.2,0
S00085,3,3,1,1,Desktop,Organic Search,North,3.783333333333333,0
S00086,3,2,2,2,Desktop,Email,South,4.283333333333333,0
S00087,1,1,1,1,Mobile,Social,West,0.0,0
S00088,2,2,1,1,Mobile,Organic Search,East,0.5666666666666667,0
S00089,3,2,1,2,Tablet,Paid Search,West,4.15,0
S00090,3,3,1,1,Mobile,Organic Search,East,4.066666666666666,0
S00091,2,2,2,1,Desktop,Direct,South,0.7333333333333333,0
S00092,4,4,1,1,Mobile,Social,South,3.9833333333333334,0
S00093,4,3,1,2,Mobile,Direct,North,2.8,0
S00094,3,3,2,1,Mobile,Paid Search,Central,3.0,0
S00095,4,4,1,1,Mobile,Organic Search,West,3.933333333333333,0
S00096,4,3,1,2,Mobile,Social,North,4.233333333333333,0
S00097,4,4,2,1,Mobile,Organic Search,North,3.3833333333333333,0
S00098,4,4,1,1,Mobile,Social,Central,3.683333333333333,0
S00099,3,3,1,1,Desktop,Organic Search,West,4.433333333333334,0
S00100,3,2,1,2,Desktop,Social,West,4.2,0
S00101,3,3,2,1,Desktop,Direct,East,4.25,0
S00102,2,2,1,1,Mobile,Social,South,1.95,0
S00103,3,3,2,1,Desktop,Direct,Central,3.3,0
S00104,3,3,1,1,Mobile,Referral,West,3.1,0
S00105,2,2,1,1,Tablet,Organic Search,South,2.25,0
S00106,1,1,1,1,Desktop,Organic Search,Central,0.0,0
S00107,1,1,1,1,Mobile,Email,West,0.0,0
S00108,3,2,1,2,Mobile,Organic Search,South,1.8333333333333333,0
S00109,3,3,2,1,Desktop,Organic Search,East,2.9833333333333334,0
S00110,3,3,1,1,Desktop,Referral,North,3.9,0
S00111,3,3,2,1,Desktop,Referral,North,2.05,0
S00112,4,4,1,1,Desktop,Direct,West,4.483333333333333,0
S00113,3,3,1,1,Tablet,Referral,South,3.783333333333333,0
S00114,4,4,2,1,Mobile,Paid Search,Central,3.3333333333333335,0
S00115,3,2,1,2,Mobile,Direct,Central,4.75,1
S00116,3,3,2,1,Mobile,Paid Search,North,3.2,0
S00117,3,3,1,1,Mobile,Paid Search,East,4.1,0
S00118,5,3,2,3,Desktop,Referral,Central,4.5,0
S00119,1,1,1,1,Tablet,Direct,West,0.0,0
S00120,3,3,1,1,Mobile,Paid Search,West,1.95,0
S00121,3,3,2,1,Mobile,Organic Search,South,3.2333333333333334,0
S00122,1,1,1,1,Tablet,Organic Search,East,0.0,0
S00123,2,2,1,1,Desktop,Organic Search,East,0.7833333333333333,0
S00124,2,2,1,1,Desktop,Referral,Central,2.3,0
S00125,1,1,1,1,Desktop,Social,South,0.0,0
S00126,3,3,1,1,Mobile,Social,Central,4.066666666666666,0
S00127,3,3,1,1,Mobile,Email,South,3.316666666666667,1
S00128,2,2,1,1,Mobile,Direct,Central,2.1666666666666665,0
S00129,1,1,1,1,Desktop,Organic Search,West,0.0,0
S00130,2,2,1,1,Mobile,Direct,East,1.8333333333333333,0
S00131,4,4,1,1,Mobile,Direct,West,3.0,0
S00132,3,1,1,3,Desktop,Social,South,4.033333333333333,1
S00133,3,2,1,2,Desktop,Paid Search,South,2.0,0
S00134,4,4,1,1,Desktop,Organic Search,North,4.65,0
S00135,4,4,3,1,Tablet,Organic Search,North,3.9,0
S00136,2,2,1,1,Desktop,Organic Search,South,2.316666666666667,0
S00137,3,3,1,1,Mobile,Direct,West,4.05,0
S00138,2,1,1,2,Mobile,Referral,West,3.1333333333333333,1
S00139,2,2,1,1,Mobile,Paid Search,North,2.466666666666667,0
S00140,2,2,1,1,Tablet,Social,Central,2.3833333333333333,0
S00141,3,3,2,1,Tablet,Email,West,4.183333333333334,0
S00142,4,4,1,1,Desktop,Direct,Central,4.533333333333333,1
S00143,3,3,1,1,Mobile,Organic Search,West,3.466666666666667,0
S00144,2,1,1,2,Desktop,Social,North,2.45,0
S00145,3,3,2,1,Desktop,Social,East,4.7,0
S00146,3,3,1,1,Desktop,Organic Search,West,2.933333333333333,0
S00147,4,4,2,1,Mobile,Email,North,4.116666666666666,0
S00148,2,2,1,1,Mobile,Email,North,0.9333333333333333,0
S00149,3,3,1,1,Desktop,Paid Search,North,2.716666666666667,0
S00150,1,1,1,1,Desktop,Referral,South,0.0,0
S00151,2,2,1,1,Tablet,Paid Search,East,0.4,0
S00152,3,3,2,1,Desktop,Paid Search,East,3.5,0
S00153,4,4,1,1,Desktop,Organic Search,North,4.85,0
S00154,2,2,1,1,Mobile,Organic Search,West,0.45,0
S00155,3,3,1,1,Tablet,Organic Search,East,4.1,0
S00156,3,3,1,1,Desktop,Organic Search,South,2.9833333333333334,0
S00157,3,3,2,1,Mobile,Social,North,3.033333333333333,0
S00158,3,3,1,1,Mobile,Social,North,3.033333333333333,0
S00159,2,2,1,1,Desktop,Organic Search,South,2.566666666666667,0
S00160,3,3,1,1,Mobile,Social,North,3.8333333333333335,0
S00161,3,3,1,1,Mobile,Organic Search,South,4.566666666666666,0
S00162,3,3,1,1,Mobile,Direct,West,4.1,0
S00163,2,2,2,1,Mobile,Organic Search,East,2.3333333333333335,0
S00164,2,2,1,1,Mobile,Direct,South,0.7,0
S00165,3,3,2,1,Desktop,Direct,South,3.65,0
S00166,4,4,1,1,Mobile,Email,West,4.5,0
S00167,2,2,2,1,Desktop,Direct,Central,2.3333333333333335,1
S00168,4,4,4,1,Desktop,Referral,West,2.7333333333333334,0
S00169,2,2,2,1,Desktop,Organic Search,East,1.5833333333333333,0
S00170,3,3,2,1,Mobile,Organic Search,South,2.2666666666666666,0
S00171,2,2,1,1,Mobile,Organic Search,South,1.2333333333333334,0
S00172,3,3,1,1,Desktop,Paid Search,Central,3.4,0
S00173,2,2,2,1,Mobile,Organic Search,North,1.7,0
S00174,2,2,1,1,Desktop,Social,Central,2.066666666666667,0
S00175,4,3,2,2,Mobile,Email,West,2.7333333333333334,0
S00176,4,4,2,1,Desktop,Email,West,4.55,0
S00177,4,4,2,1,Mobile,Paid Search,North,2.8833333333333333,0
S00178,3,3,1,1,Mobile,Organic Search,West,4.083333333333333,0
S00179,4,4,1,1,Tablet,Organic Search,East,4.05,0
S00180,4,4,1,1,Desktop,Direct,North,4.033333333333333,1
S00181,3,3,2,1,Desktop,Paid Search,South,3.816666666666667,0
S00182,3,3,1,1,Desktop,Organic Search,Central,3.9833333333333334,0
S00183,2,2,2,1,Tablet,Organic Search,East,0.36666666666666664,0
S00184,3,3,2,1,Mobile,Referral,East,3.6,0
S00185,3,3,1,1,Desktop,Organic Search,North,4.733333333333333,0
S00186,2,2,1,1,Mobile,Social,West,0.43333333333333335,0
S00187,5,5,2,1,Mobile,Social,West,4.683333333333334,0
S00188,3,3,3,1,Mobile,Direct,West,3.2,0
S00189,3,3,1,1,Mobile,Organic Search,East,3.683333333333333,0
S00190,2,2,1,1,Desktop,Organic Search,East,2.8333333333333335,0
S00191,3,3,3,1,Desktop,Paid Search,East,1.1666666666666667,0
S00192,2,2,1,1,Tablet,Paid Search,South,2.25,0
S00193,3,3,1,1,Tablet,Social,Central,3.0,0
S00194,3,3,2,1,Mobile,Referral,East,4.066666666666666,0
S00195,3,3,1,1,Desktop,Paid Search,South,4.1,0
S00196,2,2,2,1,Desktop,Organic Search,East,2.5,0
S00197,3,2,1,2,Mobile,Organic Search,Central,4.383333333333334,1
S00198,1,1,1,1,Tablet,Social,North,0.0,0
S00199,3,3,2,1,Tablet,Organic Search,South,1.7833333333333334,0
S00200,3,3,1,1,Mobile,Organic Search,West,3.55,0
S00201,4,4,2,1,Mobile,Paid Search,South,3.7333333333333334,1
S00202,4,4,1,1,Desktop,Direct,West,3.933333333333333,0
S00203,4,4,1,1,Desktop,Referral,North,4.85,0
S00204,1,1,1,1,Tablet,Paid Search,West,0.0,0
S00205,4,4,2,1,Mobile,Organic Search,North,4.216666666666667,0
S00206,5,5,1,1,Desktop,Referral,North,4.616666666666666,0
S00207,4,4,1,1,Desktop,Direct,Central,4.45,0
S00208,3,3,1,1,Mobile,Direct,East,3.9,0
S00209,2,2,1,1,Desktop,Direct,South,0.9333333333333333,0
S00210,3,3,2,1,Desktop,Organic Search,South,4.616666666666666,0
S00211,3,2,1,2,Mobile,Email,West,4.55,0
S00212,3,3,2,1,Mobile,Organic Search,East,4.0,0
S00213,4,4,2,1,Mobile,Direct,Central,3.0833333333333335,0
S00214,3,2,2,2,Desktop,Direct,Central,4.75,0
S00215,4,4,2,1,Mobile,Social,West,4.033333333333333,0
S00216,2,1,1,2,Desktop,Social,East,1.9666666666666666,0
S00217,3,3,2,1,Desktop,Organic Search,East,4.783333333333333,0
S00218,3,3,1,1,Mobile,Direct,West,3.75,0
S00219,4,4,2,1,Mobile,Direct,North,4.25,0
S00220,2,1,1,2,Mobile,Organic Search,South,2.45,0
S00221,3,3,1,1,Mobile,Social,North,4.45,0
S00222,2,2,1,1,Mobile,Paid Search,North,1.3833333333333333,0
S00223,4,4,1,1,Desktop,Organic Search,North,3.433333333333333,0
S00224,3,3,1,1,Mobile,Direct,East,4.016666666666667,0
S00225,2,2,1,1,Desktop,Organic Search,West,2.3,0
S00226,4,4,2,1,Desktop,Paid Search,East,3.85,0
S00227,1,1,1,1,Tablet,Organic Search,South,0.0,0
S00228,3,3,2,1,Mobile,Referral,North,1.1666666666666667,0
S00229,4,3,3,2,Tablet,Social,East,4.783333333333333,0
S00230,4,4,2,1,Mobile,Direct,South,4.4,0
S00231,3,3,2,1,Mobile,Paid Search,West,4.733333333333333,0
S00232,3,3,1,1,Mobile,Referral,Central,3.1333333333333333,0
S00233,1,1,1,1,Mobile,Paid Search,North,0.0,0
S00234,3,3,2,1,Mobile,Organic Search,South,1.7333333333333334,0
S00235,4,4,2,1,Desktop,Direct,East,4.366666666666666,0
S00236,3,3,1,1,Mobile,Social,Central,2.566666666666667,0
S00237,2,2,1,1,Desktop,Paid Search,West,1.9166666666666667,1
S00238,3,3,1,1,Desktop,Paid Search,Central,2.8833333333333333,0
S00239,3,3,2,1,Mobile,Social,South,2.6166666666666667,0
S00240,4,3,1,2,Desktop,Referral,Central,4.383333333333334,0
S00241,1,1,1,1,Tablet,Referral,North,0.0,0
S00242,2,2,1,1,Tablet,Organic Search,North,1.65,0
S00243,3,3,1,1,Tablet,Paid Search,Central,3.6166666666666667,0
S00244,1,1,1,1,Mobile,Social,Central,0.0,0
S00245,3,2,1,2,Desktop,Social,North,4.65,0
S00246,3,3,1,1,Tablet,Paid Search,North,4.516666666666667,0
S00247,3,3,1,1,Mobile,Organic Search,North,4.183333333333334,0
S00248,4,4,2,1,Tablet,Social,North,4.116666666666666,0
S00249,2,2,1,1,Tablet,Social,South,1.2166666666666666,0
S00250,3,3,1,1,Mobile,Organic Search,Central,4.15,0
S00251,3,3,2,1,Desktop,Email,West,4.266666666666667,0
S00252,4,4,1,1,Mobile,Organic Search,West,3.816666666666667,0
S00253,3,3,1,1,Mobile,Direct,West,4.85,0
S00254,5,5,2,1,Desktop,Organic Search,East,4.35,0
S00255,3,3,2,1,Desktop,Direct,West,4.066666666666666,1
S00256,3,3,1,1,Mobile,Paid Search,East,3.433333333333333,0
S00257,5,3,1,3,Tablet,Paid Search,South,4.733333333333333,0
S00258,1,1,1,1,Mobile,Paid Search,East,0.0,0
S00259,1,1,1,1,Mobile,Social,East,0.0,0
S00260,1,1,1,1,Desktop,Organic Search,Central,0.0,0
S00261,3,3,2,1,Mobile,Organic Search,Central,2.466666666666667,0
S00262,3,3,1,1,Tablet,Social,East,2.3333333333333335,0
S00263,2,2,1,1,Desktop,Organic Search,West,2.433333333333333,0
S00264,2,2,1,1,Mobile,Referral,North,2.7,0
S00265,2,2,2,1,Mobile,Social,West,0.6166666666666667,0
S00266,4,3,2,2,Mobile,Email,South,3.8,0
S00267,2,2,1,1,Mobile,Referral,North,2.3333333333333335,0
S00268,4,4,1,1,Mobile,Organic Search,South,1.9833333333333334,0
S00269,2,2,2,1,Desktop,Direct,West,1.1666666666666667,0
S00270,4,4,3,1,Desktop,Paid Search,North,3.75,0
S00271,2,2,2,1,Mobile,Direct,Central,2.3666666666666667,0
S00272,3,3,2,1,Mobile,Referral,North,3.5833333333333335,0
S00273,4,4,1,1,Mobile,Organic Search,Central,4.466666666666667,0
S00274,3,3,1,1,Tablet,Paid Search,West,3.7333333333333334,0
S00275,1,1,1,1,Mobile,Paid Search,South,0.0,0
S00276,2,2,1,1,Mobile,Paid Search,South,2.933333333333333,0
S00277,2,2,1,1,Mobile,Direct,West,2.6666666666666665,0
S00278,3,3,1,1,Mobile,Direct,West,3.3833333333333333,0
S00279,3,3,2,1,Mobile,Social,West,4.333333333333333,0
S00280,3,3,1,1,Mobile,Organic Search,South,3.7666666666666666,0
S00281,2,2,1,1,Tablet,Social,East,1.3166666666666667,0
S00282,4,4,3,1,Desktop,Paid Search,Central,4.683333333333334,0
S00283,4,4,2,1,Mobile,Social,South,2.3666666666666667,0
S00284,3,3,1,1,Desktop,Social,East,2.816666666666667,0
S00285,2,2,2,1,Mobile,Organic Search,South,2.6166666666666667,0
S00286,1,1,1,1,Desktop,Paid Search,West,0.0,0
S00287,4,4,1,1,Mobile,Social,West,5.0,1
S00288,3,3,1,1,Mobile,Email,South,3.1166666666666667,0
S00289,2,2,2,1,Desktop,Referral,North,2.716666666666667,0
S00290,4,3,2,2,Mobile,Email,North,2.283333333333333,0
S00291,3,3,2,1,Desktop,Organic Search,East,3.55,0
S00292,1,1,1,1,Desktop,Direct,East,0.0,0
S00293,2,2,1,1,Mobile,Referral,Central,0.6,0
S00294,3,3,1,1,Mobile,Direct,East,3.316666666666667,0
S00295,2,2,1,1,Desktop,Social,South,2.4833333333333334,0
S00296,3,3,2,1,Mobile,Referral,Central,2.966666666666667,0
S00297,3,3,1,1,Mobile,Direct,East,3.25,1
S00298,2,2,1,1,Desktop,Organic Search,East,2.9166666666666665,0
S00299,3,3,2,1,Mobile,Social,North,3.466666666666667,1
S00300,2,2,1,1,Desktop,Direct,South,0.43333333333333335,0
S00301,1,1,1,1,Desktop,Social,Central,0.0,0
S00302,4,4,1,1,Mobile,Email,East,3.5833333333333335,0
S00303,3,3,1,1,Mobile,Email,South,3.2,0
S00304,3,3,2,1,Mobile,Social,West,2.783333333333333,0
S00305,3,3,2,1,Mobile,Direct,Central,4.016666666666667,0
S00306,3,3,1,1,Tablet,Email,South,2.9,0
S00307,2,2,2,1,Mobile,Direct,East,2.683333333333333,0
S00308,3,3,2,1,Desktop,Direct,Central,3.05,0
S00309,4,4,3,1,Mobile,Email,North,4.483333333333333,0
S00310,3,3,2,1,Desktop,Social,West,3.183333333333333,0
S00311,3,3,1,1,Mobile,Direct,West,3.566666666666667,0
S00312,2,2,1,1,Desktop,Email,West,1.8666666666666667,0
S00313,3,3,1,1,Desktop,Paid Search,South,1.6,0
S00314,3,3,2,1,Tablet,Direct,South,2.0833333333333335,0
S00315,2,2,2,1,Mobile,Direct,West,0.43333333333333335,0
S00316,2,2,2,1,Mobile,Referral,South,2.7,0
S00317,2,2,1,1,Mobile,Social,East,1.5833333333333333,0
S00318,3,3,2,1,Desktop,Paid Search,North,4.866666666666666,0
S00319,3,3,1,1,Desktop,Paid Search,North,4.233333333333333,0
S00320,2,2,1,1,Desktop,Organic Search,Central,2.816666666666667,0
S00321,2,2,2,1,Mobile,Paid Search,East,2.466666666666667,1
S00322,4,4,1,1,Mobile,Email,Central,4.85,0
S00323,2,2,1,1,Mobile,Paid Search,North,0.6166666666666667,0
S00324,4,4,1,1,Desktop,Direct,East,4.166666666666667,1
S00325,4,4,2,1,Tablet,Organic Search,South,4.65,0
S00326,3,2,1,2,Mobile,Organic Search,West,2.5166666666666666,0
S00327,3,3,1,1,Mobile,Referral,West,2.9,0
S00328,1,1,1,1,Mobile,Direct,North,0.0,0
S00329,3,3,1,1,Mobile,Email,Central,3.3333333333333335,0
S00330,2,2,1,1,Desktop,Organic Search,North,1.9833333333333334,0
S00331,1,1,1,1,Desktop,Organic Search,West,0.0,0
S00332,3,2,1,2,Mobile,Social,Central,3.8,0
S00333,3,3,1,1,Desktop,Paid Search,Central,2.75,0
S00334,3,3,1,1,Desktop,Email,Central,2.2666666666666666,0
S00335,2,1,1,2,Desktop,Organic Search,South,0.5833333333333334,0
S00336,5,5,1,1,Desktop,Social,North,4.516666666666667,0
S00337,3,3,2,1,Mobile,Organic Search,North,4.383333333333334,0
S00338,2,2,1,1,Mobile,Organic Search,East,2.9833333333333334,0
S00339,4,4,1,1,Mobile,Email,West,4.75,0
S00340,3,3,1,1,Desktop,Direct,North,3.2333333333333334,0
S00341,3,3,1,1,Mobile,Organic Search,West,4.316666666666666,0
S00342,2,2,1,1,Mobile,Paid Search,South,2.45,0
S00343,3,3,1,1,Desktop,Paid Search,South,2.8666666666666667,0
S00344,2,2,1,1,Mobile,Social,West,2.4166666666666665,0
S00345,3,3,1,1,Mobile,Direct,East,4.0,0
S00346,3,3,1,1,Mobile,Organic Search,Central,1.0166666666666666,0
S00347,4,4,1,1,Mobile,Direct,North,3.8833333333333333,0
S00348,2,2,1,1,Desktop,Referral,West,2.0166666666666666,0
S00349,2,2,1,1,Mobile,Paid Search,North,1.9833333333333334,0
S00350,1,1,1,1,Mobile,Paid Search,North,0.0,0
S00351,2,2,1,1,Mobile,Organic Search,West,2.1666666666666665,0
S00352,3,3,1,1,Mobile,Email,Central,3.5166666666666666,0
S00353,2,1,1,2,Mobile,Organic Search,South,2.466666666666667,1
S00354,3,3,1,1,Desktop,Paid Search,South,4.216666666666667,0
S00355,4,4,1,1,Desktop,Referral,East,2.65,0
S00356,3,3,1,1,Mobile,Referral,South,3.533333333333333,0
S00357,3,3,1,1,Desktop,Paid Search,Central,1.7,0
S00358,4,4,2,1,Mobile,Email,West,3.7333333333333334,0
S00359,1,1,1,1,Tablet,Referral,North,0.0,0
S00360,3,2,1,2,Mobile,Paid Search,East,3.8333333333333335,0
S00361,4,4,1,1,Mobile,Organic Search,West,4.183333333333334,0
S00362,2,2,1,1,Mobile,Email,South,1.4666666666666666,0
S00363,3,3,1,1,Mobile,Organic Search,West,3.85,0
S00364,3,3,1,1,Mobile,Email,North,3.3,0
S00365,4,4,2,1,Tablet,Email,West,2.8833333333333333,0
S00366,3,3,1,1,Mobile,Paid Search,North,3.6166666666666667,0
S00367,2,2,2,1,Tablet,Direct,Central,2.033333333333333,0
S00368,2,2,1,1,Tablet,Organic Search,South,2.95,0
S00369,4,4,1,1,Desktop,Email,South,4.366666666666666,0
S00370,3,3,1,1,Desktop,Social,Central,2.6,0
S00371,3,2,2,2,Desktop,Paid Search,North,2.45,0
S00372,2,1,1,2,Desktop,Direct,South,3.466666666666667,0
S00373,3,3,1,1,Desktop,Referral,South,4.583333333333333,0
S00374,1,1,1,1,Mobile,Referral,South,0.0,0
S00375,2,2,2,1,Desktop,Organic Search,Central,2.8333333333333335,0
S00376,3,3,2,1,Desktop,Organic Search,West,4.083333333333333,0
S00377,3,2,2,2,Mobile,Social,North,3.0833333333333335,0
S00378,2,2,1,1,Desktop,Social,West,2.2333333333333334,0
S00379,3,3,2,1,Mobile,Referral,East,3.8,0
S00380,3,3,2,1,Desktop,Referral,Central,4.533333333333333,0
S00381,2,2,1,1,Desktop,Paid Search,South,0.7,0
S00382,2,2,1,1,Mobile,Paid Search,East,0.36666666666666664,0
S00383,4,4,2,1,Mobile,Organic Search,East,4.0,0
S00384,3,3,1,1,Mobile,Organic Search,East,4.116666666666666,0
S00385,3,3,1,1,Mobile,Email,East,3.75,0
S00386,2,2,2,1,Mobile,Paid Search,South,2.783333333333333,0
S00387,3,3,2,1,Desktop,Paid Search,West,4.35,0
S00388,3,3,1,1,Desktop,Social,East,2.85,0
S00389,2,2,1,1,Mobile,Direct,Central,0.95,0
S00390,4,4,1,1,Mobile,Paid Search,South,3.5833333333333335,0
S00391,3,3,1,1,Tablet,Organic Search,West,4.583333333333333,0
S00392,3,3,2,1,Mobile,Direct,Central,2.8333333333333335,0
S00393,4,4,1,1,Mobile,Social,West,3.9,0
S00394,4,4,2,1,Mobile,Paid Search,Central,3.8833333333333333,0
S00395,2,2,2,1,Desktop,Referral,Central,2.6333333333333333,0
S00396,2,2,1,1,Tablet,Direct,South,1.1333333333333333,0
S00397,3,3,1,1,Mobile,Email,West,3.75,0
S00398,2,2,1,1,Mobile,Direct,North,1.55,0
S00399,2,2,2,1,Mobile,Email,East,0.6166666666666667,0
S00400,3,3,2,1,Mobile,Social,South,3.6666666666666665,0
S00401,3,3,1,1,Desktop,Paid Search,West,2.433333333333333,0
S00402,2,2,1,1,Tablet,Referral,East,1.65,0
S00403,3,3,3,1,Mobile,Organic Search,East,3.6333333333333333,0
S00404,2,2,1,1,Mobile,Social,South,2.9833333333333334,0
S00405,2,2,2,1,Desktop,Organic Search,Central,2.4,0
S00406,5,5,1,1,Tablet,Referral,North,4.45,0
S00407,3,3,2,1,Mobile,Direct,North,3.283333333333333,0
S00408,1,1,1,1,Desktop,Direct,South,0.0,0
S00409,4,4,2,1,Tablet,Email,Central,3.5833333333333335,0
S00410,2,2,2,1,Desktop,Referral,Central,1.5,0
S00411,2,1,1,2,Desktop,Organic Search,West,0.8166666666666667,0
S00412,3,3,2,1,Tablet,Direct,Central,4.1,0
S00413,3,3,1,1,Tablet,Social,South,4.533333333333333,0
S00414,3,3,2,1,Mobile,Direct,Central,4.716666666666667,0
S00415,4,4,2,1,Mobile,Organic Search,North,3.95,0
S00416,3,3,2,1,Mobile,Direct,North,4.866666666666666,0
S00417,3,3,1,1,Desktop,Direct,North,3.7,0
S00418,3,2,1,2,Desktop,Referral,East,2.85,0
S00419,2,2,1,1,Mobile,Social,West,0.5333333333333333,0
S00420,3,2,1,2,Mobile,Email,South,4.233333333333333,0
S00421,3,3,1,1,Mobile,Referral,Central,3.283333333333333,0
S00422,3,3,1,1,Mobile,Email,East,3.85,0
S00423,3,3,1,1,Desktop,Organic Search,North,2.683333333333333,0
S00424,5,4,3,2,Mobile,Direct,East,4.083333333333333,1
S00425,2,2,2,1,Desktop,Email,West,2.55,0
S00426,4,4,1,1,Mobile,Organic Search,Central,3.05,0
S00427,2,1,1,2,Mobile,Referral,East,3.85,0
S00428,3,3,2,1,Tablet,Social,East,3.4,0
S00429,3,3,1,1,Desktop,Direct,South,4.533333333333333,0
S00430,5,5,2,1,Desktop,Paid Search,West,4.416666666666667,0
S00431,2,2,1,1,Desktop,Social,Central,2.7,0
S00432,2,2,1,1,Mobile,Referral,North,0.4666666666666667,0
S00433,2,2,2,1,Mobile,Referral,Central,1.8333333333333333,0
S00434,3,3,1,1,Desktop,Email,East,4.466666666666667,0
S00435,4,4,1,1,Desktop,Social,South,2.55,0
S00436,3,3,2,1,Mobile,Paid Search,Central,4.316666666666666,0
S00437,1,1,1,1,Desktop,Paid Search,East,0.0,0
S00438,3,3,2,1,Mobile,Organic Search,South,1.55,0
S00439,4,4,1,1,Mobile,Organic Search,North,2.683333333333333,0
S00440,1,1,1,1,Desktop,Email,South,0.0,0
S00441,2,2,1,1,Desktop,Direct,Central,2.216666666666667,0
S00442,3,3,1,1,Tablet,Organic Search,West,3.783333333333333,0
S00443,3,3,1,1,Mobile,Social,Central,2.8,1
S00444,4,4,2,1,Mobile,Organic Search,South,4.433333333333334,0
S00445,2,2,2,1,Mobile,Paid Search,North,2.45,0
S00446,1,1,1,1,Tablet,Paid Search,North,0.0,0
S00447,2,2,1,1,Tablet,Referral,East,2.8666666666666667,0
S00448,1,1,1,1,Mobile,Email,Central,0.0,0
S00449,4,3,2,2,Mobile,Organic Search,West,3.716666666666667,1
S00450,2,2,1,1,Desktop,Paid Search,South,0.8666666666666667,0
S00451,4,4,1,1,Mobile,Social,Central,4.833333333333333,0
S00452,3,2,1,2,Mobile,Referral,West,3.8833333333333333,1
S00453,3,3,3,1,Mobile,Email,North,4.516666666666667,0
S00454,3,3,2,1,Tablet,Direct,Central,4.416666666666667,0
S00455,3,3,2,1,Desktop,Referral,South,4.366666666666666,0
S00456,3,3,1,1,Mobile,Organic Search,North,2.6,0
S00457,2,2,2,1,Desktop,Paid Search,South,0.9666666666666667,0
S00458,3,3,2,1,Mobile,Direct,East,1.6,0
S00459,1,1,1,1,Desktop,Organic Search,East,0.0,0
S00460,1,1,1,1,Desktop,Direct,South,0.0,0
S00461,3,3,1,1,Desktop,Direct,North,1.2333333333333334,0
S00462,2,2,2,1,Mobile,Paid Search,West,2.3666666666666667,0
S00463,2,2,1,1,Mobile,Referral,Central,2.066666666666667,0
S00464,3,3,2,1,Mobile,Direct,West,3.3666666666666667,0
S00465,1,1,1,1,Tablet,Social,South,0.0,0
S00466,3,3,1,1,Mobile,Organic Search,South,4.3,0
S00467,2,2,1,1,Desktop,Paid Search,South,1.0333333333333334,0
S00468,2,2,1,1,Mobile,Organic Search,North,2.5166666666666666,0
S00469,2,2,1,1,Desktop,Referral,East,1.9333333333333333,0
S00470,2,2,2,1,Tablet,Social,West,2.466666666666667,0
S00471,3,3,2,1,Desktop,Paid Search,West,3.1166666666666667,0
S00472,1,1,1,1,Tablet,Social,West,0.0,0
S00473,3,3,1,1,Desktop,Paid Search,South,4.466666666666667,1
S00474,3,3,3,1,Tablet,Referral,South,4.516666666666667,0
S00475,2,2,1,1,Mobile,Social,West,0.6166666666666667,0
S00476,2,2,1,1,Tablet,Referral,South,2.816666666666667,0
S00477,3,3,2,1,Desktop,Email,South,3.75,0
S00478,4,4,2,1,Mobile,Organic Search,South,4.75,0
S00479,5,4,2,2,Tablet,Email,South,3.6,1
S00480,3,3,2,1,Mobile,Organic Search,North,3.4833333333333334,0
S00481,4,4,2,1,Mobile,Paid Search,Central,4.8,0
S00482,2,2,1,1,Mobile,Email,Central,2.15,0
S00483,3,3,1,1,Mobile,Paid Search,South,2.1,0
S00484,3,3,1,1,Mobile,Organic Search,North,3.683333333333333,0
S00485,3,3,1,1,Mobile,Organic Search,West,2.566666666666667,0
S00486,3,3,2,1,Tablet,Email,South,3.3,0
S00487,2,2,1,1,Desktop,Referral,South,2.6666666666666665,0
S00488,3,3,1,1,Desktop,Direct,North,4.85,0
S00489,4,4,2,1,Tablet,Direct,South,2.45,0
S00490,4,4,1,1,Tablet,Social,West,4.25,0
S00491,3,3,1,1,Mobile,Paid Search,Central,3.3666666666666667,0
S00492,4,4,2,1,Mobile,Direct,South,2.8,0
S00493,2,2,1,1,Desktop,Direct,South,2.816666666666667,1
S00494,3,3,1,1,Desktop,Organic Search,North,1.7833333333333334,0
S00495,4,4,1,1,Mobile,Referral,North,3.2,0
S00496,3,3,1,1,Desktop,Organic Search,Central,2.9833333333333334,0
S00497,3,3,2,1,Mobile,Direct,West,3.066666666666667,0
S00498,3,3,1,1,Desktop,Organic Search,East,4.383333333333334,0
S00499,3,3,1,1,Tablet,Organic Search,West,3.8,0
S00500,2,2,2,1,Tablet,Social,Central,2.683333333333333,0
S00501,3,3,3,1,Mobile,Organic Search,Central,1.0166666666666666,0
S00502,3,3,1,1,Mobile,Organic Search,North,3.533333333333333,1
S00503,3,3,1,1,Desktop,Email,North,2.1666666666666665,0
S00504,2,1,1,2,Mobile,Organic Search,West,3.45,0
S00505,4,4,2,1,Mobile,Organic Search,South,4.533333333333333,0
S00506,3,3,2,1,Desktop,Social,Central,4.35,0
S00507,3,3,2,1,Tablet,Social,West,3.95,0
S00508,4,4,1,1,Mobile,Referral,Central,4.9,0
S00509,3,1,1,3,Tablet,Social,South,4.35,0
S00510,3,3,2,1,Mobile,Paid Search,Central,3.3333333333333335,0
S00511,4,4,2,1,Mobile,Organic Search,South,3.716666666666667,0
S00512,1,1,1,1,Mobile,Social,Central,0.0,0
S00513,3,3,2,1,Tablet,Social,North,2.816666666666667,0
S00514,3,3,1,1,Mobile,Social,East,3.15,0
S00515,3,3,1,1,Desktop,Email,West,4.066666666666666,0
S00516,3,2,1,2,Desktop,Organic Search,East,3.75,0
S00517,3,3,1,1,Mobile,Social,East,4.733333333333333,0
S00518,3,3,1,1,Mobile,Social,Central,3.3333333333333335,0
S00519,3,3,2,1,Tablet,Referral,East,3.3333333333333335,0
S00520,4,3,1,2,Desktop,Organic Search,West,4.333333333333333,1
S00521,3,3,3,1,Mobile,Organic Search,North,3.2333333333333334,0
S00522,3,3,2,1,Mobile,Organic Search,Central,1.4833333333333334,0
S00523,2,2,1,1,Tablet,Social,West,1.55,0
S00524,1,1,1,1,Mobile,Organic Search,East,0.0,0
S00525,4,4,2,1,Mobile,Organic Search,North,4.65,0
S00526,2,2,2,1,Mobile,Referral,East,2.4,0
S00527,3,3,1,1,Mobile,Organic Search,North,4.883333333333334,0
S00528,2,2,2,1,Desktop,Social,North,0.48333333333333334,0
S00529,4,4,1,1,Desktop,Direct,West,3.783333333333333,1
S00530,3,3,2,1,Mobile,Social,North,4.716666666666667,0
S00531,3,3,1,1,Mobile,Paid Search,North,3.7333333333333334,0
S00532,3,3,1,1,Tablet,Referral,West,3.25,1
S00533,3,3,1,1,Tablet,Referral,North,4.166666666666667,0
S00534,3,3,2,1,Mobile,Organic Search,South,3.183333333333333,0
S00535,1,1,1,1,Mobile,Organic Search,North,0.0,0
S00536,3,3,3,1,Tablet,Direct,East,3.066666666666667,0
S00537,3,2,1,2,Mobile,Paid Search,West,3.75,0
S00538,4,4,2,1,Desktop,Referral,West,3.9166666666666665,0
S00539,3,3,2,1,Mobile,Email,South,4.666666666666667,0
S00540,2,2,1,1,Desktop,Paid Search,North,1.0166666666666666,0
S00541,3,3,1,1,Tablet,Organic Search,North,3.85,0
S00542,2,2,2,1,Mobile,Social,East,1.6,0
S00543,3,3,1,1,Desktop,Referral,Central,4.15,0
S00544,1,1,1,1,Mobile,Direct,South,0.0,0
S00545,4,4,1,1,Mobile,Email,South,3.816666666666667,0
S00546,2,2,2,1,Desktop,Organic Search,North,2.9,0
S00547,3,3,1,1,Desktop,Paid Search,West,3.9,1
S00548,4,4,2,1,Mobile,Email,West,3.933333333333333,1
S00549,1,1,1,1,Mobile,Organic Search,West,0.0,0
S00550,4,4,1,1,Mobile,Email,Central,2.9,0
S00551,4,4,2,1,Mobile,Direct,East,4.633333333333334,1
S00552,2,2,1,1,Mobile,Email,North,2.783333333333333,0
S00553,5,5,2,1,Mobile,Paid Search,South,4.733333333333333,0
S00554,4,4,2,1,Mobile,Organic Search,West,4.5,0
S00555,4,4,1,1,Mobile,Social,West,4.983333333333333,0
S00556,3,2,1,2,Mobile,Social,East,3.466666666666667,1
S00557,2,2,1,1,Desktop,Direct,West,2.45,0
S00558,4,4,1,1,Desktop,Organic Search,West,5.0,0
S00559,1,1,1,1,Mobile,Social,Central,0.0,0
S00560,4,2,1,3,Mobile,Referral,East,3.566666666666667,0
S00561,3,3,1,1,Mobile,Organic Search,West,2.7,0
S00562,3,3,2,1,Desktop,Direct,South,2.8,0
S00563,2,2,1,1,Desktop,Organic Search,West,1.8666666666666667,0
S00564,2,2,1,1,Desktop,Paid Search,Central,1.1833333333333333,0
S00565,3,1,1,3,Desktop,Organic Search,South,4.283333333333333,0
S00566,3,3,1,1,Mobile,Direct,West,4.733333333333333,0
S00567,3,3,1,1,Mobile,Paid Search,West,3.65,0
S00568,3,3,2,1,Mobile,Paid Search,North,3.6,0
S00569,4,4,1,1,Tablet,Direct,East,2.966666666666667,0
S00570,3,2,1,2,Desktop,Direct,North,4.016666666666667,1
S00571,3,3,2,1,Mobile,Paid Search,Central,4.633333333333334,0
S00572,1,1,1,1,Mobile,Organic Search,Central,0.0,0
S00573,3,3,1,1,Mobile,Organic Search,North,4.833333333333333,0
S00574,4,4,1,1,Mobile,Referral,North,4.833333333333333,0
S00575,3,3,2,1,Mobile,Organic Search,East,3.9166666666666665,0
S00576,3,3,1,1,Tablet,Paid Search,South,3.7666666666666666,0
S00577,2,2,1,1,Desktop,Referral,North,1.8333333333333333,0
S00578,3,3,1,1,Tablet,Direct,East,3.35,0
S00579,2,2,1,1,Mobile,Direct,South,2.8333333333333335,0
S00580,1,1,1,1,Desktop,Paid Search,North,0.0,0
S00581,3,3,2,1,Mobile,Referral,Central,1.6166666666666667,0
S00582,4,4,3,1,Tablet,Referral,Central,5.0,0
S00583,2,2,1,1,Mobile,Social,West,2.466666666666667,0
S00584,3,3,2,1,Desktop,Organic Search,Central,3.783333333333333,0
S00585,1,1,1,1,Mobile,Paid Search,South,0.0,0
S00586,3,3,1,1,Desktop,Direct,South,1.8666666666666667,0
S00587,2,2,1,1,Desktop,Email,South,2.183333333333333,0
S00588,2,2,1,1,Desktop,Organic Search,West,2.7333333333333334,0
S00589,4,3,2,2,Desktop,Organic Search,Central,3.033333333333333,0
S00590,2,2,1,1,Desktop,Social,West,2.2,0
S00591,4,4,1,1,Desktop,Email,Central,4.8,0
S00592,4,4,2,1,Mobile,Direct,West,2.75,1
S00593,3,3,1,1,Desktop,Direct,South,2.966666666666667,0
S00594,1,1,1,1,Desktop,Social,East,0.0,0
S00595,3,3,2,1,Tablet,Social,North,3.0,0
S00596,2,2,2,1,Mobile,Direct,North,2.7666666666666666,0
S00597,3,3,1,1,Mobile,Organic Search,West,3.966666666666667,0
S00598,3,3,1,1,Desktop,Direct,East,3.6333333333333333,0
S00599,3,3,1,1,Desktop,Referral,East,4.866666666666666,0
S00600,3,3,2,1,Desktop,Paid Search,East,4.033333333333333,1
S00601,3,3,1,1,Desktop,Paid Search,South,4.033333333333333,0
S00602,2,2,1,1,Desktop,Paid Search,East,2.45,0
S00603,2,2,1,1,Desktop,Direct,East,2.9833333333333334,0
S00604,4,4,1,1,Desktop,Social,South,4.733333333333333,0
S00605,2,2,1,1,Desktop,Email,Central,2.283333333333333,0
S00606,3,3,1,1,Mobile,Organic Search,East,3.0166666666666666,0
S00607,3,3,1,1,Desktop,Organic Search,West,1.1666666666666667,0
S00608,3,3,1,1,Mobile,Paid Search,Central,4.2,0
S00609,2,2,2,1,Mobile,Referral,Central,1.1,0
S00610,3,3,1,1,Mobile,Direct,Central,1.8833333333333333,0
S00611,2,2,1,1,Desktop,Social,South,1.8833333333333333,0
S00612,3,3,2,1,Mobile,Social,North,3.95,0
S00613,2,2,2,1,Mobile,Organic Search,South,1.0,0
S00614,3,3,1,1,Desktop,Organic Search,South,2.683333333333333,0
S00615,1,1,1,1,Mobile,Organic Search,Central,0.0,0
S00616,2,2,1,1,Tablet,Social,West,1.6333333333333333,0
S00617,4,4,2,1,Desktop,Organic Search,North,4.933333333333334,0
S00618,2,2,2,1,Desktop,Direct,North,1.95,0
S00619,3,3,3,1,Mobile,Email,North,2.466666666666667,0
S00620,3,3,1,1,Mobile,Social,West,3.3333333333333335,0
S00621,3,3,1,1,Desktop,Organic Search,West,3.6,0
S00622,1,1,1,1,Desktop,Direct,Central,0.0,0
S00623,3,3,1,1,Mobile,Email,Central,2.95,1
S00624,2,2,1,1,Mobile,Paid Search,South,2.216666666666667,0
S00625,4,4,1,1,Mobile,Social,South,4.55,0
S00626,3,3,1,1,Mobile,Organic Search,South,4.9,0
S00627,3,3,1,1,Mobile,Social,South,2.7333333333333334,1
S00628,2,2,1,1,Mobile,Paid Search,Central,2.65,0
S00629,3,3,1,1,Desktop,Paid Search,East,3.433333333333333,0
S00630,1,1,1,1,Desktop,Paid Search,West,0.0,0
S00631,2,2,2,1,Mobile,Direct,East,2.55,0
S00632,2,2,2,1,Tablet,Organic Search,North,1.8666666666666667,1
S00633,2,1,1,2,Mobile,Paid Search,North,1.5333333333333334,0
S00634,3,3,1,1,Mobile,Email,East,4.2,0
S00635,1,1,1,1,Desktop,Paid Search,West,0.0,0
S00636,3,3,1,1,Mobile,Direct,South,4.766666666666667,0
S00637,3,3,1,1,Mobile,Referral,West,1.6,0
S00638,3,3,1,1,Desktop,Paid Search,Central,2.0833333333333335,0
S00639,3,3,1,1,Desktop,Organic Search,East,2.716666666666667,0
S00640,2,2,1,1,Mobile,Email,West,1.3666666666666667,0
S00641,2,2,1,1,Desktop,Social,East,2.1333333333333333,0
S00642,3,3,2,1,Desktop,Social,West,4.883333333333334,0
S00643,3,3,2,1,Desktop,Email,West,2.4,0
S00644,4,3,2,2,Desktop,Referral,Central,4.183333333333334,1
S00645,3,3,1,1,Desktop,Direct,South,4.25,1
S00646,2,2,1,1,Tablet,Direct,East,2.95,0
S00647,3,3,1,1,Mobile,Referral,North,2.05,0
S00648,4,4,1,1,Mobile,Referral,South,4.95,0
S00649,3,2,1,2,Mobile,Paid Search,West,4.116666666666666,0
S00650,2,2,1,1,Mobile,Social,Central,1.9,0
S00651,4,4,2,1,Desktop,Organic Search,South,4.816666666666666,0
S00652,3,3,1,1,Mobile,Social,North,3.8833333333333333,0
S00653,4,4,1,1,Mobile,Direct,South,4.616666666666666,0
S00654,4,4,3,1,Mobile,Organic Search,East,3.6666666666666665,0
S00655,2,2,2,1,Mobile,Organic Search,South,2.466666666666667,0
S00656,2,2,2,1,Desktop,Direct,South,2.683333333333333,0
S00657,1,1,1,1,Desktop,Direct,West,0.0,0
S00658,2,2,1,1,Mobile,Direct,North,2.9,0
S00659,2,2,1,1,Mobile,Organic Search,East,2.85,0
S00660,3,3,1,1,Mobile,Direct,West,3.033333333333333,0
S00661,4,2,1,3,Desktop,Paid Search,South,3.716666666666667,0
S00662,5,5,2,1,Tablet,Email,West,4.666666666666667,0
S00663,3,3,1,1,Mobile,Direct,West,3.5,0
S00664,4,4,1,1,Desktop,Social,West,4.45,1
S00665,3,3,1,1,Desktop,Referral,East,3.783333333333333,0
S00666,2,2,1,1,Desktop,Social,South,1.05,0
S00667,2,2,1,1,Desktop,Direct,Central,2.8833333333333333,0
S00668,4,4,3,1,Desktop,Social,West,5.0,0
S00669,3,3,1,1,Desktop,Organic Search,South,4.816666666666666,0
S00670,3,3,1,1,Desktop,Organic Search,North,2.466666666666667,0
S00671,3,2,2,2,Desktop,Direct,North,4.966666666666667,0
S00672,3,3,2,1,Tablet,Social,North,3.5166666666666666,0
S00673,4,4,1,1,Desktop,Organic Search,East,4.333333333333333,0
S00674,2,2,1,1,Mobile,Organic Search,North,2.1666666666666665,0
S00675,2,2,1,1,Mobile,Organic Search,South,2.7333333333333334,0
S00676,4,4,2,1,Tablet,Social,West,3.933333333333333,1
S00677,4,3,2,2,Desktop,Paid Search,South,3.6333333333333333,1
S00678,4,4,1,1,Mobile,Direct,West,4.333333333333333,0
S00679,1,1,1,1,Tablet,Paid Search,West,0.0,0
S00680,2,2,1,1,Mobile,Email,South,2.8333333333333335,0
S00681,2,2,2,1,Mobile,Paid Search,West,1.4,0
S00682,2,2,1,1,Desktop,Organic Search,West,0.5666666666666667,0
S00683,4,4,1,1,Desktop,Social,South,4.95,0
S00684,3,3,2,1,Mobile,Direct,South,1.7333333333333334,0
S00685,4,4,1,1,Tablet,Paid Search,East,4.516666666666667,0
S00686,4,4,2,1,Mobile,Organic Search,Central,4.883333333333334,0
S00687,2,2,1,1,Mobile,Direct,West,0.6166666666666667,0
S00688,3,3,1,1,Desktop,Direct,North,3.35,0
S00689,3,3,1,1,Mobile,Paid Search,West,4.633333333333334,0
S00690,2,2,1,1,Desktop,Organic Search,East,2.95,0
S00691,3,3,1,1,Desktop,Social,East,4.25,0
S00692,3,3,1,1,Mobile,Organic Search,West,3.6666666666666665,0
S00693,3,3,2,1,Mobile,Paid Search,East,4.016666666666667,0
S00694,4,4,1,1,Desktop,Social,Central,4.966666666666667,0
S00695,3,3,2,1,Desktop,Paid Search,West,3.1333333333333333,0
S00696,4,4,2,1,Mobile,Social,West,4.566666666666666,0
S00697,2,2,1,1,Desktop,Paid Search,North,1.6,0
S00698,2,2,1,1,Mobile,Direct,Central,2.2,0
S00699,2,2,2,1,Desktop,Social,Central,2.533333333333333,0
S00700,2,2,1,1,Mobile,Direct,North,2.7666666666666666,0
S00701,2,2,1,1,Mobile,Paid Search,East,2.3333333333333335,0
S00702,1,1,1,1,Desktop,Social,South,0.0,0
S00703,2,2,1,1,Desktop,Direct,West,2.533333333333333,0
S00704,2,2,1,1,Desktop,Direct,West,2.7666666666666666,0
S00705,3,3,2,1,Desktop,Email,North,2.533333333333333,1
S00706,3,3,1,1,Tablet,Social,Central,3.783333333333333,0
S00707,2,2,1,1,Desktop,Referral,North,2.95,0
S00708,4,3,1,2,Mobile,Paid Search,West,4.5,1
S00709,3,3,1,1,Desktop,Paid Search,East,3.283333333333333,0
S00710,3,2,2,2,Mobile,Referral,South,4.6,0
S00711,3,3,1,1,Mobile,Organic Search,North,4.266666666666667,0
S00712,3,3,1,1,Mobile,Organic Search,North,4.4,1
S00713,1,1,1,1,Mobile,Paid Search,West,0.0,0
S00714,2,2,2,1,Mobile,Social,East,2.8666666666666667,0
S00715,5,5,2,1,Desktop,Social,North,3.9166666666666665,1
S00716,3,3,2,1,Tablet,Direct,North,4.3,0
S00717,4,4,1,1,Mobile,Organic Search,North,4.366666666666666,0
S00718,1,1,1,1,Tablet,Email,West,0.0,0
S00719,3,2,1,2,Desktop,Organic Search,West,2.1,0
S00720,3,3,1,1,Mobile,Direct,North,3.8833333333333333,0
S00721,4,4,1,1,Tablet,Social,East,4.916666666666667,0
S00722,2,2,1,1,Desktop,Organic Search,North,2.933333333333333,0
S00723,3,3,2,1,Desktop,Social,Central,4.816666666666666,0
S00724,3,3,1,1,Mobile,Direct,Central,3.4,0
S00725,3,3,2,1,Mobile,Paid Search,West,3.7,1
S00726,4,3,1,2,Mobile,Organic Search,Central,4.566666666666666,0
S00727,3,3,1,1,Desktop,Direct,Central,4.3,0
S00728,2,2,1,1,Mobile,Organic Search,Central,2.033333333333333,0
S00729,3,2,1,2,Desktop,Referral,East,4.566666666666666,0
S00730,3,3,1,1,Desktop,Social,South,1.5833333333333333,0
S00731,2,2,1,1,Desktop,Email,South,0.36666666666666664,0
S00732,2,2,1,1,Mobile,Organic Search,South,1.15,0
S00733,3,3,1,1,Mobile,Referral,West,1.4166666666666667,0
S00734,3,3,2,1,Mobile,Direct,North,2.683333333333333,0
S00735,2,2,1,1,Desktop,Organic Search,South,0.75,0
S00736,3,3,2,1,Mobile,Paid Search,East,4.883333333333334,0
S00737,3,3,1,1,Mobile,Referral,South,4.633333333333334,0
S00738,3,3,2,1,Mobile,Organic Search,East,3.033333333333333,0
S00739,5,5,2,1,Mobile,Organic Search,Central,3.9,0
S00740,4,4,1,1,Mobile,Referral,West,3.5833333333333335,0
S00741,3,2,1,2,Mobile,Organic Search,West,3.933333333333333,0
S00742,1,1,1,1,Desktop,Organic Search,East,0.0,0
S00743,3,3,2,1,Mobile,Paid Search,East,3.0,0
S00744,4,4,2,1,Mobile,Social,North,3.8833333333333333,0
S00745,4,3,1,2,Desktop,Email,Central,2.8333333333333335,0
S00746,3,3,2,1,Tablet,Referral,South,2.2666666666666666,0
S00747,2,2,1,1,Mobile,Paid Search,North,0.35,0
S00748,5,5,3,1,Mobile,Organic Search,West,4.85,0
S00749,4,4,2,1,Tablet,Referral,North,4.466666666666667,0
S00750,3,3,1,1,Mobile,Direct,South,5.0,0
S00751,4,4,1,1,Desktop,Direct,North,4.516666666666667,0
S00752,2,2,2,1,Tablet,Paid Search,North,0.5333333333333333,0
S00753,3,3,1,1,Mobile,Direct,North,3.65,0
S00754,3,3,2,1,Desktop,Organic Search,North,4.833333333333333,1
S00755,3,3,1,1,Desktop,Organic Search,West,4.316666666666666,0
S00756,3,3,1,1,Mobile,Email,Central,3.85,1
S00757,3,3,1,1,Mobile,Social,South,2.55,0
S00758,4,3,2,2,Mobile,Paid Search,Central,4.166666666666667,1
S00759,4,4,2,1,Tablet,Referral,South,4.866666666666666,0
S00760,3,3,2,1,Mobile,Direct,South,2.3666666666666667,0
S00761,6,5,2,2,Desktop,Direct,North,4.083333333333333,0
S00762,3,3,1,1,Desktop,Organic Search,West,1.95,0
S00763,2,2,1,1,Desktop,Organic Search,East,2.5166666666666666,0
S00764,2,1,1,2,Mobile,Direct,West,1.6166666666666667,0
S00765,3,3,2,1,Desktop,Social,West,4.05,0
S00766,5,5,2,1,Mobile,Referral,East,4.266666666666667,0
S00767,3,3,1,1,Mobile,Referral,West,3.716666666666667,0
S00768,5,5,2,1,Mobile,Organic Search,Central,4.716666666666667,0
S00769,3,3,2,1,Desktop,Referral,South,3.433333333333333,0
S00770,3,3,2,1,Mobile,Direct,South,3.1333333333333333,0
S00771,4,4,2,1,Desktop,Organic Search,West,4.05,0
S00772,2,2,1,1,Mobile,Social,West,2.216666666666667,0
S00773,3,3,1,1,Desktop,Paid Search,North,3.35,0
S00774,4,3,1,2,Mobile,Organic Search,South,4.933333333333334,0
S00775,4,4,1,1,Mobile,Direct,East,2.066666666666667,0
S00776,3,3,1,1,Desktop,Direct,East,1.5333333333333334,0
S00777,5,5,3,1,Desktop,Social,North,4.75,0
S00778,3,3,1,1,Mobile,Email,Central,4.35,0
S00779,3,1,1,3,Mobile,Referral,West,3.816666666666667,0
S00780,3,3,1,1,Mobile,Organic Search,East,2.9,0
S00781,3,3,1,1,Mobile,Direct,West,3.8,1
S00782,1,1,1,1,Mobile,Email,Central,0.0,0
S00783,4,4,1,1,Desktop,Email,North,3.25,0
S00784,2,2,2,1,Desktop,Direct,South,1.8166666666666667,0
S00785,2,2,1,1,Desktop,Social,East,1.0833333333333333,0
S00786,2,2,1,1,Tablet,Social,West,2.4166666666666665,0
S00787,3,3,1,1,Mobile,Referral,North,2.5833333333333335,0
S00788,4,4,1,1,Mobile,Social,Central,4.6,0
S00789,2,2,1,1,Mobile,Social,East,1.75,0
S00790,3,3,1,1,Tablet,Paid Search,South,4.516666666666667,0
S00791,3,2,1,2,Desktop,Social,South,3.3833333333333333,0
S00792,3,3,1,1,Mobile,Direct,North,2.966666666666667,0
S00793,4,4,2,1,Mobile,Direct,West,3.8333333333333335,0
S00794,4,4,1,1,Mobile,Direct,Central,4.633333333333334,0
S00795,3,2,1,2,Desktop,Email,East,4.016666666666667,0
S00796,2,2,1,1,Mobile,Direct,Central,2.6666666666666665,1
S00797,2,2,1,1,Tablet,Referral,Central,2.8666666666666667,0
S00798,3,1,1,3,Mobile,Direct,East,3.7333333333333334,0
S00799,3,3,1,1,Mobile,Organic Search,West,3.3833333333333333,0
S00800,2,2,1,1,Tablet,Email,East,0.5,0
S00801,2,2,2,1,Mobile,Organic Search,East,0.5166666666666667,0
S00802,3,2,1,2,Desktop,Organic Search,North,3.283333333333333,1
S00803,3,3,2,1,Mobile,Organic Search,West,1.2833333333333334,0
S00804,3,3,1,1,Mobile,Email,North,3.8666666666666667,0
S00805,1,1,1,1,Mobile,Email,Central,0.0,0
S00806,2,2,1,1,Mobile,Social,Central,0.5666666666666667,0
S00807,4,4,2,1,Tablet,Social,South,4.383333333333334,0
S00808,1,1,1,1,Tablet,Direct,South,0.0,0
S00809,2,2,1,1,Mobile,Direct,East,2.283333333333333,0
S00810,3,2,2,2,Desktop,Direct,East,4.566666666666666,0
S00811,5,5,1,1,Tablet,Social,South,4.866666666666666,0
S00812,2,2,1,1,Mobile,Organic Search,East,1.3166666666666667,0
S00813,3,3,2,1,Desktop,Organic Search,South,3.216666666666667,0
S00814,2,2,1,1,Tablet,Social,North,2.466666666666667,0
S00815,3,3,1,1,Mobile,Email,North,3.65,0
S00816,3,3,1,1,Mobile,Organic Search,North,1.5,0
S00817,3,3,2,1,Mobile,Organic Search,West,4.533333333333333,0
S00818,3,3,1,1,Mobile,Referral,Central,4.1,0
S00819,3,3,2,1,Desktop,Social,East,4.133333333333334,0
S00820,2,2,1,1,Desktop,Paid Search,East,2.783333333333333,0
S00821,4,4,2,1,Mobile,Email,North,4.966666666666667,1
S00822,4,3,2,2,Desktop,Email,East,4.15,1
S00823,3,3,1,1,Desktop,Referral,North,3.6,0
S00824,5,5,2,1,Mobile,Referral,West,4.683333333333334,1
S00825,2,2,1,1,Mobile,Organic Search,Central,2.716666666666667,0
S00826,2,2,2,1,Tablet,Social,North,2.85,0
S00827,2,2,1,1,Desktop,Organic Search,West,2.7,0
S00828,2,1,1,2,Desktop,Organic Search,North,1.7166666666666666,0
S00829,3,3,1,1,Mobile,Paid Search,South,3.65,0
S00830,4,4,1,1,Mobile,Direct,North,4.266666666666667,1
S00831,3,3,1,1,Desktop,Referral,South,1.95,0
S00832,3,3,1,1,Mobile,Organic Search,North,4.133333333333334,0
S00833,3,3,2,1,Desktop,Email,South,4.333333333333333,0
S00834,2,2,2,1,Desktop,Referral,East,0.4,0
S00835,2,2,2,1,Mobile,Referral,South,2.8,0
S00836,3,3,2,1,Mobile,Organic Search,West,3.95,0
S00837,3,3,1,1,Tablet,Direct,Central,3.716666666666667,0
S00838,2,2,1,1,Mobile,Paid Search,East,2.1,0
S00839,4,4,1,1,Mobile,Organic Search,North,4.983333333333333,0
S00840,5,5,2,1,Mobile,Referral,South,4.933333333333334,1
S00841,3,3,2,1,Desktop,Referral,Central,1.5333333333333334,0
S00842,4,4,1,1,Mobile,Organic Search,East,4.866666666666666,0
S00843,2,2,1,1,Desktop,Organic Search,East,1.5166666666666666,0
S00844,3,2,2,2,Tablet,Organic Search,North,3.7,0
S00845,3,3,2,1,Desktop,Referral,East,3.8,0
S00846,4,4,1,1,Mobile,Organic Search,South,4.3,0
S00847,4,3,1,2,Desktop,Direct,Central,4.283333333333333,0
S00848,3,3,1,1,Tablet,Email,Central,4.65,0
S00849,2,2,1,1,Mobile,Paid Search,North,0.8333333333333334,0
S00850,2,2,1,1,Mobile,Organic Search,East,1.5833333333333333,0
S00851,3,3,1,1,Desktop,Organic Search,South,1.2666666666666666,0
S00852,4,4,2,1,Mobile,Referral,East,4.066666666666666,0
S00853,3,3,1,1,Desktop,Referral,Central,2.3666666666666667,0
S00854,2,2,2,1,Tablet,Social,East,0.8333333333333334,0
S00855,4,3,1,2,Desktop,Organic Search,South,3.6166666666666667,0
S00856,2,2,1,1,Desktop,Direct,South,0.9166666666666666,0
S00857,3,3,1,1,Desktop,Paid Search,Central,4.683333333333334,0
S00858,3,3,1,1,Mobile,Direct,West,3.9166666666666665,1
S00859,3,3,1,1,Mobile,Referral,East,3.35,0
S00860,2,2,1,1,Desktop,Paid Search,South,0.9166666666666666,0
S00861,2,2,2,1,Mobile,Organic Search,South,1.3333333333333333,0
S00862,3,3,2,1,Mobile,Referral,Central,2.7666666666666666,0
S00863,4,3,2,2,Mobile,Referral,East,4.566666666666666,0
S00864,3,3,2,1,Mobile,Organic Search,East,4.8,1
S00865,3,3,1,1,Mobile,Paid Search,East,4.05,0
S00866,3,3,2,1,Mobile,Direct,West,3.2333333333333334,0
S00867,5,5,1,1,Desktop,Direct,South,4.933333333333334,1
S00868,1,1,1,1,Desktop,Organic Search,North,0.0,0
S00869,2,2,2,1,Mobile,Paid Search,East,1.4166666666666667,0
S00870,3,3,1,1,Tablet,Referral,West,4.133333333333334,1
S00871,3,3,2,1,Mobile,Email,West,3.3333333333333335,0
S00872,1,1,1,1,Desktop,Organic Search,Central,0.0,0
S00873,3,3,3,1,Mobile,Paid Search,South,1.5833333333333333,0
S00874,2,2,1,1,Mobile,Direct,North,0.43333333333333335,0
S00875,2,2,2,1,Desktop,Social,Central,2.9,0
S00876,3,3,2,1,Desktop,Email,East,4.5,0
S00877,3,3,2,1,Mobile,Organic Search,West,3.6666666666666665,0
S00878,2,1,1,2,Mobile,Organic Search,West,1.5666666666666667,0
S00879,1,1,1,1,Desktop,Social,East,0.0,0
S00880,3,3,1,1,Desktop,Direct,South,2.9166666666666665,0
S00881,3,3,3,1,Desktop,Social,West,4.45,0
S00882,3,3,1,1,Mobile,Organic Search,Central,3.65,0
S00883,2,2,1,1,Desktop,Direct,East,2.966666666666667,0
S00884,5,5,3,1,Desktop,Email,East,4.233333333333333,0
S00885,2,1,1,2,Mobile,Referral,North,2.6166666666666667,0
S00886,1,1,1,1,Desktop,Referral,North,0.0,0
S00887,4,3,1,2,Mobile,Organic Search,South,4.766666666666667,0
S00888,4,3,2,2,Desktop,Direct,South,3.7333333333333334,0
S00889,4,4,2,1,Desktop,Organic Search,Central,4.983333333333333,0
S00890,2,2,1,1,Desktop,Email,West,1.3833333333333333,0
S00891,1,1,1,1,Mobile,Email,West,0.0,0
S00892,3,3,1,1,Mobile,Referral,East,4.016666666666667,0
S00893,3,2,1,2,Mobile,Referral,North,4.2,1
S00894,3,3,1,1,Mobile,Direct,Central,4.566666666666666,0
S00895,4,4,2,1,Mobile,Email,South,4.75,0
S00896,2,2,1,1,Desktop,Referral,North,0.9666666666666667,0
S00897,3,3,2,1,Desktop,Social,East,3.9833333333333334,0
S00898,3,3,2,1,Tablet,Organic Search,Central,4.15,0
S00899,1,1,1,1,Desktop,Direct,Central,0.0,0
S00900,3,3,1,1,Desktop,Direct,North,4.833333333333333,0
S00901,5,5,2,1,Desktop,Organic Search,Central,3.6333333333333333,0
S00902,1,1,1,1,Desktop,Organic Search,South,0.0,0
S00903,5,5,1,1,Desktop,Organic Search,North,4.85,0
S00904,1,1,1,1,Mobile,Paid Search,Central,0.0,0
S00905,4,2,1,3,Mobile,Direct,Central,4.8,1
S00906,3,3,1,1,Tablet,Organic Search,East,3.0833333333333335,0
S00907,3,3,1,1,Mobile,Organic Search,East,4.0,0
S00908,2,2,1,1,Desktop,Social,Central,1.3333333333333333,0
S00909,4,4,1,1,Desktop,Social,West,3.5166666666666666,0
S00910,2,2,1,1,Mobile,Email,Central,2.7,1
S00911,1,1,1,1,Mobile,Direct,East,0.0,0
S00912,3,3,2,1,Desktop,Referral,Central,2.9,0
S00913,3,3,2,1,Mobile,Organic Search,Central,3.0166666666666666,0
S00914,6,6,1,1,Mobile,Organic Search,North,4.733333333333333,0
S00915,3,2,2,2,Mobile,Direct,Central,1.6333333333333333,0
S00916,3,3,1,1,Mobile,Organic Search,East,3.0,0
S00917,3,3,2,1,Desktop,Direct,South,1.6,0
S00918,3,3,3,1,Tablet,Referral,West,3.433333333333333,0
S00919,3,3,1,1,Mobile,Paid Search,North,3.6666666666666665,0
S00920,4,3,1,2,Desktop,Direct,East,4.416666666666667,1
S00921,3,3,3,1,Mobile,Referral,Central,4.033333333333333,0
S00922,3,3,2,1,Mobile,Organic Search,South,3.85,0
S00923,4,4,2,1,Tablet,Organic Search,East,4.733333333333333,0
S00924,1,1,1,1,Mobile,Paid Search,Central,0.0,0
S00925,3,3,1,1,Mobile,Paid Search,East,4.383333333333334,0
S00926,3,3,1,1,Desktop,Organic Search,South,3.5166666666666666,1
S00927,4,4,2,1,Desktop,Direct,East,4.816666666666666,0
S00928,5,5,2,1,Mobile,Paid Search,East,4.7,0
S00929,1,1,1,1,Mobile,Paid Search,West,0.0,0
S00930,3,3,1,1,Desktop,Paid Search,Central,5.0,0
S00931,1,1,1,1,Desktop,Direct,East,0.0,0
S00932,3,3,1,1,Mobile,Organic Search,Central,4.866666666666666,0
S00933,4,4,1,1,Tablet,Direct,East,4.683333333333334,0
S00934,2,2,1,1,Mobile,Organic Search,South,1.5333333333333334,0
S00935,4,4,2,1,Desktop,Referral,West,3.7,0
S00936,4,4,2,1,Desktop,Email,West,3.3666666666666667,0
S00937,3,3,1,1,Desktop,Direct,East,1.7666666666666666,0
S00938,1,1,1,1,Tablet,Social,North,0.0,0
S00939,2,2,1,1,Desktop,Email,North,0.6166666666666667,0
S00940,3,3,1,1,Mobile,Direct,South,2.5833333333333335,0
S00941,2,2,1,1,Desktop,Social,South,2.4833333333333334,0
S00942,3,3,1,1,Mobile,Social,West,1.8833333333333333,0
S00943,3,3,1,1,Mobile,Paid Search,North,1.9833333333333334,0
S00944,3,3,1,1,Mobile,Organic Search,West,2.9,0
S00945,2,2,1,1,Desktop,Paid Search,South,2.3333333333333335,0
S00946,2,2,1,1,Desktop,Social,South,2.533333333333333,0
S00947,3,3,2,1,Desktop,Organic Search,East,4.3,0
S00948,4,4,2,1,Tablet,Organic Search,South,4.733333333333333,0
S00949,3,3,2,1,Mobile,Referral,Central,4.1,0
S00950,3,3,2,1,Mobile,Organic Search,North,3.716666666666667,1
S00951,3,3,1,1,Mobile,Social,East,3.966666666666667,0
S00952,2,2,2,1,Mobile,Email,Central,0.35,0
S00953,2,2,2,1,Desktop,Email,West,2.6666666666666665,0
S00954,2,1,1,2,Tablet,Organic Search,South,2.65,1
S00955,3,3,2,1,Mobile,Social,East,3.183333333333333,0
S00956,3,3,1,1,Mobile,Direct,West,4.133333333333334,0
S00957,2,2,1,1,Mobile,Paid Search,Central,1.75,0
S00958,3,3,1,1,Desktop,Paid Search,Central,2.7,0
S00959,1,1,1,1,Desktop,Paid Search,South,0.0,0
S00960,2,2,1,1,Mobile,Referral,Central,0.8,0
S00961,3,3,1,1,Desktop,Paid Search,North,4.633333333333334,0
S00962,1,1,1,1,Mobile,Direct,North,0.0,0
S00963,3,3,1,1,Desktop,Referral,Central,3.566666666666667,1
S00964,3,3,1,1,Mobile,Paid Search,North,2.2333333333333334,0
S00965,4,3,1,2,Desktop,Direct,North,3.2,0
S00966,3,3,1,1,Desktop,Organic Search,South,4.633333333333334,0
S00967,4,3,1,2,Mobile,Social,East,4.683333333333334,0
S00968,3,3,1,1,Desktop,Direct,West,4.7,0
S00969,3,3,2,1,Mobile,Paid Search,West,1.2833333333333334,0
S00970,3,3,2,1,Mobile,Email,South,4.3,0
S00971,4,4,1,1,Mobile,Organic Search,East,3.716666666666667,0
S00972,3,3,2,1,Tablet,Paid Search,Central,3.5166666666666666,0
S00973,1,1,1,1,Mobile,Organic Search,Central,0.0,0
S00974,4,2,1,3,Desktop,Direct,South,3.433333333333333,1
S00975,3,3,2,1,Desktop,Paid Search,Central,4.3,0
S00976,3,3,2,1,Desktop,Email,West,4.166666666666667,0
S00977,3,3,1,1,Mobile,Social,North,4.85,1
S00978,3,3,2,1,Desktop,Social,North,3.45,0
S00979,3,3,1,1,Mobile,Social,North,4.766666666666667,0
S00980,3,3,2,1,Mobile,Organic Search,West,3.3,0
S00981,3,3,1,1,Desktop,Organic Search,North,4.3,0
S00982,2,2,1,1,Mobile,Paid Search,East,1.1333333333333333,0
S00983,4,4,3,1,Desktop,Referral,North,4.416666666666667,0
S00984,4,4,2,1,Desktop,Social,Central,3.783333333333333,0
S00985,3,3,1,1,Mobile,Social,South,2.55,0
S00986,4,4,3,1,Mobile,Direct,Central,4.966666666666667,1
S00987,4,4,1,1,Mobile,Direct,Central,2.95,0
S00988,3,3,1,1,Mobile,Email,North,3.183333333333333,0
S00989,2,2,2,1,Desktop,Organic Search,East,2.4,0
S00990,3,2,1,2,Mobile,Organic Search,North,4.45,0
S00991,3,3,2,1,Mobile,Referral,Central,3.066666666666667,0
S00992,3,3,2,1,Mobile,Organic Search,East,4.15,0
S00993,3,3,1,1,Desktop,Organic Search,North,3.85,0
S00994,2,2,1,1,Mobile,Organic Search,North,1.2666666666666666,0
S00995,3,3,1,1,Mobile,Referral,South,3.9,0
S00996,2,1,1,2,Desktop,Paid Search,Central,3.6666666666666665,0
S00997,4,4,2,1,Tablet,Paid Search,West,4.933333333333334,0
S00998,3,2,1,2,Desktop,Referral,Central,3.4833333333333334,0
S00999,3,3,1,1,Tablet,Direct,South,4.133333333333334,0
S01000,1,1,1,1,Mobile,Paid Search,North,0.0,0
S01001,4,4,1,1,Desktop,Organic Search,Central,4.566666666666666,0
S01002,5,5,1,1,Mobile,Organic Search,North,3.3666666666666667,0
S01003,2,1,1,2,Mobile,Social,Central,2.3,0
S01004,3,3,3,1,Mobile,Social,South,4.45,0
S01005,3,2,1,2,Mobile,Direct,North,1.7833333333333334,0
S01006,3,3,2,1,Mobile,Direct,West,2.85,0
S01007,3,3,2,1,Mobile,Paid Search,Central,3.45,1
S01008,3,3,1,1,Mobile,Organic Search,Central,4.366666666666666,0
S01009,4,4,2,1,Desktop,Organic Search,North,4.816666666666666,1
S01010,4,4,2,1,Mobile,Organic Search,North,4.9,1
S01011,3,3,2,1,Desktop,Direct,East,2.466666666666667,0
S01012,3,3,1,1,Tablet,Social,West,4.266666666666667,0
S01013,2,2,1,1,Tablet,Direct,West,1.65,0
S01014,2,2,1,1,Desktop,Organic Search,North,2.9833333333333334,0
S01015,1,1,1,1,Mobile,Email,Central,0.0,0
S01016,5,3,1,3,Tablet,Social,West,4.45,1
S01017,5,4,2,2,Desktop,Organic Search,Central,4.5,0
S01018,3,3,2,1,Mobile,Organic Search,East,3.4166666666666665,0
S01019,2,2,2,1,Tablet,Direct,East,2.7333333333333334,0
S01020,3,3,2,1,Desktop,Social,Central,3.65,0
S01021,3,3,1,1,Mobile,Paid Search,East,4.316666666666666,0
S01022,4,3,1,2,Desktop,Social,Central,3.283333333333333,0
S01023,3,2,1,2,Tablet,Referral,Central,4.416666666666667,0
S01024,3,3,1,1,Tablet,Social,West,3.033333333333333,0
S01025,3,3,2,1,Tablet,Paid Search,East,3.15,0
S01026,4,4,2,1,Mobile,Email,North,4.766666666666667,0
S01027,2,2,1,1,Mobile,Organic Search,North,2.1166666666666667,0
S01028,3,3,1,1,Mobile,Referral,South,4.183333333333334,0
S01029,3,3,1,1,Desktop,Direct,North,4.8,1
S01030,4,4,1,1,Mobile,Organic Search,South,4.45,0
S01031,6,6,2,1,Desktop,Paid Search,South,4.716666666666667,0
S01032,3,3,1,1,Mobile,Direct,South,4.216666666666667,0
S01033,3,2,1,2,Desktop,Paid Search,East,3.65,0
S01034,4,3,3,2,Desktop,Paid Search,North,4.983333333333333,0
S01035,3,3,1,1,Desktop,Email,North,3.8666666666666667,0
S01036,3,3,1,1,Mobile,Social,West,3.183333333333333,0
S01037,2,2,2,1,Desktop,Direct,East,2.1666666666666665,0
S01038,3,3,2,1,Mobile,Email,East,3.9,1
S01039,2,2,1,1,Desktop,Paid Search,West,2.7,0
S01040,3,3,1,1,Desktop,Paid Search,Central,3.433333333333333,0
S01041,3,3,1,1,Mobile,Social,East,4.266666666666667,0
S01042,3,3,2,1,Mobile,Direct,West,4.616666666666666,0
S01043,4,4,1,1,Desktop,Paid Search,Central,4.15,0
S01044,2,2,2,1,Mobile,Organic Search,Central,2.35,0
S01045,3,3,1,1,Tablet,Referral,East,4.316666666666666,0
S01046,3,3,1,1,Mobile,Direct,West,3.8833333333333333,0
S01047,4,4,2,1,Desktop,Social,North,3.683333333333333,0
S01048,3,3,1,1,Desktop,Organic Search,East,3.933333333333333,0
S01049,4,4,2,1,Mobile,Organic Search,Central,2.8666666666666667,0
S01050,4,4,1,1,Desktop,Email,East,4.933333333333334,0
S01051,4,4,2,1,Mobile,Social,Central,4.7,0
S01052,3,3,2,1,Mobile,Email,East,4.716666666666667,0
S01053,2,2,1,1,Tablet,Referral,Central,0.5666666666666667,0
S01054,2,2,1,1,Mobile,Email,East,1.1666666666666667,0
S01055,5,5,1,1,Tablet,Email,North,4.783333333333333,0
S01056,3,3,1,1,Desktop,Organic Search,East,2.65,0
S01057,4,3,3,2,Mobile,Social,South,4.516666666666667,0
S01058,3,3,1,1,Mobile,Organic Search,North,3.4,0
S01059,3,3,2,1,Mobile,Referral,Central,5.0,0
S01060,4,4,1,1,Mobile,Referral,South,4.833333333333333,0
S01061,2,2,1,1,Mobile,Referral,West,1.2833333333333334,0
S01062,3,3,1,1,Tablet,Email,South,4.316666666666666,0
S01063,2,2,1,1,Mobile,Paid Search,North,1.9833333333333334,0
S01064,3,3,2,1,Mobile,Social,Central,3.7,0
S01065,2,2,1,1,Mobile,Organic Search,South,1.5166666666666666,0
S01066,3,3,2,1,Mobile,Paid Search,West,3.85,0
S01067,4,4,1,1,Desktop,Organic Search,West,2.7333333333333334,0
S01068,4,4,2,1,Desktop,Email,East,4.016666666666667,1
S01069,2,2,2,1,Desktop,Organic Search,Central,2.683333333333333,0
S01070,1,1,1,1,Desktop,Organic Search,West,0.0,0
S01071,2,2,2,1,Desktop,Direct,East,2.7,0
S01072,3,3,1,1,Desktop,Email,Central,2.7666666666666666,0
S01073,1,1,1,1,Desktop,Paid Search,North,0.0,0
S01074,2,2,1,1,Desktop,Organic Search,East,2.6166666666666667,0
S01075,4,4,2,1,Tablet,Email,Central,4.4,0
S01076,3,3,2,1,Mobile,Organic Search,West,3.45,0
S01077,5,4,2,2,Mobile,Paid Search,Central,2.933333333333333,0
S01078,3,3,3,1,Mobile,Paid Search,West,4.3,0
S01079,2,2,1,1,Desktop,Paid Search,Central,2.3333333333333335,0
S01080,3,3,2,1,Tablet,Social,Central,1.7166666666666666,0
S01081,5,5,2,1,Mobile,Direct,South,4.566666666666666,0
S01082,1,1,1,1,Desktop,Social,North,0.0,0
S01083,3,3,2,1,Mobile,Email,East,3.8833333333333333,0
S01084,4,4,1,1,Mobile,Email,West,4.216666666666667,0
S01085,2,2,1,1,Tablet,Paid Search,South,2.3,0
S01086,4,3,3,2,Mobile,Organic Search,North,4.633333333333334,0
S01087,3,3,2,1,Mobile,Paid Search,South,4.433333333333334,0
S01088,1,1,1,1,Desktop,Paid Search,Central,0.0,0
S01089,3,3,2,1,Tablet,Direct,West,3.683333333333333,0
S01090,4,4,2,1,Desktop,Organic Search,East,3.8333333333333335,0
S01091,3,3,1,1,Tablet,Organic Search,North,4.333333333333333,0
S01092,3,3,1,1,Mobile,Referral,South,3.9,1
S01093,7,7,2,1,Mobile,Paid Search,North,4.916666666666667,0
S01094,2,2,2,1,Mobile,Organic Search,North,0.38333333333333336,0
S01095,3,1,1,3,Desktop,Direct,Central,4.983333333333333,1
S01096,4,4,2,1,Desktop,Paid Search,Central,4.933333333333334,0
S01097,2,1,1,2,Desktop,Social,North,1.8666666666666667,1
S01098,4,4,2,1,Desktop,Organic Search,North,4.566666666666666,0
S01099,3,3,3,1,Mobile,Organic Search,South,4.516666666666667,1
S01100,2,2,1,1,Desktop,Referral,East,2.3,0
S01101,1,1,1,1,Desktop,Organic Search,South,0.0,0
S01102,3,3,2,1,Tablet,Organic Search,South,3.6166666666666667,0
S01103,3,2,2,2,Tablet,Referral,South,3.433333333333333,0
S01104,3,3,1,1,Tablet,Paid Search,West,3.6,0
S01105,4,4,1,1,Tablet,Direct,West,4.15,0
S01106,1,1,1,1,Desktop,Organic Search,West,0.0,0
S01107,4,4,1,1,Mobile,Organic Search,South,4.65,0
S01108,3,3,1,1,Mobile,Organic Search,Central,2.8833333333333333,0
S01109,2,2,1,1,Mobile,Referral,Central,0.7833333333333333,0
S01110,3,3,1,1,Desktop,Direct,North,1.2666666666666666,0
S01111,2,2,1,1,Mobile,Social,South,2.4166666666666665,0
S01112,3,3,2,1,Desktop,Referral,East,4.916666666666667,0
S01113,2,2,1,1,Desktop,Direct,North,1.5833333333333333,0
S01114,3,3,3,1,Mobile,Organic Search,East,3.3833333333333333,0
S01115,3,3,1,1,Mobile,Email,East,4.566666666666666,1
S01116,2,2,2,1,Mobile,Referral,East,0.8333333333333334,0
S01117,3,2,1,2,Desktop,Social,South,1.5,0
S01118,4,2,1,3,Mobile,Organic Search,East,5.0,1
S01119,3,3,2,1,Desktop,Paid Search,Central,4.183333333333334,1
S01120,3,3,1,1,Desktop,Paid Search,South,4.15,0
S01121,2,2,2,1,Tablet,Referral,West,2.3666666666666667,0
S01122,3,3,1,1,Tablet,Organic Search,North,2.1333333333333333,0
S01123,2,2,1,1,Mobile,Paid Search,North,2.1,0
S01124,2,2,2,1,Mobile,Social,East,1.5666666666666667,0
S01125,2,2,1,1,Mobile,Direct,North,2.4833333333333334,0
S01126,1,1,1,1,Mobile,Email,North,0.0,0
S01127,3,2,1,2,Desktop,Organic Search,North,4.9,0
S01128,3,3,1,1,Mobile,Direct,East,3.9166666666666665,0
S01129,2,2,2,1,Mobile,Direct,West,1.7166666666666666,0
S01130,3,3,1,1,Desktop,Referral,South,4.483333333333333,0
S01131,3,3,2,1,Mobile,Direct,West,3.1166666666666667,0
S01132,2,2,1,1,Mobile,Email,North,2.2333333333333334,0
S01133,3,3,2,1,Desktop,Paid Search,West,3.95,1
S01134,2,2,2,1,Desktop,Organic Search,East,0.36666666666666664,0
S01135,4,4,2,1,Mobile,Email,West,4.516666666666667,0
S01136,2,2,1,1,Desktop,Social,Central,2.05,0
S01137,3,3,1,1,Mobile,Social,Central,1.8833333333333333,0
S01138,2,2,1,1,Mobile,Paid Search,North,2.0,0
S01139,2,2,1,1,Mobile,Paid Search,Central,0.8,0
S01140,5,5,3,1,Mobile,Organic Search,North,3.6166666666666667,0
S01141,3,3,2,1,Mobile,Referral,Central,3.35,0
S01142,2,2,1,1,Desktop,Organic Search,South,0.43333333333333335,0
S01143,2,2,1,1,Mobile,Social,South,1.1833333333333333,0
S01144,4,4,2,1,Mobile,Direct,North,4.75,0
S01145,1,1,1,1,Desktop,Referral,North,0.0,0
S01146,2,2,1,1,Mobile,Social,West,2.55,0
S01147,3,3,2,1,Mobile,Social,Central,1.7166666666666666,0
S01148,4,4,2,1,Mobile,Organic Search,West,4.45,0
S01149,4,4,1,1,Mobile,Email,West,4.133333333333334,1
S01150,1,1,1,1,Mobile,Paid Search,West,0.0,0
S01151,6,6,1,1,Mobile,Social,South,4.783333333333333,0
S01152,2,2,2,1,Mobile,Organic Search,North,2.816666666666667,0
S01153,4,4,3,1,Mobile,Referral,North,4.883333333333334,0
S01154,4,4,1,1,Mobile,Referral,South,4.383333333333334,0
S01155,3,3,2,1,Mobile,Direct,South,4.283333333333333,1
S01156,3,3,2,1,Mobile,Social,North,3.7,0
S01157,4,4,1,1,Desktop,Email,North,4.983333333333333,1
S01158,4,4,2,1,Tablet,Email,North,1.4166666666666667,0
S01159,4,4,1,1,Mobile,Direct,Central,4.216666666666667,0
S01160,3,3,1,1,Desktop,Paid Search,North,4.35,0
S01161,3,3,1,1,Mobile,Social,East,4.416666666666667,0
S01162,2,2,1,1,Desktop,Direct,East,2.6,1
S01163,2,2,1,1,Desktop,Paid Search,East,1.45,0
S01164,4,4,1,1,Mobile,Paid Search,North,4.283333333333333,0
S01165,3,3,1,1,Desktop,Social,South,2.4166666666666665,0
S01166,1,1,1,1,Mobile,Organic Search,North,0.0,0
S01167,4,3,1,2,Mobile,Social,South,3.6666666666666665,0
S01168,1,1,1,1,Mobile,Email,North,0.0,0
S01169,2,2,1,1,Desktop,Direct,East,0.43333333333333335,0
S01170,3,3,1,1,Desktop,Organic Search,West,3.3333333333333335,1
S01171,1,1,1,1,Mobile,Email,East,0.0,0
S01172,4,4,3,1,Tablet,Referral,East,4.166666666666667,0
S01173,2,2,1,1,Mobile,Direct,South,2.8333333333333335,0
S01174,4,4,2,1,Desktop,Social,Central,4.783333333333333,0
S01175,2,2,2,1,Mobile,Organic Search,South,0.6333333333333333,0
S01176,2,2,1,1,Mobile,Email,West,1.6666666666666667,0
S01177,2,2,2,1,Mobile,Referral,West,0.8666666666666667,0
S01178,2,2,1,1,Desktop,Social,East,2.3666666666666667,0
S01179,3,3,1,1,Mobile,Organic Search,South,4.816666666666666,0
S01180,4,4,1,1,Mobile,Email,East,4.966666666666667,0
S01181,2,2,1,1,Tablet,Organic Search,North,2.0166666666666666,0
S01182,3,3,2,1,Desktop,Direct,North,3.4833333333333334,1
S01183,2,2,2,1,Mobile,Social,North,1.4666666666666666,0
S01184,1,1,1,1,Tablet,Social,North,0.0,0
S01185,3,3,2,1,Desktop,Organic Search,East,4.383333333333334,1
S01186,4,4,1,1,Tablet,Referral,Central,4.766666666666667,0
S01187,4,4,1,1,Mobile,Paid Search,South,4.15,0
S01188,2,2,1,1,Desktop,Direct,Central,0.7666666666666667,0
S01189,3,3,1,1,Desktop,Email,Central,4.1,0
S01190,4,3,1,2,Mobile,Paid Search,Central,3.2333333333333334,0
S01191,2,1,1,2,Desktop,Paid Search,Central,2.4833333333333334,1
S01192,4,4,1,1,Mobile,Email,South,3.566666666666667,0
S01193,3,2,2,2,Desktop,Email,North,2.2666666666666666,0
S01194,1,1,1,1,Mobile,Organic Search,East,0.0,0
S01195,4,4,3,1,Desktop,Social,East,4.0,0
S01196,4,4,2,1,Mobile,Paid Search,Central,1.8666666666666667,0
S01197,4,4,2,1,Tablet,Organic Search,Central,4.866666666666666,0
S01198,3,3,1,1,Tablet,Social,East,4.583333333333333,0
S01199,2,2,1,1,Mobile,Referral,South,1.0666666666666667,0
S01200,3,3,1,1,Desktop,Referral,North,4.283333333333333,0
S01201,3,3,2,1,Mobile,Direct,North,3.2333333333333334,0
S01202,2,2,1,1,Desktop,Organic Search,East,2.566666666666667,0
S01203,1,1,1,1,Desktop,Email,East,0.0,0
S01204,3,3,2,1,Desktop,Organic Search,Central,3.316666666666667,0
S01205,3,3,2,1,Mobile,Referral,East,2.3666666666666667,0
S01206,3,3,1,1,Mobile,Organic Search,Central,3.7666666666666666,0
S01207,1,1,1,1,Mobile,Direct,West,0.0,0
S01208,3,3,2,1,Mobile,Direct,Central,4.683333333333334,0
S01209,3,3,2,1,Desktop,Direct,North,3.433333333333333,0
S01210,2,2,1,1,Tablet,Social,Central,2.783333333333333,0
S01211,4,4,1,1,Mobile,Email,West,3.783333333333333,0
S01212,3,3,1,1,Mobile,Organic Search,North,2.75,0
S01213,3,3,1,1,Desktop,Direct,North,3.3833333333333333,0
S01214,2,2,1,1,Mobile,Email,Central,2.6666666666666665,0
S01215,3,3,1,1,Mobile,Organic Search,North,4.25,0
S01216,2,2,1,1,Desktop,Paid Search,East,1.85,0
S01217,3,3,1,1,Desktop,Paid Search,South,3.9833333333333334,0
S01218,4,3,1,2,Mobile,Social,West,4.916666666666667,0
S01219,2,2,2,1,Mobile,Referral,Central,0.8333333333333334,0
S01220,2,1,1,2,Desktop,Referral,South,2.4833333333333334,0
S01221,2,2,1,1,Tablet,Referral,East,2.0,0
S01222,5,4,2,2,Desktop,Organic Search,Central,3.6166666666666667,0
S01223,2,2,1,1,Mobile,Organic Search,West,1.4833333333333334,0
S01224,4,4,2,1,Tablet,Direct,Central,3.566666666666667,1
S01225,1,1,1,1,Mobile,Referral,East,0.0,0
S01226,2,2,2,1,Mobile,Referral,South,2.816666666666667,0
S01227,4,4,2,1,Mobile,Social,East,4.383333333333334,0
S01228,2,2,1,1,Desktop,Organic Search,West,2.933333333333333,0
S01229,3,3,3,1,Tablet,Referral,North,4.5,0
S01230,2,2,1,1,Mobile,Direct,South,0.48333333333333334,0
S01231,1,1,1,1,Tablet,Organic Search,North,0.0,0
S01232,3,3,2,1,Desktop,Email,East,2.25,0
S01233,2,2,2,1,Desktop,Organic Search,Central,2.4833333333333334,0
S01234,4,4,3,1,Desktop,Paid Search,North,4.416666666666667,0
S01235,2,2,1,1,Mobile,Direct,West,2.933333333333333,0
S01236,2,2,2,1,Mobile,Email,Central,2.8,0
S01237,3,3,2,1,Mobile,Paid Search,South,3.9166666666666665,0
S01238,3,3,1,1,Mobile,Social,West,3.6166666666666667,0
S01239,2,2,1,1,Tablet,Paid Search,Central,0.9333333333333333,0
S01240,3,3,1,1,Desktop,Email,Central,4.333333333333333,0
S01241,3,3,1,1,Mobile,Social,South,3.9166666666666665,0
S01242,3,3,1,1,Mobile,Referral,North,3.1166666666666667,0
S01243,2,2,2,1,Mobile,Organic Search,North,2.8833333333333333,0
S01244,1,1,1,1,Mobile,Paid Search,West,0.0,0
S01245,2,2,1,1,Mobile,Direct,West,1.3166666666666667,0
S01246,3,3,1,1,Mobile,Organic Search,West,4.05,0
S01247,3,3,1,1,Desktop,Paid Search,South,3.033333333333333,0
S01248,2,2,1,1,Desktop,Social,North,2.066666666666667,0
S01249,1,1,1,1,Tablet,Organic Search,East,0.0,0
S01250,2,2,1,1,Mobile,Social,East,2.55,0
S01251,3,3,2,1,Mobile,Social,West,2.533333333333333,0
S01252,3,2,1,2,Mobile,Referral,East,3.4166666666666665,0
S01253,3,2,1,2,Desktop,Direct,South,4.216666666666667,1
S01254,2,2,1,1,Desktop,Referral,South,1.95,0
S01255,2,2,1,1,Mobile,Direct,South,2.3,0
S01256,4,4,3,1,Mobile,Paid Search,South,3.3666666666666667,1
S01257,3,3,1,1,Desktop,Organic Search,North,4.916666666666667,0
S01258,5,3,2,3,Mobile,Organic Search,South,4.983333333333333,0
S01259,2,2,2,1,Desktop,Social,North,1.9,0
S01260,1,1,1,1,Mobile,Email,North,0.0,0
S01261,3,3,1,1,Desktop,Direct,West,4.45,0
S01262,2,2,2,1,Mobile,Organic Search,South,2.316666666666667,0
S01263,3,3,1,1,Desktop,Paid Search,West,1.3333333333333333,0
S01264,3,3,1,1,Mobile,Organic Search,West,4.2,0
S01265,2,2,1,1,Desktop,Social,East,0.48333333333333334,0
S01266,3,3,2,1,Desktop,Organic Search,Central,4.916666666666667,0
S01267,4,4,2,1,Mobile,Organic Search,North,3.6666666666666665,0
S01268,4,4,2,1,Mobile,Direct,West,4.05,1
S01269,3,3,1,1,Mobile,Email,Central,3.8,0
S01270,3,3,2,1,Desktop,Direct,Central,3.5,0
S01271,5,5,1,1,Mobile,Direct,North,3.683333333333333,0
S01272,2,2,1,1,Mobile,Referral,South,0.7,0
S01273,3,3,1,1,Mobile,Paid Search,North,3.05,0
S01274,3,3,1,1,Desktop,Organic Search,West,4.633333333333334,0
S01275,3,3,1,1,Mobile,Email,West,4.566666666666666,0
S01276,1,1,1,1,Desktop,Social,South,0.0,0
S01277,3,3,1,1,Desktop,Direct,East,2.7666666666666666,0
S01278,2,2,1,1,Tablet,Organic Search,West,1.4166666666666667,0
S01279,1,1,1,1,Desktop,Social,East,0.0,0
S01280,4,4,2,1,Mobile,Paid Search,Central,3.533333333333333,0
S01281,2,2,1,1,Mobile,Paid Search,West,2.95,0
S01282,3,3,2,1,Mobile,Organic Search,North,1.8,0
S01283,2,2,1,1,Mobile,Organic Search,West,0.7166666666666667,0
S01284,2,2,1,1,Desktop,Paid Search,South,0.8666666666666667,0
S01285,4,3,2,2,Desktop,Organic Search,East,2.183333333333333,0
S01286,2,2,2,1,Mobile,Email,Central,1.9833333333333334,0
S01287,2,2,1,1,Desktop,Paid Search,Central,2.85,0
S01288,4,3,1,2,Desktop,Direct,East,3.7333333333333334,0
S01289,1,1,1,1,Desktop,Referral,South,0.0,0
S01290,2,2,1,1,Desktop,Social,South,2.7666666666666666,0
S01291,3,3,1,1,Mobile,Social,East,2.6666666666666665,1
S01292,4,4,1,1,Desktop,Organic Search,North,4.066666666666666,0
S01293,3,3,1,1,Mobile,Organic Search,East,3.783333333333333,0
S01294,1,1,1,1,Mobile,Email,North,0.0,0
S01295,2,2,1,1,Mobile,Organic Search,South,2.6666666666666665,0
S01296,1,1,1,1,Desktop,Referral,South,0.0,0
S01297,2,2,1,1,Desktop,Organic Search,Central,1.5833333333333333,0
S01298,4,4,1,1,Desktop,Email,West,4.583333333333333,0
S01299,5,5,3,1,Mobile,Direct,South,4.8,0
S01300,4,4,2,1,Mobile,Paid Search,North,3.466666666666667,0
S01301,2,2,1,1,Desktop,Organic Search,East,1.0166666666666666,0
S01302,2,2,2,1,Tablet,Email,South,2.5166666666666666,0
S01303,4,4,2,1,Desktop,Direct,East,5.0,0
S01304,3,3,1,1,Mobile,Referral,Central,3.7,0
S01305,3,3,2,1,Mobile,Organic Search,West,4.633333333333334,0
S01306,3,3,1,1,Mobile,Referral,West,4.366666666666666,0
S01307,4,4,2,1,Mobile,Social,East,4.95,0
S01308,6,5,3,2,Mobile,Direct,Central,4.4,1
S01309,4,3,2,2,Desktop,Social,Central,2.3833333333333333,0
S01310,2,2,1,1,Mobile,Organic Search,East,1.5666666666666667,0
S01311,2,1,1,2,Desktop,Referral,South,2.433333333333333,0
S01312,2,2,1,1,Tablet,Email,East,2.75,1
S01313,4,4,2,1,Mobile,Direct,North,4.916666666666667,0
S01314,2,2,1,1,Mobile,Direct,West,0.8833333333333333,0
S01315,1,1,1,1,Mobile,Organic Search,East,0.0,0
S01316,3,3,2,1,Mobile,Referral,North,3.816666666666667,0
S01317,4,3,1,2,Mobile,Organic Search,North,4.4,0
S01318,3,3,2,1,Mobile,Paid Search,East,3.0833333333333335,0
S01319,4,3,2,2,Desktop,Email,Central,4.45,0
S01320,4,4,1,1,Desktop,Referral,East,4.366666666666666,0
S01321,3,3,1,1,Desktop,Organic Search,West,2.65,0
S01322,2,2,1,1,Desktop,Paid Search,South,1.8666666666666667,0
S01323,4,4,2,1,Mobile,Email,East,3.75,1
S01324,3,3,2,1,Desktop,Paid Search,East,4.65,0
S01325,3,3,2,1,Tablet,Organic Search,West,5.0,0
S01326,3,3,1,1,Desktop,Organic Search,North,4.5,0
S01327,3,3,1,1,Desktop,Organic Search,East,2.3,0
S01328,3,3,2,1,Mobile,Social,South,3.4166666666666665,0
S01329,5,5,2,1,Mobile,Organic Search,South,4.5,0
S01330,3,3,3,1,Mobile,Paid Search,Central,3.7333333333333334,0
S01331,1,1,1,1,Mobile,Organic Search,North,0.0,0
S01332,3,3,1,1,Mobile,Social,South,2.566666666666667,0
S01333,3,3,2,1,Desktop,Referral,East,3.3833333333333333,0
S01334,2,2,1,1,Tablet,Email,Central,0.7166666666666667,0
S01335,3,3,2,1,Tablet,Direct,East,2.566666666666667,0
S01336,4,4,2,1,Mobile,Organic Search,West,4.0,0
S01337,3,3,3,1,Desktop,Organic Search,Central,4.283333333333333,0
S01338,3,3,1,1,Mobile,Direct,South,3.6166666666666667,0
S01339,4,4,1,1,Desktop,Paid Search,South,4.716666666666667,0
S01340,3,3,2,1,Desktop,Paid Search,South,3.533333333333333,0
S01341,1,1,1,1,Desktop,Referral,Central,0.0,0
S01342,2,2,1,1,Mobile,Direct,North,2.433333333333333,0
S01343,2,2,2,1,Mobile,Paid Search,South,0.6666666666666666,0
S01344,2,2,1,1,Mobile,Email,West,0.5166666666666667,0
S01345,3,3,2,1,Mobile,Email,East,4.1,0
S01346,3,3,2,1,Mobile,Direct,East,3.966666666666667,0
S01347,3,3,1,1,Desktop,Email,East,2.85,0
S01348,3,3,1,1,Mobile,Email,North,4.85,0
S01349,3,3,1,1,Tablet,Paid Search,East,2.3333333333333335,0
S01350,2,2,1,1,Desktop,Referral,East,0.6333333333333333,0
S01351,3,3,1,1,Mobile,Direct,Central,3.1,0
S01352,1,1,1,1,Mobile,Organic Search,South,0.0,0
S01353,3,2,1,2,Mobile,Email,Central,3.683333333333333,1
S01354,4,4,1,1,Mobile,Paid Search,West,4.05,0
S01355,1,1,1,1,Mobile,Organic Search,North,0.0,0
S01356,4,4,2,1,Mobile,Social,West,4.9,0
S01357,2,2,1,1,Tablet,Referral,North,1.7333333333333334,0
S01358,1,1,1,1,Mobile,Referral,Central,0.0,0
S01359,3,3,1,1,Desktop,Organic Search,Central,3.0166666666666666,0
S01360,3,3,1,1,Mobile,Social,South,4.45,0
S01361,3,3,1,1,Tablet,Paid Search,South,4.433333333333334,0
S01362,3,3,2,1,Desktop,Email,South,4.8,0
S01363,2,2,2,1,Mobile,Paid Search,South,2.4833333333333334,0
S01364,4,4,3,1,Mobile,Social,South,3.0833333333333335,0
S01365,3,3,2,1,Mobile,Email,South,4.65,1
S01366,4,4,1,1,Desktop,Direct,West,3.55,0
S01367,4,3,1,2,Mobile,Email,North,4.2,0
S01368,2,2,2,1,Tablet,Paid Search,Central,1.9166666666666667,0
S01369,3,3,1,1,Desktop,Organic Search,Central,2.6333333333333333,0
S01370,3,2,1,2,Desktop,Referral,East,4.083333333333333,1
S01371,2,2,1,1,Tablet,Paid Search,Central,2.033333333333333,0
S01372,2,2,1,1,Desktop,Paid Search,South,1.2,0
S01373,2,2,1,1,Mobile,Organic Search,North,1.6166666666666667,0
S01374,2,2,1,1,Mobile,Paid Search,West,1.2,0
S01375,3,3,1,1,Desktop,Organic Search,East,3.316666666666667,0
S01376,2,2,2,1,Mobile,Organic Search,East,2.3,0
S01377,2,2,1,1,Mobile,Email,Central,1.7333333333333334,0
S01378,4,4,2,1,Mobile,Direct,Central,3.0166666666666666,1
S01379,2,2,1,1,Desktop,Paid Search,West,0.9666666666666667,0
S01380,3,3,2,1,Mobile,Organic Search,West,4.5,0
S01381,2,2,1,1,Desktop,Email,North,2.7333333333333334,1
S01382,2,2,2,1,Mobile,Organic Search,North,1.7166666666666666,0
S01383,3,3,1,1,Tablet,Referral,West,3.5,0
S01384,4,4,2,1,Desktop,Paid Search,East,4.45,0
S01385,3,3,2,1,Mobile,Paid Search,East,4.666666666666667,0
S01386,4,3,2,2,Desktop,Direct,South,4.466666666666667,1
S01387,3,3,2,1,Mobile,Organic Search,West,2.9166666666666665,0
S01388,2,2,1,1,Desktop,Referral,North,1.95,0
S01389,2,1,1,2,Tablet,Direct,West,2.85,1
S01390,2,2,2,1,Mobile,Direct,North,2.183333333333333,0
S01391,3,3,1,1,Desktop,Paid Search,North,4.216666666666667,1
S01392,3,3,1,1,Desktop,Organic Search,South,4.683333333333334,0
S01393,3,3,2,1,Desktop,Social,South,4.466666666666667,0
S01394,1,1,1,1,Mobile,Paid Search,Central,0.0,0
S01395,3,3,1,1,Desktop,Direct,North,3.3,1
S01396,2,2,2,1,Mobile,Organic Search,North,1.1833333333333333,0
S01397,1,1,1,1,Mobile,Organic Search,East,0.0,0
S01398,2,2,1,1,Desktop,Referral,East,1.7166666666666666,0
S01399,4,4,1,1,Mobile,Paid Search,North,2.9,0
S01400,2,2,2,1,Mobile,Organic Search,North,2.9166666666666665,0
S01401,1,1,1,1,Desktop,Organic Search,Central,0.0,0
S01402,4,4,1,1,Desktop,Paid Search,West,3.45,0
S01403,2,2,1,1,Desktop,Paid Search,South,1.3333333333333333,0
S01404,3,3,1,1,Mobile,Direct,East,4.266666666666667,0
S01405,3,3,2,1,Mobile,Direct,South,3.7666666666666666,0
S01406,3,3,1,1,Mobile,Organic Search,South,4.8,0
S01407,4,4,1,1,Mobile,Paid Search,West,2.5833333333333335,0
S01408,4,3,1,2,Mobile,Referral,Central,4.716666666666667,0
S01409,2,2,2,1,Mobile,Organic Search,North,1.3666666666666667,0
S01410,3,3,1,1,Mobile,Paid Search,Central,2.3,0
S01411,3,3,1,1,Desktop,Direct,North,1.55,0
S01412,2,2,1,1,Desktop,Email,South,0.43333333333333335,0
S01413,2,2,1,1,Desktop,Direct,North,1.05,0
S01414,2,2,2,1,Desktop,Social,North,1.8666666666666667,0
S01415,3,3,2,1,Mobile,Email,Central,3.25,0
S01416,3,3,1,1,Tablet,Paid Search,East,3.3333333333333335,0
S01417,1,1,1,1,Desktop,Direct,North,0.0,0
S01418,3,3,1,1,Desktop,Organic Search,Central,2.9166666666666665,1
S01419,3,2,1,2,Mobile,Organic Search,Central,3.2333333333333334,0
S01420,2,2,2,1,Tablet,Social,West,0.48333333333333334,0
S01421,1,1,1,1,Desktop,Organic Search,Central,0.0,0
S01422,1,1,1,1,Mobile,Paid Search,South,0.0,0
S01423,2,2,1,1,Desktop,Direct,Central,1.5666666666666667,0
S01424,3,3,2,1,Desktop,Direct,West,4.683333333333334,0
S01425,4,4,3,1,Tablet,Email,Central,4.783333333333333,0
S01426,4,4,2,1,Tablet,Direct,West,2.3,0
S01427,3,3,1,1,Desktop,Organic Search,South,4.95,1
S01428,3,3,1,1,Tablet,Direct,West,3.566666666666667,0
S01429,4,4,3,1,Mobile,Paid Search,South,4.066666666666666,0
S01430,4,4,1,1,Mobile,Paid Search,South,4.666666666666667,0
S01431,4,4,2,1,Mobile,Direct,North,4.95,0
S01432,1,1,1,1,Mobile,Email,Central,0.0,0
S01433,4,4,1,1,Mobile,Organic Search,South,4.9,0
S01434,3,3,2,1,Mobile,Organic Search,East,1.7333333333333334,0
S01435,2,2,1,1,Desktop,Organic Search,South,1.0166666666666666,0
S01436,2,2,1,1,Desktop,Referral,Central,2.7333333333333334,0
S01437,2,2,1,1,Desktop,Organic Search,South,0.9,0
S01438,5,5,1,1,Mobile,Organic Search,West,4.733333333333333,0
S01439,4,4,2,1,Desktop,Direct,Central,4.6,0
S01440,3,3,2,1,Mobile,Organic Search,East,3.8333333333333335,0
S01441,2,2,1,1,Tablet,Paid Search,South,2.6166666666666667,0
S01442,2,2,1,1,Desktop,Organic Search,West,0.7166666666666667,0
S01443,3,3,2,1,Mobile,Organic Search,Central,3.65,0
S01444,3,3,2,1,Mobile,Paid Search,West,2.316666666666667,0
S01445,4,3,2,2,Mobile,Direct,South,3.3833333333333333,0
S01446,3,2,1,2,Desktop,Paid Search,Central,3.6,0
S01447,3,3,1,1,Mobile,Paid Search,South,3.8333333333333335,0
S01448,2,2,1,1,Mobile,Direct,East,1.4833333333333334,0
S01449,1,1,1,1,Tablet,Paid Search,Central,0.0,0
S01450,1,1,1,1,Mobile,Organic Search,North,0.0,0
S01451,3,3,1,1,Mobile,Paid Search,West,3.716666666666667,0
S01452,3,3,2,1,Mobile,Email,East,4.5,1
S01453,3,3,1,1,Mobile,Direct,Central,4.25,0
S01454,2,2,1,1,Mobile,Paid Search,North,2.6666666666666665,0
S01455,4,4,1,1,Desktop,Social,East,4.666666666666667,0
S01456,4,4,2,1,Tablet,Referral,Central,4.816666666666666,1
S01457,3,3,1,1,Mobile,Paid Search,North,1.3833333333333333,0
S01458,3,3,1,1,Mobile,Direct,North,4.783333333333333,0
S01459,3,3,2,1,Desktop,Organic Search,Central,4.433333333333334,0
S01460,3,3,1,1,Mobile,Direct,South,0.8166666666666667,0
S01461,3,3,1,1,Mobile,Email,Central,3.783333333333333,0
S01462,4,4,3,1,Mobile,Direct,North,4.45,1
S01463,4,4,1,1,Desktop,Referral,South,1.9666666666666666,0
S01464,2,1,1,2,Mobile,Direct,West,1.8166666666666667,0
S01465,1,1,1,1,Tablet,Direct,West,0.0,0
S01466,2,2,2,1,Desktop,Direct,East,2.7333333333333334,0
S01467,2,2,2,1,Tablet,Social,East,2.6166666666666667,0
S01468,4,4,2,1,Mobile,Paid Search,Central,4.9,0
S01469,1,1,1,1,Mobile,Paid Search,South,0.0,0
S01470,4,4,2,1,Mobile,Direct,East,4.716666666666667,0
S01471,4,4,2,1,Mobile,Social,North,4.316666666666666,0
S01472,1,1,1,1,Mobile,Organic Search,East,0.0,0
S01473,2,2,1,1,Mobile,Social,South,2.1,0
S01474,4,4,1,1,Mobile,Email,South,4.983333333333333,0
S01475,4,4,1,1,Desktop,Direct,East,3.4,0
S01476,3,3,1,1,Mobile,Email,North,2.6666666666666665,0
S01477,4,4,1,1,Mobile,Paid Search,North,4.366666666666666,0
S01478,3,3,1,1,Mobile,Organic Search,West,2.7666666666666666,1
S01479,3,3,2,1,Mobile,Social,East,3.7,0
S01480,3,2,1,2,Mobile,Email,Central,4.2,0
S01481,4,3,1,2,Mobile,Direct,West,3.0,0
S01482,4,4,2,1,Desktop,Organic Search,North,2.966666666666667,0
S01483,2,2,1,1,Mobile,Email,West,2.183333333333333,0
S01484,4,4,1,1,Desktop,Email,North,4.05,1
S01485,4,4,1,1,Desktop,Direct,West,4.016666666666667,0
S01486,4,4,2,1,Mobile,Paid Search,Central,3.0833333333333335,0
S01487,2,2,1,1,Mobile,Direct,East,0.38333333333333336,0
S01488,4,4,1,1,Mobile,Referral,West,3.1,0
S01489,2,2,1,1,Mobile,Paid Search,South,0.5833333333333334,0
S01490,3,3,2,1,Mobile,Social,East,4.15,0
S01491,1,1,1,1,Desktop,Organic Search,Central,0.0,0
S01492,3,3,2,1,Mobile,Direct,North,1.6833333333333333,0
S01493,4,3,1,2,Desktop,Direct,South,3.683333333333333,1
S01494,3,3,1,1,Desktop,Paid Search,East,3.7666666666666666,0
S01495,4,4,2,1,Mobile,Social,West,3.316666666666667,0
S01496,3,3,2,1,Mobile,Organic Search,South,3.6333333333333333,0
S01497,3,3,2,1,Mobile,Organic Search,Central,1.5333333333333334,0
S01498,2,2,2,1,Mobile,Social,North,1.1166666666666667,0
S01499,2,2,1,1,Mobile,Organic Search,South,1.65,0
S01500,3,3,1,1,Mobile,Paid Search,West,2.8,0
S01501,1,1,1,1,Mobile,Paid Search,South,0.0,0
S01502,1,1,1,1,Mobile,Social,West,0.0,0
S01503,4,3,2,2,Desktop,Organic Search,North,4.933333333333334,1
S01504,4,4,3,1,Desktop,Organic Search,North,3.7666666666666666,0
S01505,2,2,1,1,Mobile,Paid Search,North,1.1166666666666667,0
S01506,4,4,2,1,Mobile,Referral,Central,4.283333333333333,0
S01507,4,4,2,1,Mobile,Direct,East,4.1,0
S01508,3,3,2,1,Mobile,Direct,West,3.6166666666666667,0
S01509,3,2,1,2,Mobile,Paid Search,South,3.933333333333333,0
S01510,3,3,3,1,Mobile,Referral,East,3.7,0
S01511,3,3,1,1,Mobile,Social,East,1.9666666666666666,0
S01512,4,4,2,1,Mobile,Referral,Central,3.283333333333333,1
S01513,3,3,2,1,Tablet,Organic Search,West,2.8,0
S01514,4,4,2,1,Desktop,Organic Search,West,3.5833333333333335,0
S01515,2,2,1,1,Desktop,Paid Search,North,2.3,0
S01516,3,3,1,1,Desktop,Social,East,4.833333333333333,0
S01517,1,1,1,1,Mobile,Direct,East,0.0,0
S01518,3,3,1,1,Tablet,Organic Search,Central,2.7,0
S01519,5,5,2,1,Desktop,Social,South,4.966666666666667,0
S01520,3,3,1,1,Tablet,Organic Search,South,3.033333333333333,0
S01521,4,3,2,2,Desktop,Direct,East,3.25,0
S01522,4,4,1,1,Tablet,Email,South,3.7666666666666666,1
S01523,4,4,2,1,Desktop,Paid Search,North,4.083333333333333,0
S01524,4,4,2,1,Desktop,Social,Central,3.9166666666666665,0
S01525,4,4,1,1,Mobile,Direct,East,4.75,0
S01526,3,3,1,1,Desktop,Paid Search,Central,3.45,0
S01527,3,3,1,1,Desktop,Paid Search,Central,4.35,0
S01528,4,3,1,2,Desktop,Paid Search,South,4.266666666666667,1
S01529,3,3,2,1,Mobile,Paid Search,East,3.5166666666666666,0
S01530,5,5,3,1,Mobile,Direct,North,4.333333333333333,1
S01531,1,1,1,1,Desktop,Organic Search,Central,0.0,0
S01532,3,3,2,1,Mobile,Organic Search,East,2.75,0
S01533,3,3,1,1,Mobile,Organic Search,South,3.5,0
S01534,3,3,1,1,Desktop,Email,South,3.15,0
S01535,5,5,2,1,Mobile,Social,East,4.183333333333334,0
S01536,4,4,1,1,Desktop,Paid Search,South,4.916666666666667,0
S01537,3,3,2,1,Desktop,Social,South,3.466666666666667,0
S01538,3,3,2,1,Mobile,Direct,West,3.6166666666666667,0
S01539,1,1,1,1,Desktop,Direct,Central,0.0,0
S01540,2,2,1,1,Mobile,Direct,South,0.4,0
S01541,3,3,1,1,Mobile,Organic Search,East,4.483333333333333,0
S01542,2,2,1,1,Desktop,Organic Search,Central,0.4666666666666667,0
S01543,3,3,1,1,Mobile,Paid Search,North,1.3,0
S01544,4,3,3,2,Desktop,Referral,Central,3.2333333333333334,0
S01545,2,2,2,1,Tablet,Organic Search,South,1.7333333333333334,1
S01546,2,2,1,1,Mobile,Organic Search,West,2.3833333333333333,0
S01547,3,3,2,1,Mobile,Social,East,4.016666666666667,0
S01548,4,4,1,1,Mobile,Direct,East,4.933333333333334,1
S01549,2,2,2,1,Desktop,Social,Central,2.6666666666666665,0
S01550,3,1,1,3,Mobile,Paid Search,North,4.833333333333333,0
S01551,3,3,3,1,Tablet,Referral,South,4.416666666666667,0
S01552,2,2,2,1,Mobile,Direct,East,0.85,0
S01553,2,2,1,1,Mobile,Paid Search,Central,2.6166666666666667,0
S01554,2,2,2,1,Tablet,Email,South,1.8666666666666667,0
S01555,2,2,1,1,Desktop,Paid Search,Central,1.2333333333333334,0
S01556,1,1,1,1,Desktop,Email,South,0.0,0
S01557,3,3,2,1,Mobile,Organic Search,North,4.9,0
S01558,4,4,2,1,Mobile,Email,West,4.95,0
S01559,4,4,2,1,Mobile,Email,North,4.066666666666666,1
S01560,2,2,2,1,Tablet,Social,East,2.75,0
S01561,3,2,1,2,Desktop,Social,North,3.2666666666666666,0
S01562,2,2,1,1,Desktop,Paid Search,South,1.4666666666666666,0
S01563,2,2,1,1,Mobile,Organic Search,West,2.1166666666666667,0
S01564,2,2,2,1,Desktop,Social,East,2.466666666666667,0
S01565,3,3,2,1,Mobile,Email,East,2.45,0
S01566,3,2,2,2,Mobile,Referral,East,2.6666666666666665,0
S01567,3,3,2,1,Mobile,Referral,South,3.0,0
S01568,4,4,2,1,Desktop,Organic Search,East,2.0166666666666666,0
S01569,5,5,2,1,Mobile,Social,Central,4.95,0
S01570,2,2,1,1,Mobile,Organic Search,Central,2.4833333333333334,0
S01571,4,3,1,2,Mobile,Direct,North,4.683333333333334,0
S01572,2,2,2,1,Desktop,Paid Search,North,1.15,0
S01573,3,3,1,1,Mobile,Organic Search,Central,2.9166666666666665,0
S01574,2,2,1,1,Mobile,Social,East,0.43333333333333335,0
S01575,4,3,1,2,Desktop,Organic Search,East,4.683333333333334,1
S01576,3,3,1,1,Desktop,Organic Search,West,2.65,0
S01577,2,2,1,1,Desktop,Paid Search,South,1.6166666666666667,0
S01578,3,3,2,1,Mobile,Social,East,3.8333333333333335,0
S01579,2,2,1,1,Mobile,Referral,Central,0.9,0
S01580,3,2,2,2,Mobile,Paid Search,West,4.666666666666667,1
S01581,2,1,1,2,Desktop,Paid Search,North,2.8,0
S01582,2,2,1,1,Mobile,Direct,North,1.5666666666666667,0
S01583,3,3,1,1,Mobile,Organic Search,South,4.35,0
S01584,3,3,1,1,Mobile,Organic Search,West,3.5,0
S01585,3,3,1,1,Tablet,Paid Search,South,4.083333333333333,0
S01586,1,1,1,1,Desktop,Paid Search,North,0.0,0
S01587,5,5,1,1,Mobile,Direct,Central,4.75,0
S01588,2,2,1,1,Mobile,Social,North,2.1166666666666667,0
S01589,2,2,1,1,Mobile,Email,North,2.4,0
S01590,2,2,1,1,Mobile,Organic Search,South,1.1666666666666667,0
S01591,2,2,2,1,Mobile,Organic Search,South,0.6833333333333333,0
S01592,2,2,2,1,Tablet,Social,East,0.5333333333333333,0
S01593,2,2,1,1,Desktop,Social,Central,1.7166666666666666,0
S01594,4,4,2,1,Desktop,Referral,Central,3.6166666666666667,0
S01595,2,2,2,1,Mobile,Organic Search,East,2.566666666666667,0
S01596,3,2,2,2,Mobile,Referral,East,3.9166666666666665,0
S01597,3,3,1,1,Desktop,Organic Search,East,3.4833333333333334,0
S01598,3,3,2,1,Desktop,Organic Search,South,2.8,0
S01599,1,1,1,1,Desktop,Referral,North,0.0,0
S01600,4,4,1,1,Tablet,Direct,Central,5.0,0
S01601,2,2,1,1,Desktop,Paid Search,North,1.3,0
S01602,2,2,1,1,Desktop,Organic Search,North,1.1666666666666667,0
S01603,3,3,1,1,Desktop,Paid Search,East,2.533333333333333,0
S01604,3,3,1,1,Desktop,Referral,East,2.8,0
S01605,3,1,1,3,Desktop,Direct,North,2.85,1
S01606,3,3,2,1,Mobile,Paid Search,North,2.5,0
S01607,4,3,1,2,Desktop,Organic Search,South,4.833333333333333,1
S01608,4,4,2,1,Mobile,Paid Search,West,4.266666666666667,0
S01609,4,4,3,1,Desktop,Direct,South,3.7666666666666666,0
S01610,3,3,1,1,Mobile,Organic Search,East,3.15,0
S01611,3,2,2,2,Tablet,Direct,East,4.083333333333333,0
S01612,3,3,1,1,Mobile,Organic Search,Central,4.316666666666666,0
S01613,2,2,1,1,Mobile,Referral,South,0.55,0
S01614,3,3,1,1,Desktop,Direct,North,4.883333333333334,0
S01615,3,3,1,1,Desktop,Organic Search,East,3.683333333333333,0
S01616,2,2,1,1,Mobile,Email,West,2.9166666666666665,0
S01617,2,2,1,1,Tablet,Direct,North,2.6166666666666667,0
S01618,4,4,2,1,Mobile,Social,East,4.416666666666667,0
S01619,2,2,2,1,Mobile,Referral,North,2.3,0
S01620,3,3,1,1,Mobile,Email,North,3.6333333333333333,0
S01621,2,2,1,1,Mobile,Social,East,1.4333333333333333,0
S01622,3,3,1,1,Desktop,Paid Search,South,3.683333333333333,0
S01623,3,3,1,1,Mobile,Organic Search,Central,4.45,0
S01624,3,3,1,1,Tablet,Paid Search,West,3.433333333333333,0
S01625,2,2,2,1,Desktop,Email,East,2.066666666666667,0
S01626,2,2,2,1,Mobile,Paid Search,East,0.7333333333333333,0
S01627,2,2,1,1,Desktop,Referral,East,2.6666666666666665,0
S01628,1,1,1,1,Mobile,Email,North,0.0,0
S01629,3,3,1,1,Desktop,Referral,Central,4.083333333333333,0
S01630,3,3,2,1,Mobile,Social,Central,4.1,1
S01631,3,3,1,1,Mobile,Email,North,3.05,0
S01632,2,2,1,1,Desktop,Paid Search,North,2.533333333333333,0
S01633,2,2,1,1,Mobile,Direct,North,0.48333333333333334,0
S01634,3,3,1,1,Mobile,Referral,West,4.25,0
S01635,3,3,1,1,Tablet,Paid Search,West,3.65,0
S01636,4,4,2,1,Desktop,Organic Search,Central,4.516666666666667,0
S01637,3,3,2,1,Mobile,Direct,West,3.566666666666667,0
S01638,2,2,1,1,Desktop,Paid Search,East,0.45,0
S01639,3,3,1,1,Tablet,Organic Search,West,4.0,0
S01640,3,3,2,1,Tablet,Organic Search,West,4.416666666666667,0
S01641,2,2,2,1,Mobile,Email,East,1.55,0
S01642,3,3,1,1,Mobile,Direct,East,2.466666666666667,0
S01643,3,3,1,1,Mobile,Email,West,4.516666666666667,0
S01644,3,3,1,1,Mobile,Direct,East,3.8333333333333335,1
S01645,3,3,3,1,Desktop,Organic Search,West,4.983333333333333,1
S01646,4,4,1,1,Mobile,Paid Search,West,3.933333333333333,0
S01647,4,4,2,1,Desktop,Email,West,4.0,0
S01648,4,4,2,1,Mobile,Organic Search,West,4.616666666666666,0
S01649,4,4,2,1,Mobile,Direct,East,4.816666666666666,0
S01650,3,3,1,1,Mobile,Paid Search,West,3.3666666666666667,0
S01651,2,2,2,1,Desktop,Organic Search,East,2.966666666666667,0
S01652,1,1,1,1,Desktop,Organic Search,South,0.0,0
S01653,2,2,1,1,Desktop,Organic Search,North,1.1666666666666667,0
S01654,5,5,1,1,Mobile,Social,East,4.416666666666667,0
S01655,2,2,2,1,Desktop,Social,East,0.9666666666666667,0
S01656,3,3,1,1,Tablet,Social,Central,3.5166666666666666,0
S01657,4,3,2,2,Mobile,Social,South,4.883333333333334,0
S01658,5,3,1,3,Desktop,Paid Search,South,4.883333333333334,0
S01659,2,2,1,1,Mobile,Email,South,1.1166666666666667,0
S01660,3,3,2,1,Mobile,Paid Search,North,4.233333333333333,1
S01661,3,3,2,1,Mobile,Organic Search,West,2.7333333333333334,0
S01662,3,3,2,1,Mobile,Paid Search,South,2.1166666666666667,0
S01663,3,3,1,1,Tablet,Social,West,3.4,0
S01664,3,3,2,1,Mobile,Email,West,3.1166666666666667,0
S01665,3,3,1,1,Tablet,Direct,East,4.733333333333333,0
S01666,3,3,1,1,Mobile,Direct,Central,3.7333333333333334,0
S01667,2,2,1,1,Desktop,Paid Search,East,0.9666666666666667,0
S01668,2,2,1,1,Tablet,Paid Search,South,2.8,0
S01669,1,1,1,1,Desktop,Social,Central,0.0,0
S01670,3,3,1,1,Mobile,Direct,Central,4.133333333333334,0
S01671,4,4,1,1,Mobile,Social,North,2.466666666666667,0
S01672,3,3,1,1,Mobile,Paid Search,North,4.1,1
S01673,3,3,2,1,Mobile,Referral,North,4.65,0
S01674,4,4,2,1,Mobile,Email,South,4.366666666666666,0
S01675,4,4,1,1,Mobile,Email,Central,5.0,0
S01676,2,2,2,1,Desktop,Paid Search,East,2.066666666666667,0
S01677,3,3,1,1,Desktop,Social,South,3.45,0
S01678,3,3,1,1,Mobile,Referral,Central,2.1,0
S01679,2,2,2,1,Desktop,Organic Search,East,1.3833333333333333,0
S01680,2,2,1,1,Mobile,Organic Search,South,2.2666666666666666,0
S01681,2,2,1,1,Desktop,Referral,Central,0.8,0
S01682,1,1,1,1,Tablet,Email,Central,0.0,0
S01683,3,3,1,1,Mobile,Paid Search,Central,3.316666666666667,0
S01684,1,1,1,1,Mobile,Email,East,0.0,0
S01685,3,3,1,1,Desktop,Organic Search,West,3.5,1
S01686,2,2,2,1,Mobile,Social,North,0.6,0
S01687,2,2,1,1,Tablet,Social,East,2.8333333333333335,0
S01688,3,3,1,1,Mobile,Direct,Central,3.433333333333333,0
S01689,2,2,2,1,Mobile,Direct,South,2.85,0
S01690,2,2,1,1,Mobile,Social,West,2.3833333333333333,0
S01691,2,2,1,1,Desktop,Organic Search,East,2.6333333333333333,0
S01692,2,2,1,1,Mobile,Referral,North,2.466666666666667,0
S01693,4,2,1,3,Mobile,Direct,West,3.8333333333333335,0
S01694,3,3,1,1,Desktop,Paid Search,North,3.35,0
S01695,5,5,1,1,Mobile,Referral,West,4.4,0
S01696,3,3,1,1,Desktop,Paid Search,North,3.5833333333333335,0
S01697,3,3,1,1,Desktop,Direct,Central,3.433333333333333,0
S01698,2,2,2,1,Desktop,Paid Search,South,0.6833333333333333,0
S01699,2,2,2,1,Tablet,Direct,South,1.5333333333333334,0
S01700,1,1,1,1,Mobile,Direct,North,0.0,0
S01701,2,2,1,1,Tablet,Referral,Central,1.5333333333333334,0
S01702,3,2,1,2,Mobile,Social,West,3.95,0
S01703,4,4,2,1,Desktop,Paid Search,West,3.55,0
S01704,3,3,2,1,Mobile,Direct,East,4.533333333333333,0
S01705,3,3,2,1,Mobile,Organic Search,East,2.433333333333333,0
S01706,4,4,2,1,Desktop,Organic Search,North,3.7666666666666666,1
S01707,5,4,3,2,Mobile,Paid Search,East,4.85,0
S01708,2,2,2,1,Desktop,Social,South,1.2666666666666666,0
S01709,4,4,2,1,Mobile,Paid Search,Central,4.033333333333333,0
S01710,3,3,1,1,Mobile,Social,West,4.066666666666666,0
S01711,3,3,1,1,Desktop,Organic Search,East,3.45,0
S01712,3,3,2,1,Desktop,Direct,North,4.633333333333334,0
S01713,2,2,1,1,Mobile,Organic Search,West,0.4,0
S01714,3,3,1,1,Mobile,Email,North,3.6666666666666665,0
S01715,3,3,1,1,Desktop,Organic Search,North,2.1166666666666667,1
S01716,1,1,1,1,Tablet,Referral,South,0.0,0
S01717,1,1,1,1,Desktop,Organic Search,East,0.0,0
S01718,4,4,2,1,Mobile,Referral,West,4.883333333333334,0
S01719,5,5,2,1,Tablet,Direct,South,4.05,0
S01720,3,3,1,1,Desktop,Referral,North,1.3,0
S01721,3,3,1,1,Desktop,Paid Search,East,3.783333333333333,1
S01722,2,2,2,1,Desktop,Referral,West,1.0666666666666667,0
S01723,1,1,1,1,Desktop,Organic Search,South,0.0,0
S01724,1,1,1,1,Desktop,Social,South,0.0,0
S01725,2,2,1,1,Mobile,Referral,Central,0.48333333333333334,0
S01726,1,1,1,1,Desktop,Organic Search,Central,0.0,0
S01727,4,3,2,2,Mobile,Organic Search,Central,4.516666666666667,0
S01728,1,1,1,1,Tablet,Direct,Central,0.0,0
S01729,3,3,2,1,Mobile,Referral,North,1.8166666666666667,0
S01730,2,2,1,1,Mobile,Paid Search,South,2.45,0
S01731,3,3,2,1,Desktop,Email,South,3.566666666666667,1
S01732,1,1,1,1,Mobile,Organic Search,South,0.0,0
S01733,3,3,1,1,Mobile,Organic Search,Central,2.816666666666667,0
S01734,2,2,1,1,Mobile,Social,West,2.3833333333333333,0
S01735,3,3,2,1,Desktop,Organic Search,West,3.6666666666666665,0
S01736,3,3,1,1,Tablet,Paid Search,North,4.166666666666667,0
S01737,1,1,1,1,Mobile,Referral,Central,0.0,0
S01738,4,4,1,1,Desktop,Organic Search,Central,3.816666666666667,0
S01739,1,1,1,1,Mobile,Paid Search,North,0.0,0
S01740,5,5,2,1,Mobile,Organic Search,Central,4.783333333333333,0
S01741,2,2,1,1,Mobile,Paid Search,South,1.85,0
S01742,2,2,2,1,Mobile,Organic Search,North,1.2666666666666666,0
S01743,3,1,1,3,Mobile,Social,West,4.8,0
S01744,3,3,1,1,Desktop,Direct,West,3.1166666666666667,0
S01745,4,1,1,4,Mobile,Email,North,5.0,1
S01746,4,4,2,1,Mobile,Paid Search,South,4.133333333333334,0
S01747,3,3,2,1,Desktop,Organic Search,Central,2.9833333333333334,0
S01748,2,2,1,1,Desktop,Social,West,2.8833333333333333,0
S01749,4,4,3,1,Mobile,Direct,West,4.533333333333333,0
S01750,2,2,1,1,Desktop,Paid Search,South,2.533333333333333,0
S01751,3,3,1,1,Mobile,Organic Search,North,3.6666666666666665,0
S01752,4,4,2,1,Desktop,Paid Search,South,3.8,0
S01753,2,2,1,1,Desktop,Organic Search,South,2.0,0
S01754,3,3,1,1,Desktop,Direct,South,4.283333333333333,0
S01755,3,3,1,1,Tablet,Organic Search,North,1.8833333333333333,0
S01756,3,3,1,1,Mobile,Social,East,3.0,0
S01757,3,3,2,1,Tablet,Direct,South,3.05,0
S01758,3,2,1,2,Mobile,Referral,Central,4.25,1
S01759,2,2,1,1,Desktop,Referral,North,1.0166666666666666,0
S01760,4,4,1,1,Mobile,Organic Search,East,4.333333333333333,0
S01761,3,3,1,1,Mobile,Paid Search,North,3.8666666666666667,0
S01762,7,7,1,1,Mobile,Organic Search,East,3.8333333333333335,0
S01763,4,4,1,1,Desktop,Direct,North,3.0166666666666666,0
S01764,3,3,2,1,Mobile,Social,Central,4.35,0
S01765,3,3,2,1,Desktop,Paid Search,West,2.6,0
S01766,4,4,1,1,Desktop,Paid Search,East,4.05,0
S01767,4,4,2,1,Mobile,Direct,North,5.0,1
S01768,3,3,1,1,Mobile,Direct,East,3.2333333333333334,0
S01769,3,3,1,1,Mobile,Organic Search,West,3.45,0
S01770,2,2,1,1,Mobile,Social,North,2.6333333333333333,0
S01771,3,1,1,3,Mobile,Email,East,3.3666666666666667,1
S01772,3,3,1,1,Mobile,Paid Search,Central,1.5333333333333334,1
S01773,2,2,1,1,Tablet,Organic Search,West,1.2666666666666666,0
S01774,3,3,2,1,Tablet,Direct,Central,2.5833333333333335,1
S01775,4,4,1,1,Mobile,Direct,Central,2.4166666666666665,0
S01776,2,2,1,1,Desktop,Organic Search,Central,0.7166666666666667,0
S01777,2,2,1,1,Mobile,Direct,East,1.3833333333333333,0
S01778,3,2,1,2,Mobile,Social,East,4.966666666666667,0
S01779,3,3,1,1,Desktop,Referral,West,2.6166666666666667,0
S01780,2,2,1,1,Mobile,Email,West,0.4666666666666667,0
S01781,3,3,1,1,Desktop,Email,Central,1.7,0
S01782,3,3,2,1,Tablet,Organic Search,North,4.9,0
S01783,2,2,1,1,Mobile,Social,South,2.716666666666667,0
S01784,4,4,3,1,Mobile,Organic Search,South,3.4833333333333334,1
S01785,2,2,2,1,Mobile,Referral,South,1.4666666666666666,0
S01786,3,3,1,1,Tablet,Email,South,3.6,0
S01787,3,3,1,1,Mobile,Direct,West,2.8833333333333333,0
S01788,1,1,1,1,Mobile,Referral,North,0.0,0
S01789,3,3,2,1,Desktop,Organic Search,West,4.133333333333334,0
S01790,2,2,1,1,Mobile,Paid Search,West,2.216666666666667,0
S01791,1,1,1,1,Desktop,Paid Search,South,0.0,0
S01792,2,2,1,1,Mobile,Organic Search,South,2.783333333333333,0
S01793,2,2,1,1,Mobile,Direct,West,2.3333333333333335,0
S01794,3,3,1,1,Mobile,Paid Search,West,4.616666666666666,0
S01795,4,3,1,2,Desktop,Social,Central,4.75,0
S01796,3,3,1,1,Desktop,Organic Search,Central,2.4,0
S01797,2,2,1,1,Mobile,Referral,Central,2.95,0
S01798,3,3,1,1,Desktop,Organic Search,East,2.6333333333333333,0
S01799,5,5,1,1,Desktop,Organic Search,Central,4.383333333333334,0
S01800,4,4,1,1,Desktop,Direct,Central,3.5833333333333335,0
S01801,2,2,1,1,Tablet,Organic Search,Central,2.8333333333333335,0
S01802,3,3,2,1,Mobile,Organic Search,North,3.55,0
S01803,4,4,1,1,Desktop,Referral,Central,3.533333333333333,0
S01804,3,3,1,1,Desktop,Direct,East,3.7666666666666666,1
S01805,1,1,1,1,Desktop,Organic Search,West,0.0,0
S01806,4,4,2,1,Mobile,Organic Search,North,4.466666666666667,0
S01807,3,3,1,1,Mobile,Social,South,3.3666666666666667,0
S01808,4,4,1,1,Desktop,Social,South,3.8,0
S01809,2,2,1,1,Desktop,Direct,South,1.2666666666666666,0
S01810,1,1,1,1,Desktop,Organic Search,North,0.0,0
S01811,3,3,1,1,Mobile,Organic Search,Central,3.05,0
S01812,4,4,2,1,Mobile,Organic Search,North,3.6333333333333333,0
S01813,4,4,2,1,Desktop,Organic Search,South,4.883333333333334,1
S01814,3,3,3,1,Desktop,Email,North,2.3,0
S01815,2,1,1,2,Desktop,Organic Search,East,2.5833333333333335,1
S01816,3,3,1,1,Tablet,Email,South,3.3,0
S01817,2,2,1,1,Desktop,Direct,South,0.6166666666666667,0
S01818,3,3,1,1,Mobile,Referral,East,4.2,1
S01819,3,3,1,1,Mobile,Referral,West,2.45,0
S01820,4,4,1,1,Mobile,Paid Search,North,4.866666666666666,0
S01821,2,2,1,1,Desktop,Direct,North,2.6333333333333333,0
S01822,3,3,1,1,Desktop,Direct,South,3.9166666666666665,0
S01823,3,3,2,1,Mobile,Direct,Central,2.9166666666666665,0
S01824,1,1,1,1,Mobile,Social,South,0.0,0
S01825,3,3,1,1,Mobile,Email,East,3.5833333333333335,0
S01826,3,3,1,1,Mobile,Social,South,3.75,0
S01827,4,4,1,1,Desktop,Referral,East,4.233333333333333,1
S01828,2,2,2,1,Tablet,Direct,North,1.0333333333333334,0
S01829,3,3,2,1,Mobile,Paid Search,North,3.9166666666666665,0
S01830,4,4,1,1,Desktop,Organic Search,East,3.8333333333333335,0
S01831,4,4,3,1,Tablet,Organic Search,South,4.7,0
S01832,3,3,1,1,Mobile,Direct,North,4.183333333333334,0
S01833,3,3,1,1,Mobile,Organic Search,West,4.95,0
S01834,4,4,2,1,Mobile,Social,Central,4.316666666666666,0
S01835,3,3,1,1,Mobile,Organic Search,South,3.35,0
S01836,4,4,2,1,Mobile,Email,West,4.416666666666667,0
S01837,2,2,1,1,Desktop,Paid Search,Central,2.7666666666666666,0
S01838,4,4,1,1,Desktop,Paid Search,Central,4.866666666666666,0
S01839,5,3,1,3,Tablet,Direct,East,4.316666666666666,1
S01840,3,3,1,1,Desktop,Social,West,1.8333333333333333,0
S01841,4,4,2,1,Mobile,Paid Search,North,3.5,0
S01842,3,3,2,1,Mobile,Email,East,3.45,0
S01843,3,3,1,1,Mobile,Organic Search,South,4.8,0
S01844,3,3,1,1,Mobile,Email,North,3.8833333333333333,0
S01845,4,4,2,1,Tablet,Social,East,4.55,0
S01846,3,3,1,1,Desktop,Paid Search,North,2.9166666666666665,0
S01847,3,3,2,1,Desktop,Social,West,3.55,0
S01848,2,2,1,1,Desktop,Email,East,1.3833333333333333,0
S01849,4,4,1,1,Tablet,Organic Search,East,2.4833333333333334,0
S01850,2,2,1,1,Mobile,Organic Search,North,2.8833333333333333,0
S01851,3,2,2,2,Desktop,Direct,North,3.966666666666667,0
S01852,4,4,2,1,Mobile,Paid Search,East,3.9166666666666665,0
S01853,4,4,2,1,Mobile,Social,Central,4.033333333333333,0
S01854,3,3,2,1,Mobile,Direct,North,3.55,0
S01855,3,3,2,1,Tablet,Email,South,1.25,0
S01856,3,3,1,1,Desktop,Direct,Central,2.3666666666666667,0
S01857,3,2,1,2,Mobile,Direct,North,2.75,0
S01858,2,2,1,1,Mobile,Organic Search,Central,1.5,0
S01859,1,1,1,1,Mobile,Organic Search,East,0.0,0
S01860,1,1,1,1,Mobile,Organic Search,East,0.0,0
S01861,3,1,1,3,Mobile,Organic Search,South,3.8666666666666667,1
S01862,3,3,1,1,Mobile,Organic Search,South,2.45,1
S01863,2,2,2,1,Desktop,Organic Search,South,2.9,0
S01864,1,1,1,1,Mobile,Paid Search,Central,0.0,0
S01865,3,3,1,1,Tablet,Direct,West,2.3666666666666667,0
S01866,3,3,1,1,Tablet,Referral,West,2.783333333333333,0
S01867,3,3,1,1,Desktop,Organic Search,West,4.733333333333333,0
S01868,1,1,1,1,Desktop,Direct,South,0.0,0
S01869,5,5,2,1,Desktop,Direct,West,2.9166666666666665,0
S01870,4,4,2,1,Mobile,Organic Search,East,4.9,0
S01871,3,3,2,1,Mobile,Social,West,3.8333333333333335,0
S01872,5,5,2,1,Desktop,Organic Search,South,4.933333333333334,0
S01873,4,3,1,2,Mobile,Referral,West,3.966666666666667,0
S01874,1,1,1,1,Mobile,Referral,Central,0.0,0
S01875,3,3,2,1,Mobile,Paid Search,East,4.183333333333334,0
S01876,3,2,1,2,Mobile,Paid Search,North,4.483333333333333,0
S01877,3,3,1,1,Mobile,Paid Search,East,1.9666666666666666,0
S01878,4,4,1,1,Mobile,Direct,South,4.583333333333333,0
S01879,4,4,3,1,Desktop,Paid Search,West,3.65,0
S01880,3,2,2,2,Mobile,Organic Search,Central,4.666666666666667,0
S01881,4,4,2,1,Mobile,Organic Search,East,4.183333333333334,1
S01882,4,4,2,1,Mobile,Email,East,4.066666666666666,0
S01883,2,2,1,1,Mobile,Paid Search,West,1.2166666666666666,0
S01884,4,4,2,1,Mobile,Referral,North,4.8,0
S01885,3,3,2,1,Desktop,Organic Search,South,3.0,0
S01886,4,4,1,1,Mobile,Social,Central,4.616666666666666,0
S01887,4,4,2,1,Desktop,Organic Search,West,4.55,0
S01888,4,4,1,1,Desktop,Direct,North,3.1,0
S01889,3,3,1,1,Mobile,Direct,South,1.95,0
S01890,3,3,1,1,Tablet,Direct,West,4.983333333333333,0
S01891,3,3,1,1,Desktop,Organic Search,West,4.966666666666667,0
S01892,3,3,1,1,Mobile,Email,Central,4.0,0
S01893,3,3,1,1,Mobile,Social,South,4.5,0
S01894,3,3,2,1,Desktop,Email,Central,4.633333333333334,1
S01895,4,4,2,1,Mobile,Email,East,3.316666666666667,0
S01896,3,3,3,1,Mobile,Social,West,4.716666666666667,0
S01897,4,4,2,1,Mobile,Paid Search,East,3.2,0
S01898,4,4,1,1,Desktop,Email,North,3.8666666666666667,1
S01899,2,2,1,1,Desktop,Direct,Central,1.6333333333333333,0
S01900,1,1,1,1,Mobile,Referral,North,0.0,0
S01901,2,2,1,1,Mobile,Paid Search,South,2.1,0
S01902,1,1,1,1,Desktop,Organic Search,Central,0.0,0
S01903,3,3,2,1,Mobile,Direct,West,3.35,0
S01904,4,4,1,1,Desktop,Social,Central,4.816666666666666,0
S01905,3,3,1,1,Mobile,Organic Search,East,4.1,0
S01906,2,2,1,1,Desktop,Referral,South,2.3833333333333333,0
S01907,3,3,2,1,Tablet,Organic Search,Central,3.05,0
S01908,3,3,2,1,Mobile,Social,North,4.066666666666666,0
S01909,2,2,1,1,Desktop,Direct,Central,2.85,0
S01910,3,3,1,1,Desktop,Email,South,3.066666666666667,0
S01911,3,3,1,1,Desktop,Referral,Central,2.5,0
S01912,2,2,2,1,Mobile,Direct,North,2.55,0
S01913,2,1,1,2,Tablet,Paid Search,East,3.9166666666666665,0
S01914,4,4,2,1,Mobile,Organic Search,Central,4.683333333333334,1
S01915,3,3,1,1,Mobile,Organic Search,East,3.9,0
S01916,3,3,2,1,Mobile,Organic Search,West,4.133333333333334,0
S01917,3,3,1,1,Tablet,Paid Search,Central,2.45,0
S01918,4,4,2,1,Mobile,Organic Search,West,4.95,1
S01919,2,2,1,1,Mobile,Organic Search,Central,0.85,0
S01920,4,4,1,1,Mobile,Direct,East,4.55,0
S01921,2,2,1,1,Mobile,Paid Search,North,2.316666666666667,0
S01922,2,2,1,1,Desktop,Social,North,2.7,0
S01923,3,3,3,1,Mobile,Organic Search,South,3.6666666666666665,0
S01924,1,1,1,1,Desktop,Organic Search,North,0.0,0
S01925,3,3,1,1,Mobile,Referral,East,1.9166666666666667,0
S01926,2,2,1,1,Desktop,Direct,North,2.6333333333333333,0
S01927,3,3,1,1,Mobile,Social,North,2.933333333333333,0
S01928,2,2,1,1,Mobile,Social,North,1.8,0
S01929,3,3,1,1,Mobile,Social,Central,3.816666666666667,0
S01930,1,1,1,1,Desktop,Organic Search,East,0.0,0
S01931,1,1,1,1,Mobile,Social,South,0.0,0
S01932,4,4,2,1,Mobile,Social,Central,3.7333333333333334,0
S01933,2,2,2,1,Mobile,Paid Search,North,2.966666666666667,0
S01934,2,2,1,1,Mobile,Direct,Central,2.95,0
S01935,3,2,1,2,Mobile,Direct,West,3.0833333333333335,0
S01936,2,2,1,1,Mobile,Organic Search,North,2.45,0
S01937,3,3,1,1,Desktop,Email,West,5.0,0
S01938,2,2,1,1,Mobile,Paid Search,West,1.3166666666666667,0
S01939,2,2,1,1,Mobile,Direct,East,1.1833333333333333,0
S01940,4,4,1,1,Desktop,Email,Central,4.166666666666667,0
S01941,2,2,1,1,Desktop,Direct,North,0.43333333333333335,0
S01942,3,1,1,3,Desktop,Paid Search,South,3.5166666666666666,0
S01943,3,3,2,1,Mobile,Referral,North,4.333333333333333,0
S01944,4,4,1,1,Mobile,Organic Search,South,3.55,0
S01945,4,4,2,1,Mobile,Direct,South,4.566666666666666,0
S01946,3,3,1,1,Mobile,Organic Search,Central,3.2,0
S01947,3,3,1,1,Mobile,Paid Search,North,3.1666666666666665,0
S01948,2,2,1,1,Desktop,Social,East,1.3,0
S01949,1,1,1,1,Desktop,Referral,East,0.0,0
S01950,3,3,2,1,Mobile,Direct,Central,3.55,0
S01951,2,2,1,1,Desktop,Referral,Central,0.36666666666666664,0
S01952,3,3,1,1,Desktop,Organic Search,West,3.3333333333333335,0
S01953,2,2,1,1,Mobile,Paid Search,Central,1.35,0
S01954,2,2,2,1,Mobile,Organic Search,West,0.85,0
S01955,2,2,1,1,Tablet,Referral,Central,1.3166666666666667,0
S01956,3,3,1,1,Tablet,Email,West,3.816666666666667,0
S01957,1,1,1,1,Mobile,Paid Search,North,0.0,0
S01958,3,3,1,1,Mobile,Social,East,3.2666666666666666,0
S01959,3,3,1,1,Mobile,Organic Search,West,1.3833333333333333,0
S01960,3,3,1,1,Mobile,Organic Search,South,4.283333333333333,0
S01961,2,2,1,1,Desktop,Social,South,1.3833333333333333,0
S01962,4,4,2,1,Mobile,Direct,East,4.916666666666667,0
S01963,4,4,1,1,Mobile,Organic Search,Central,3.25,0
S01964,3,3,2,1,Mobile,Email,North,4.566666666666666,0
S01965,3,3,2,1,Mobile,Paid Search,West,3.4,0
S01966,5,5,2,1,Mobile,Organic Search,West,4.35,0
S01967,1,1,1,1,Desktop,Direct,Central,0.0,0
S01968,3,3,1,1,Mobile,Organic Search,Central,2.6333333333333333,1
S01969,4,3,3,2,Desktop,Direct,West,4.966666666666667,0
S01970,4,4,2,1,Desktop,Referral,East,4.983333333333333,0
S01971,3,3,1,1,Desktop,Referral,South,4.616666666666666,0
S01972,2,2,1,1,Mobile,Paid Search,East,0.7333333333333333,0
S01973,2,1,1,2,Desktop,Organic Search,West,2.05,0
S01974,5,5,2,1,Mobile,Referral,Central,4.666666666666667,0
S01975,2,2,2,1,Desktop,Email,West,2.6,0
S01976,2,2,1,1,Tablet,Organic Search,North,2.966666666666667,0
S01977,3,3,2,1,Desktop,Referral,East,3.75,0
S01978,5,5,1,1,Mobile,Social,South,4.683333333333334,0
S01979,3,3,2,1,Mobile,Social,North,4.15,0
S01980,3,3,2,1,Mobile,Paid Search,South,2.183333333333333,0
S01981,3,2,1,2,Desktop,Organic Search,North,4.35,0
S01982,2,2,1,1,Mobile,Organic Search,Central,0.8666666666666667,0
S01983,5,5,1,1,Mobile,Paid Search,South,4.883333333333334,0
S01984,1,1,1,1,Mobile,Organic Search,South,0.0,0
S01985,5,4,2,2,Desktop,Email,Central,4.95,0
S01986,3,3,2,1,Desktop,Social,South,3.7333333333333334,0
S01987,4,4,2,1,Mobile,Social,North,4.383333333333334,0
S01988,3,3,2,1,Mobile,Email,South,4.866666666666666,0
S01989,2,2,1,1,Mobile,Social,North,1.7,0
S01990,4,4,1,1,Mobile,Social,North,4.933333333333334,0
S01991,3,3,1,1,Mobile,Paid Search,North,4.45,0
S01992,3,3,2,1,Desktop,Organic Search,East,4.216666666666667,0
S01993,4,3,1,2,Mobile,Direct,North,4.25,1
S01994,5,5,2,1,Desktop,Direct,South,4.633333333333334,0
S01995,4,4,3,1,Mobile,Organic Search,Central,4.316666666666666,0
S01996,3,3,2,1,Mobile,Direct,East,4.55,0
S01997,2,2,1,1,Tablet,Organic Search,Central,2.1666666666666665,1
S01998,2,2,2,1,Desktop,Email,East,2.1666666666666665,0
S01999,2,2,1,1,Desktop,Referral,South,0.4,0
S02000,3,3,2,1,Desktop,Organic Search,West,3.783333333333333,0
S02001,3,3,2,1,Desktop,Social,North,3.7333333333333334,0
S02002,1,1,1,1,Desktop,Paid Search,North,0.0,0
S02003,2,2,1,1,Tablet,Organic Search,West,2.4,0
S02004,2,1,1,2,Desktop,Referral,East,3.683333333333333,0
S02005,1,1,1,1,Desktop,Paid Search,West,0.0,0
S02006,2,2,1,1,Mobile,Direct,Central,2.566666666666667,0
S02007,3,3,1,1,Mobile,Social,South,2.85,0
S02008,5,5,3,1,Mobile,Direct,East,4.166666666666667,0
S02009,2,2,1,1,Desktop,Paid Search,East,2.0,0
S02010,3,3,1,1,Mobile,Organic Search,Central,2.95,0
S02011,2,2,1,1,Desktop,Social,Central,2.5,0
S02012,2,2,1,1,Desktop,Email,Central,2.933333333333333,0
S02013,3,3,1,1,Tablet,Paid Search,South,3.6333333333333333,0
S02014,3,3,2,1,Desktop,Organic Search,West,4.45,0
S02015,3,3,2,1,Mobile,Paid Search,South,4.133333333333334,0
S02016,4,4,1,1,Mobile,Social,South,4.683333333333334,0
S02017,3,3,1,1,Desktop,Email,Central,2.716666666666667,0
S02018,4,4,2,1,Tablet,Paid Search,North,4.616666666666666,0
S02019,4,4,1,1,Desktop,Email,Central,4.833333333333333,0
S02020,4,4,2,1,Mobile,Referral,North,4.9,0
S02021,2,2,2,1,Tablet,Email,Central,2.933333333333333,0
S02022,3,3,2,1,Mobile,Social,South,3.6666666666666665,0
S02023,3,3,2,1,Tablet,Social,South,3.816666666666667,0
S02024,3,3,1,1,Desktop,Direct,South,4.333333333333333,0
S02025,3,3,3,1,Mobile,Organic Search,East,3.95,0
S02026,1,1,1,1,Desktop,Direct,South,0.0,0
S02027,3,3,1,1,Mobile,Social,West,3.683333333333333,0
S02028,5,4,2,2,Tablet,Organic Search,North,4.4,1
S02029,4,4,2,1,Desktop,Email,North,4.016666666666667,0
S02030,2,2,1,1,Mobile,Social,North,2.0166666666666666,0
S02031,2,2,1,1,Desktop,Direct,East,0.9666666666666667,0
S02032,2,2,2,1,Mobile,Paid Search,Central,2.4833333333333334,0
S02033,1,1,1,1,Mobile,Organic Search,Central,0.0,0
S02034,1,1,1,1,Tablet,Organic Search,South,0.0,0
S02035,3,3,1,1,Mobile,Social,East,3.05,0
S02036,3,2,1,2,Desktop,Organic Search,West,2.6666666666666665,0
S02037,3,3,1,1,Desktop,Direct,South,2.8,0
S02038,3,2,1,2,Desktop,Social,East,4.183333333333334,0
S02039,3,3,2,1,Desktop,Direct,East,4.95,0
S02040,2,2,1,1,Desktop,Referral,North,0.45,0
S02041,3,3,1,1,Mobile,Referral,North,3.7,0
S02042,3,3,1,1,Mobile,Direct,North,4.483333333333333,0
S02043,2,2,1,1,Mobile,Organic Search,West,0.4166666666666667,0
S02044,3,3,1,1,Desktop,Paid Search,North,4.566666666666666,0
S02045,2,2,1,1,Mobile,Email,North,1.1166666666666667,0
S02046,3,3,1,1,Mobile,Organic Search,South,4.383333333333334,0
S02047,3,3,2,1,Desktop,Paid Search,North,2.7333333333333334,0
S02048,4,4,1,1,Mobile,Organic Search,North,2.816666666666667,0
S02049,2,2,1,1,Mobile,Social,Central,2.9,0
S02050,1,1,1,1,Desktop,Organic Search,North,0.0,0
S02051,4,4,2,1,Mobile,Organic Search,West,2.9,0
S02052,1,1,1,1,Mobile,Organic Search,South,0.0,0
S02053,3,3,2,1,Desktop,Referral,West,4.5,0
S02054,2,2,1,1,Tablet,Paid Search,East,2.433333333333333,0
S02055,3,3,2,1,Mobile,Social,South,4.283333333333333,0
S02056,4,4,1,1,Mobile,Direct,Central,4.5,0
S02057,3,3,1,1,Mobile,Direct,East,4.916666666666667,0
S02058,3,3,1,1,Mobile,Organic Search,Central,3.55,0
S02059,3,2,1,2,Mobile,Email,East,3.183333333333333,0
S02060,1,1,1,1,Mobile,Paid Search,Central,0.0,0
S02061,3,3,1,1,Desktop,Paid Search,West,4.75,0
S02062,2,2,1,1,Mobile,Direct,Central,2.65,0
S02063,2,2,1,1,Mobile,Referral,East,0.6,0
S02064,4,4,3,1,Mobile,Organic Search,East,4.916666666666667,0
S02065,3,3,2,1,Desktop,Referral,West,2.45,0
S02066,1,1,1,1,Mobile,Organic Search,Central,0.0,0
S02067,3,3,1,1,Desktop,Email,Central,3.75,0
S02068,3,3,2,1,Desktop,Direct,South,3.9833333333333334,0
S02069,2,2,1,1,Desktop,Email,West,0.95,0
S02070,2,1,1,2,Desktop,Paid Search,South,3.95,0
S02071,1,1,1,1,Mobile,Email,East,0.0,0
S02072,4,4,2,1,Mobile,Direct,North,3.183333333333333,0
S02073,2,2,1,1,Desktop,Social,South,2.15,0
S02074,3,3,1,1,Mobile,Paid Search,Central,2.45,0
S02075,2,2,1,1,Mobile,Social,North,2.8333333333333335,0
S02076,4,4,1,1,Mobile,Organic Search,West,4.466666666666667,0
S02077,1,1,1,1,Desktop,Paid Search,East,0.0,0
S02078,2,2,1,1,Mobile,Paid Search,North,1.9,0
S02079,3,3,3,1,Tablet,Direct,South,3.2,0
S02080,3,3,1,1,Mobile,Email,East,2.3,0
S02081,3,3,1,1,Desktop,Direct,North,2.8833333333333333,1
S02082,3,3,1,1,Desktop,Organic Search,Central,4.216666666666667,0
S02083,4,4,2,1,Mobile,Organic Search,Central,3.5833333333333335,0
S02084,3,3,2,1,Tablet,Organic Search,South,2.5166666666666666,0
S02085,3,3,2,1,Mobile,Paid Search,North,3.45,0
S02086,3,3,2,1,Mobile,Paid Search,East,2.6333333333333333,0
S02087,1,1,1,1,Desktop,Referral,West,0.0,0
S02088,2,2,1,1,Mobile,Social,South,1.6166666666666667,0
S02089,4,4,2,1,Mobile,Organic Search,North,3.75,0
S02090,3,3,1,1,Mobile,Referral,East,4.333333333333333,0
S02091,2,2,1,1,Mobile,Social,Central,2.75,0
S02092,3,3,1,1,Tablet,Email,South,3.8333333333333335,0
S02093,3,3,1,1,Desktop,Paid Search,East,2.716666666666667,0
S02094,3,3,2,1,Mobile,Referral,Central,3.183333333333333,0
S02095,2,2,1,1,Desktop,Paid Search,West,0.8166666666666667,0
S02096,3,3,2,1,Mobile,Referral,West,3.1,0
S02097,4,3,2,2,Mobile,Organic Search,East,3.9166666666666665,1
S02098,2,2,1,1,Mobile,Organic Search,Central,2.45,0
S02099,1,1,1,1,Mobile,Email,West,0.0,0
S02100,3,3,1,1,Mobile,Paid Search,Central,3.8833333333333333,0
S02101,3,3,1,1,Tablet,Social,West,4.2,0
S02102,2,2,1,1,Mobile,Referral,West,2.3,0
S02103,3,3,3,1,Desktop,Direct,South,2.8833333333333333,0
S02104,1,1,1,1,Mobile,Organic Search,South,0.0,0
S02105,5,5,2,1,Mobile,Social,West,4.566666666666666,0
S02106,3,3,2,1,Desktop,Paid Search,South,2.816666666666667,0
S02107,3,3,1,1,Mobile,Organic Search,East,3.1166666666666667,0
S02108,2,2,1,1,Tablet,Email,South,0.4666666666666667,0
S02109,2,2,1,1,Desktop,Social,Central,1.9166666666666667,0
S02110,2,2,1,1,Tablet,Social,North,0.5,0
S02111,3,3,2,1,Desktop,Email,Central,3.783333333333333,0
S02112,4,4,2,1,Desktop,Direct,West,4.9,1
S02113,3,3,2,1,Desktop,Referral,North,3.15,0
S02114,3,3,2,1,Tablet,Paid Search,East,4.433333333333334,0
S02115,3,2,1,2,Mobile,Direct,South,3.8666666666666667,0
S02116,3,3,2,1,Desktop,Direct,South,3.8833333333333333,0
S02117,3,3,1,1,Mobile,Social,South,2.6,0
S02118,3,3,1,1,Mobile,Organic Search,North,3.8333333333333335,0
S02119,3,3,1,1,Desktop,Organic Search,Central,3.433333333333333,0
S02120,4,4,2,1,Tablet,Email,North,4.233333333333333,0
S02121,3,3,1,1,Mobile,Direct,West,4.283333333333333,1
S02122,4,4,2,1,Mobile,Paid Search,South,3.2333333333333334,0
S02123,4,4,2,1,Tablet,Organic Search,West,2.6,1
S02124,1,1,1,1,Mobile,Paid Search,South,0.0,0
S02125,3,3,2,1,Tablet,Direct,West,3.466666666666667,0
S02126,2,2,2,1,Mobile,Organic Search,West,1.6666666666666667,0
S02127,2,2,1,1,Mobile,Organic Search,West,0.8166666666666667,0
S02128,2,2,2,1,Desktop,Referral,North,0.6833333333333333,0
S02129,4,4,1,1,Tablet,Social,West,4.9,0
S02130,3,3,1,1,Mobile,Organic Search,South,4.066666666666666,0
S02131,2,2,1,1,Desktop,Social,North,1.6666666666666667,0
S02132,4,4,1,1,Desktop,Paid Search,East,3.4833333333333334,0
S02133,2,2,1,1,Mobile,Referral,East,0.5833333333333334,0
S02134,1,1,1,1,Mobile,Direct,East,0.0,0
S02135,2,2,2,1,Mobile,Paid Search,West,2.4166666666666665,0
S02136,3,3,2,1,Tablet,Organic Search,South,4.683333333333334,1
S02137,3,3,1,1,Desktop,Direct,South,4.233333333333333,1
S02138,3,3,2,1,Mobile,Referral,North,3.8666666666666667,0
S02139,3,3,1,1,Desktop,Paid Search,West,3.183333333333333,0
S02140,2,2,1,1,Mobile,Direct,East,2.95,0
S02141,3,3,1,1,Mobile,Organic Search,South,1.1833333333333333,0
S02142,4,4,2,1,Mobile,Paid Search,West,4.933333333333334,0
S02143,3,3,1,1,Mobile,Paid Search,East,2.433333333333333,0
S02144,4,4,2,1,Desktop,Direct,East,3.933333333333333,0
S02145,3,3,1,1,Mobile,Referral,East,3.2,0
S02146,3,3,1,1,Mobile,Organic Search,West,3.0166666666666666,0
S02147,3,3,1,1,Mobile,Direct,West,2.8333333333333335,0
S02148,3,3,1,1,Desktop,Referral,South,2.783333333333333,0
S02149,2,2,1,1,Mobile,Direct,North,1.0166666666666666,0
S02150,4,3,1,2,Mobile,Direct,North,4.383333333333334,1
S02151,4,4,1,1,Desktop,Paid Search,West,4.2,0
S02152,4,4,2,1,Desktop,Social,Central,4.533333333333333,0
S02153,3,2,1,2,Mobile,Organic Search,East,4.366666666666666,0
S02154,3,2,1,2,Mobile,Referral,North,4.65,0
S02155,1,1,1,1,Desktop,Social,West,0.0,0
S02156,2,2,1,1,Desktop,Organic Search,Central,1.4666666666666666,0
S02157,4,4,2,1,Desktop,Social,Central,4.266666666666667,0
S02158,5,5,3,1,Desktop,Direct,West,4.066666666666666,1
S02159,2,2,1,1,Mobile,Direct,Central,2.4833333333333334,0
S02160,3,3,1,1,Mobile,Social,North,3.3666666666666667,0
S02161,1,1,1,1,Mobile,Referral,North,0.0,0
S02162,3,3,1,1,Mobile,Organic Search,North,3.283333333333333,0
S02163,5,3,1,3,Desktop,Direct,West,3.45,1
S02164,3,3,1,1,Mobile,Email,North,3.3333333333333335,0
S02165,4,4,3,1,Mobile,Direct,East,4.85,0
S02166,4,4,2,1,Tablet,Direct,East,4.966666666666667,0
S02167,1,1,1,1,Mobile,Organic Search,South,0.0,0
S02168,1,1,1,1,Desktop,Paid Search,Central,0.0,0
S02169,3,3,1,1,Mobile,Email,North,4.55,0
S02170,1,1,1,1,Desktop,Organic Search,South,0.0,0
S02171,3,3,2,1,Mobile,Social,West,4.566666666666666,0
S02172,2,2,1,1,Desktop,Social,North,1.2666666666666666,0
S02173,2,1,1,2,Desktop,Email,West,3.566666666666667,0
S02174,3,3,1,1,Mobile,Direct,Central,4.2,0
S02175,4,4,2,1,Desktop,Paid Search,Central,4.716666666666667,0
S02176,4,4,1,1,Mobile,Direct,Central,4.966666666666667,0
S02177,2,2,1,1,Desktop,Organic Search,South,2.9,0
S02178,3,3,1,1,Mobile,Social,East,4.9,0
S02179,4,4,1,1,Mobile,Organic Search,North,3.783333333333333,0
S02180,3,3,1,1,Mobile,Organic Search,South,3.033333333333333,0
S02181,2,2,2,1,Desktop,Organic Search,North,2.566666666666667,0
S02182,4,4,2,1,Desktop,Organic Search,South,3.7,0
S02183,3,3,1,1,Desktop,Organic Search,Central,1.7166666666666666,0
S02184,2,2,1,1,Desktop,Referral,South,2.033333333333333,0
S02185,2,2,1,1,Mobile,Direct,East,0.9666666666666667,0
S02186,3,3,1,1,Tablet,Organic Search,East,3.6166666666666667,0
S02187,2,2,1,1,Mobile,Organic Search,East,0.5,0
S02188,3,3,2,1,Mobile,Referral,Central,4.016666666666667,1
S02189,3,3,1,1,Mobile,Email,South,3.3,0
S02190,3,3,3,1,Mobile,Direct,West,3.433333333333333,0
S02191,1,1,1,1,Desktop,Social,East,0.0,0
S02192,2,2,1,1,Tablet,Direct,North,1.1333333333333333,0
S02193,3,3,1,1,Mobile,Direct,East,2.433333333333333,0
S02194,2,2,1,1,Mobile,Organic Search,Central,2.9,0
S02195,2,2,2,1,Desktop,Direct,North,1.4,0
S02196,3,1,1,3,Mobile,Direct,North,4.766666666666667,0
S02197,3,2,2,2,Mobile,Paid Search,North,3.066666666666667,1
S02198,3,3,2,1,Mobile,Direct,West,4.25,0
S02199,1,1,1,1,Mobile,Paid Search,West,0.0,0
S02200,4,4,2,1,Mobile,Organic Search,East,4.0,0
S02201,3,3,1,1,Tablet,Organic Search,East,3.283333333333333,0
S02202,3,3,2,1,Desktop,Direct,Central,2.25,0
S02203,3,3,1,1,Mobile,Referral,West,4.0,0
S02204,4,4,1,1,Desktop,Direct,Central,2.8333333333333335,0
S02205,1,1,1,1,Mobile,Paid Search,Central,0.0,0
S02206,4,4,2,1,Tablet,Direct,West,2.783333333333333,0
S02207,3,3,1,1,Desktop,Organic Search,East,3.3666666666666667,0
S02208,3,3,1,1,Mobile,Organic Search,Central,1.9666666666666666,0
S02209,3,2,2,2,Desktop,Direct,Central,4.583333333333333,1
S02210,1,1,1,1,Tablet,Organic Search,North,0.0,0
S02211,3,3,2,1,Mobile,Organic Search,North,3.25,0
S02212,2,2,1,1,Mobile,Social,Central,2.033333333333333,0
S02213,3,3,2,1,Desktop,Organic Search,South,3.95,0
S02214,2,2,1,1,Tablet,Paid Search,Central,0.9666666666666667,0
S02215,3,3,1,1,Mobile,Direct,South,4.316666666666666,0
S02216,2,2,1,1,Desktop,Email,North,2.966666666666667,0
S02217,3,3,1,1,Mobile,Paid Search,North,3.8333333333333335,0
S02218,4,4,1,1,Desktop,Direct,North,4.85,0
S02219,2,2,2,1,Mobile,Direct,South,1.4,0
S02220,3,3,2,1,Desktop,Social,East,3.6666666666666665,0
S02221,1,1,1,1,Mobile,Social,West,0.0,0
S02222,2,2,1,1,Mobile,Organic Search,Central,0.8166666666666667,0
S02223,2,1,1,2,Desktop,Organic Search,East,2.35,0
S02224,3,3,2,1,Desktop,Referral,East,3.0166666666666666,0
S02225,3,3,2,1,Desktop,Direct,East,4.45,0
S02226,4,4,2,1,Mobile,Paid Search,East,4.183333333333334,0
S02227,2,2,1,1,Desktop,Direct,East,2.6166666666666667,0
S02228,4,4,1,1,Mobile,Organic Search,North,4.783333333333333,0
S02229,2,2,2,1,Desktop,Paid Search,North,1.1333333333333333,0
S02230,4,4,1,1,Desktop,Email,North,4.366666666666666,0
S02231,3,3,2,1,Mobile,Organic Search,North,3.8,0
S02232,4,4,1,1,Desktop,Email,West,4.783333333333333,0
S02233,2,2,1,1,Tablet,Social,South,1.6166666666666667,0
S02234,1,1,1,1,Mobile,Paid Search,Central,0.0,0
S02235,2,2,1,1,Mobile,Organic Search,Central,1.2166666666666666,0
S02236,3,3,2,1,Mobile,Paid Search,Central,3.783333333333333,0
S02237,3,3,2,1,Tablet,Paid Search,Central,3.2333333333333334,0
S02238,2,2,1,1,Desktop,Social,South,2.8,0
S02239,3,1,1,3,Desktop,Paid Search,East,4.383333333333334,0
S02240,2,2,2,1,Desktop,Organic Search,North,2.45,0
S02241,3,3,3,1,Mobile,Social,Central,3.3333333333333335,0
S02242,3,3,1,1,Desktop,Paid Search,Central,4.283333333333333,0
S02243,2,2,1,1,Mobile,Organic Search,Central,0.9833333333333333,0
S02244,3,3,1,1,Tablet,Direct,East,3.533333333333333,0
S02245,3,3,2,1,Mobile,Direct,West,3.7333333333333334,1
S02246,4,4,1,1,Mobile,Paid Search,North,3.033333333333333,0
S02247,2,2,1,1,Desktop,Organic Search,North,1.3166666666666667,0
S02248,1,1,1,1,Mobile,Paid Search,West,0.0,0
S02249,2,2,1,1,Mobile,Referral,East,1.7,0
S02250,3,3,2,1,Desktop,Social,Central,3.933333333333333,0
S02251,2,2,1,1,Desktop,Referral,North,2.55,0
S02252,3,3,1,1,Tablet,Referral,Central,3.25,0
S02253,3,3,2,1,Mobile,Organic Search,East,1.4833333333333334,0
S02254,4,4,1,1,Mobile,Paid Search,Central,4.2,0
S02255,3,3,2,1,Mobile,Direct,Central,3.4833333333333334,0
S02256,3,3,1,1,Mobile,Social,Central,5.0,0
S02257,3,3,1,1,Mobile,Direct,South,4.266666666666667,0
S02258,3,3,2,1,Mobile,Referral,Central,3.216666666666667,0
S02259,3,3,2,1,Desktop,Paid Search,North,4.45,0
S02260,3,3,1,1,Mobile,Social,North,3.2666666666666666,0
S02261,3,3,1,1,Mobile,Organic Search,East,3.283333333333333,0
S02262,2,2,1,1,Mobile,Organic Search,Central,2.4833333333333334,0
S02263,4,4,2,1,Tablet,Social,East,2.65,0
S02264,2,2,1,1,Mobile,Organic Search,Central,2.716666666666667,0
S02265,1,1,1,1,Mobile,Social,West,0.0,0
S02266,3,3,1,1,Mobile,Organic Search,South,4.033333333333333,1
S02267,2,2,1,1,Mobile,Paid Search,Central,2.65,0
S02268,3,3,2,1,Mobile,Direct,North,3.683333333333333,0
S02269,4,3,2,2,Desktop,Paid Search,Central,3.35,0
S02270,3,3,1,1,Mobile,Paid Search,South,3.7,0
S02271,3,3,2,1,Desktop,Direct,East,4.166666666666667,0
S02272,6,6,2,1,Mobile,Organic Search,East,4.233333333333333,0
S02273,3,3,2,1,Mobile,Organic Search,North,3.55,0
S02274,3,3,2,1,Mobile,Paid Search,South,3.55,0
S02275,3,3,1,1,Tablet,Email,North,1.6833333333333333,0
S02276,4,4,3,1,Mobile,Social,South,3.5166666666666666,0
S02277,4,4,1,1,Mobile,Email,North,2.5166666666666666,0
S02278,3,3,2,1,Mobile,Direct,East,2.75,0
S02279,2,2,1,1,Mobile,Direct,West,2.3666666666666667,0
S02280,3,3,2,1,Desktop,Organic Search,East,3.433333333333333,0
S02281,2,2,1,1,Desktop,Direct,Central,2.8333333333333335,0
S02282,1,1,1,1,Mobile,Referral,West,0.0,0
S02283,3,3,2,1,Mobile,Social,West,2.7666666666666666,0
S02284,3,3,2,1,Desktop,Direct,West,4.116666666666666,1
S02285,3,3,2,1,Desktop,Paid Search,East,3.4,0
S02286,2,2,2,1,Desktop,Social,West,2.316666666666667,0
S02287,2,1,1,2,Tablet,Email,North,3.0166666666666666,0
S02288,3,3,1,1,Desktop,Organic Search,Central,2.1666666666666665,0
S02289,3,3,1,1,Mobile,Organic Search,West,2.9,0
S02290,3,3,2,1,Desktop,Email,South,4.366666666666666,0
S02291,2,2,1,1,Mobile,Referral,West,1.0833333333333333,0
S02292,3,3,2,1,Desktop,Paid Search,North,4.65,0
S02293,2,2,1,1,Desktop,Organic Search,South,1.8166666666666667,0
S02294,3,3,2,1,Mobile,Organic Search,North,1.3333333333333333,0
S02295,3,3,2,1,Desktop,Social,West,3.2,0
S02296,2,2,2,1,Desktop,Social,West,2.8333333333333335,0
S02297,3,3,1,1,Desktop,Paid Search,Central,3.1666666666666665,0
S02298,2,2,1,1,Desktop,Paid Search,North,2.966666666666667,1
S02299,3,3,1,1,Desktop,Organic Search,East,3.6,0
S02300,2,2,1,1,Desktop,Social,West,1.5,0
S02301,2,2,1,1,Mobile,Social,North,0.7,0
S02302,4,4,1,1,Mobile,Direct,West,4.316666666666666,1
S02303,3,3,1,1,Mobile,Paid Search,North,3.1333333333333333,0
S02304,2,2,1,1,Desktop,Organic Search,North,2.283333333333333,0
S02305,3,3,1,1,Tablet,Organic Search,East,3.55,0
S02306,4,4,3,1,Mobile,Organic Search,West,3.4833333333333334,0
S02307,3,3,1,1,Desktop,Organic Search,North,3.1666666666666665,0
S02308,3,3,2,1,Mobile,Direct,North,4.633333333333334,0
S02309,1,1,1,1,Desktop,Direct,South,0.0,0
S02310,4,4,2,1,Desktop,Email,South,4.733333333333333,0
S02311,2,2,1,1,Mobile,Email,South,0.43333333333333335,0
S02312,4,4,1,1,Mobile,Direct,South,3.816666666666667,0
S02313,3,3,1,1,Mobile,Organic Search,West,3.183333333333333,0
S02314,2,2,1,1,Mobile,Paid Search,East,1.8166666666666667,0
S02315,3,3,1,1,Tablet,Direct,West,3.566666666666667,1
S02316,4,4,3,1,Desktop,Direct,West,3.15,0
S02317,4,4,1,1,Desktop,Social,North,3.75,0
S02318,3,3,2,1,Mobile,Social,North,4.533333333333333,0
S02319,2,2,2,1,Mobile,Social,Central,2.683333333333333,0
S02320,4,4,1,1,Mobile,Email,North,3.4833333333333334,0
S02321,1,1,1,1,Tablet,Organic Search,North,0.0,0
S02322,4,4,2,1,Mobile,Paid Search,North,4.883333333333334,0
S02323,2,2,1,1,Mobile,Organic Search,West,0.9666666666666667,0
S02324,4,4,2,1,Desktop,Email,East,4.133333333333334,1
S02325,4,3,1,2,Mobile,Organic Search,Central,4.483333333333333,1
S02326,3,3,2,1,Tablet,Social,Central,3.5166666666666666,0
S02327,4,4,3,1,Mobile,Organic Search,East,3.7666666666666666,0
S02328,3,3,1,1,Desktop,Referral,South,3.7333333333333334,0
S02329,2,2,1,1,Mobile,Social,South,1.5166666666666666,0
S02330,3,3,2,1,Desktop,Email,North,4.1,0
S02331,3,3,1,1,Desktop,Social,North,4.166666666666667,0
S02332,2,2,1,1,Desktop,Paid Search,North,2.8,0
S02333,4,4,1,1,Mobile,Social,North,4.9,0
S02334,4,4,2,1,Mobile,Email,South,4.533333333333333,0
S02335,3,3,3,1,Desktop,Social,South,3.4,0
S02336,2,2,1,1,Mobile,Email,Central,2.6333333333333333,0
S02337,3,3,1,1,Mobile,Referral,East,3.6166666666666667,0
S02338,2,2,1,1,Mobile,Email,Central,2.1166666666666667,0
S02339,2,2,1,1,Desktop,Email,South,0.95,0
S02340,3,3,1,1,Mobile,Social,East,1.6666666666666667,0
S02341,2,2,1,1,Mobile,Social,South,0.48333333333333334,0
S02342,2,2,1,1,Desktop,Paid Search,North,1.7666666666666666,0
S02343,3,3,1,1,Desktop,Organic Search,North,1.5333333333333334,0
S02344,4,3,1,2,Desktop,Email,Central,4.383333333333334,1
S02345,4,4,1,1,Tablet,Referral,Central,4.683333333333334,0
S02346,4,3,2,2,Mobile,Social,North,3.1666666666666665,0
S02347,3,3,1,1,Mobile,Social,North,5.0,0
S02348,4,4,2,1,Mobile,Organic Search,East,3.033333333333333,0
S02349,2,2,1,1,Mobile,Email,North,0.4,0
S02350,1,1,1,1,Desktop,Paid Search,South,0.0,0
S02351,3,3,1,1,Mobile,Social,North,3.6666666666666665,0
S02352,1,1,1,1,Tablet,Organic Search,East,0.0,0
S02353,1,1,1,1,Mobile,Social,South,0.0,0
S02354,4,4,3,1,Mobile,Paid Search,South,3.4833333333333334,0
S02355,2,2,1,1,Mobile,Organic Search,North,2.4,0
S02356,2,2,1,1,Desktop,Direct,East,1.9666666666666666,0
S02357,2,2,1,1,Tablet,Direct,Central,0.8833333333333333,0
S02358,2,2,1,1,Desktop,Paid Search,South,2.533333333333333,0
S02359,2,2,1,1,Mobile,Organic Search,Central,1.2333333333333334,0
S02360,2,2,1,1,Desktop,Organic Search,Central,2.2333333333333334,0
S02361,3,3,2,1,Desktop,Social,Central,3.6333333333333333,0
S02362,5,5,2,1,Mobile,Organic Search,West,4.65,0
S02363,3,3,1,1,Desktop,Organic Search,West,2.933333333333333,0
S02364,4,3,2,2,Mobile,Email,Central,4.716666666666667,0
S02365,4,4,2,1,Mobile,Email,North,4.6,0
S02366,3,3,1,1,Desktop,Social,East,4.183333333333334,0
S02367,4,4,2,1,Desktop,Email,Central,4.65,0
S02368,3,2,1,2,Mobile,Social,West,2.5,0
S02369,2,2,2,1,Desktop,Paid Search,Central,2.4166666666666665,0
S02370,4,4,2,1,Mobile,Organic Search,West,4.016666666666667,0
S02371,2,2,2,1,Mobile,Organic Search,Central,2.683333333333333,0
S02372,2,2,1,1,Mobile,Email,West,2.8333333333333335,0
S02373,3,3,2,1,Mobile,Direct,West,3.316666666666667,1
S02374,1,1,1,1,Mobile,Social,East,0.0,0
S02375,2,2,1,1,Mobile,Paid Search,Central,2.85,0
S02376,4,4,2,1,Desktop,Direct,Central,4.466666666666667,1
S02377,3,1,1,3,Desktop,Organic Search,Central,3.183333333333333,0
S02378,2,2,1,1,Mobile,Organic Search,West,2.7,0
S02379,3,3,1,1,Mobile,Paid Search,South,4.966666666666667,0
S02380,4,4,3,1,Mobile,Direct,North,4.816666666666666,0
S02381,3,3,2,1,Mobile,Email,Central,4.666666666666667,0
S02382,3,3,1,1,Mobile,Organic Search,East,1.4333333333333333,0
S02383,3,3,2,1,Tablet,Paid Search,South,2.6166666666666667,0
S02384,1,1,1,1,Mobile,Social,North,0.0,0
S02385,4,4,2,1,Desktop,Direct,Central,4.75,0
S02386,2,2,2,1,Mobile,Email,Central,0.55,0
S02387,5,5,2,1,Mobile,Referral,Central,4.2,0
S02388,5,5,2,1,Mobile,Direct,West,4.466666666666667,0
S02389,2,2,1,1,Mobile,Paid Search,South,2.9166666666666665,0
S02390,2,2,1,1,Mobile,Organic Search,South,0.8333333333333334,0
S02391,3,3,1,1,Mobile,Paid Search,North,4.916666666666667,0
S02392,2,2,2,1,Desktop,Organic Search,Central,2.8666666666666667,0
S02393,2,1,1,2,Mobile,Referral,North,2.5,0
S02394,2,2,1,1,Desktop,Social,West,2.5,0
S02395,3,3,1,1,Tablet,Social,East,2.466666666666667,0
S02396,3,3,1,1,Desktop,Paid Search,East,3.2333333333333334,0
S02397,3,2,1,2,Desktop,Paid Search,Central,4.716666666666667,1
S02398,3,3,1,1,Desktop,Email,North,4.833333333333333,0
S02399,2,2,1,1,Mobile,Social,West,2.8,0
S02400,2,2,2,1,Mobile,Referral,North,2.7333333333333334,0
S02401,4,4,1,1,Desktop,Email,North,4.75,0
S02402,3,3,2,1,Desktop,Referral,East,4.683333333333334,0
S02403,4,4,2,1,Mobile,Paid Search,North,4.933333333333334,0
S02404,4,4,3,1,Desktop,Paid Search,West,4.8,0
S02405,4,4,1,1,Mobile,Email,East,4.666666666666667,0
S02406,2,2,2,1,Mobile,Organic Search,North,2.65,0
S02407,2,2,1,1,Mobile,Organic Search,North,2.85,0
S02408,3,3,1,1,Desktop,Organic Search,West,2.25,0
S02409,4,3,1,2,Tablet,Email,Central,4.716666666666667,1
S02410,3,3,1,1,Mobile,Direct,East,3.5,0
S02411,4,4,2,1,Mobile,Email,East,4.383333333333334,0
S02412,2,2,2,1,Desktop,Referral,West,2.75,0
S02413,2,2,1,1,Mobile,Direct,West,1.7833333333333334,0
S02414,3,3,1,1,Desktop,Email,South,3.6333333333333333,0
S02415,4,4,1,1,Mobile,Organic Search,West,1.9,0
S02416,2,2,1,1,Tablet,Organic Search,West,2.2666666666666666,0
S02417,1,1,1,1,Mobile,Social,West,0.0,0
S02418,1,1,1,1,Desktop,Paid Search,West,0.0,0
S02419,4,4,2,1,Desktop,Social,Central,4.7,1
S02420,3,3,1,1,Mobile,Organic Search,North,3.466666666666667,0
S02421,2,2,1,1,Desktop,Paid Search,Central,0.3333333333333333,0
S02422,1,1,1,1,Desktop,Direct,East,0.0,0
S02423,2,2,1,1,Mobile,Organic Search,West,1.2,0
S02424,5,5,2,1,Mobile,Organic Search,North,4.183333333333334,0
S02425,4,4,1,1,Desktop,Organic Search,South,4.45,0
S02426,2,2,1,1,Tablet,Direct,West,2.066666666666667,0
S02427,3,3,2,1,Desktop,Organic Search,West,3.05,0
S02428,4,3,1,2,Tablet,Referral,North,5.0,0
S02429,2,2,1,1,Desktop,Direct,East,0.95,0
S02430,3,3,1,1,Tablet,Organic Search,North,4.533333333333333,0
S02431,3,2,1,2,Mobile,Organic Search,Central,3.283333333333333,0
S02432,2,2,1,1,Mobile,Paid Search,Central,1.5166666666666666,0
S02433,4,4,2,1,Tablet,Organic Search,North,4.7,0
S02434,3,3,1,1,Desktop,Social,Central,2.4166666666666665,0
S02435,3,3,1,1,Tablet,Referral,Central,2.2333333333333334,1
S02436,3,3,2,1,Mobile,Organic Search,South,4.783333333333333,0
S02437,4,4,2,1,Mobile,Email,West,4.5,0
S02438,2,2,2,1,Desktop,Organic Search,East,0.7333333333333333,0
S02439,4,3,1,2,Mobile,Paid Search,West,4.916666666666667,0
S02440,4,4,2,1,Desktop,Direct,South,3.6333333333333333,0
S02441,3,3,1,1,Mobile,Direct,South,3.9166666666666665,0
S02442,3,3,2,1,Mobile,Organic Search,East,3.65,0
S02443,5,4,1,2,Mobile,Paid Search,North,2.7333333333333334,0
S02444,4,3,1,2,Mobile,Direct,Central,4.483333333333333,1
S02445,4,4,2,1,Mobile,Organic Search,South,3.9833333333333334,1
S02446,4,1,1,4,Desktop,Paid Search,East,3.95,1
S02447,3,2,1,2,Desktop,Paid Search,Central,3.05,0
S02448,3,3,1,1,Desktop,Social,East,4.016666666666667,0
S02449,3,3,2,1,Desktop,Organic Search,East,2.3833333333333333,0
S02450,3,3,1,1,Desktop,Social,Central,3.966666666666667,0
S02451,3,3,3,1,Desktop,Paid Search,Central,2.65,0
S02452,2,2,1,1,Tablet,Organic Search,North,1.9,0
S02453,2,2,2,1,Mobile,Paid Search,East,0.7833333333333333,0
S02454,1,1,1,1,Desktop,Email,Central,0.0,0
S02455,3,3,2,1,Mobile,Referral,South,3.6,1
S02456,3,3,1,1,Desktop,Organic Search,South,4.35,0
S02457,3,3,2,1,Mobile,Paid Search,North,3.05,0
S02458,3,3,2,1,Mobile,Direct,North,4.35,0
S02459,2,2,1,1,Mobile,Referral,West,2.966666666666667,0
S02460,4,4,2,1,Mobile,Direct,West,3.05,0
S02461,2,2,2,1,Tablet,Referral,Central,2.066666666666667,0
S02462,3,3,2,1,Tablet,Referral,West,2.1333333333333333,0
S02463,2,2,1,1,Mobile,Direct,South,2.8666666666666667,0
S02464,3,3,1,1,Mobile,Social,North,4.433333333333334,0
S02465,3,2,1,2,Mobile,Referral,Central,2.7333333333333334,1
S02466,3,3,1,1,Desktop,Direct,South,2.3666666666666667,0
S02467,3,3,2,1,Mobile,Email,South,2.65,0
S02468,2,1,1,2,Desktop,Email,Central,2.2666666666666666,0
S02469,3,3,2,1,Mobile,Direct,East,3.033333333333333,0
S02470,1,1,1,1,Mobile,Organic Search,South,0.0,0
S02471,3,3,2,1,Desktop,Organic Search,Central,3.65,0
S02472,3,3,3,1,Tablet,Direct,Central,4.916666666666667,1
S02473,4,4,2,1,Tablet,Email,North,3.6333333333333333,0
S02474,2,2,2,1,Mobile,Organic Search,Central,2.566666666666667,0
S02475,3,3,1,1,Mobile,Social,South,3.216666666666667,0
S02476,3,3,2,1,Mobile,Paid Search,East,4.966666666666667,0
S02477,3,3,1,1,Desktop,Organic Search,Central,3.7666666666666666,0
S02478,2,2,1,1,Mobile,Paid Search,Central,1.7166666666666666,0
S02479,1,1,1,1,Desktop,Paid Search,South,0.0,0
S02480,2,1,1,2,Mobile,Referral,South,3.75,1
S02481,2,2,1,1,Desktop,Organic Search,North,2.3666666666666667,0
S02482,3,3,1,1,Mobile,Organic Search,East,4.0,0
S02483,3,3,1,1,Tablet,Referral,North,3.0,0
S02484,4,4,1,1,Desktop,Referral,East,3.716666666666667,0
S02485,2,2,1,1,Mobile,Social,North,1.8666666666666667,0
S02486,2,2,1,1,Tablet,Social,East,1.8166666666666667,0
S02487,3,3,1,1,Mobile,Organic Search,North,3.6666666666666665,0
S02488,5,5,1,1,Mobile,Email,Central,4.316666666666666,1
S02489,3,3,2,1,Mobile,Organic Search,South,3.1,0
S02490,1,1,1,1,Mobile,Organic Search,South,0.0,0
S02491,2,2,1,1,Desktop,Social,Central,1.7,0
S02492,1,1,1,1,Desktop,Organic Search,West,0.0,0
S02493,3,3,2,1,Mobile,Email,South,3.316666666666667,0
S02494,3,2,2,2,Mobile,Referral,North,4.166666666666667,0
S02495,3,2,2,2,Mobile,Organic Search,West,2.533333333333333,0
S02496,2,2,1,1,Mobile,Referral,South,2.5,0
S02497,2,2,1,1,Mobile,Referral,West,2.75,0
S02498,6,6,2,1,Mobile,Paid Search,East,4.783333333333333,0
S02499,3,3,1,1,Tablet,Organic Search,South,3.15,0
S02500,4,4,1,1,Mobile,Direct,East,4.783333333333333,0
S02501,2,2,2,1,Mobile,Direct,West,2.8,1
S02502,3,3,1,1,Mobile,Direct,Central,4.116666666666666,0
S02503,4,4,2,1,Mobile,Direct,North,4.9,0
S02504,3,3,2,1,Tablet,Referral,East,3.65,0
S02505,4,4,2,1,Desktop,Organic Search,North,2.3833333333333333,0
S02506,3,3,2,1,Desktop,Social,East,4.083333333333333,0
S02507,3,3,2,1,Mobile,Organic Search,Central,2.4833333333333334,0
S02508,3,3,2,1,Mobile,Paid Search,South,1.6166666666666667,0
S02509,2,2,1,1,Mobile,Referral,Central,0.6166666666666667,0
S02510,2,2,1,1,Tablet,Direct,West,0.5833333333333334,0
S02511,2,2,1,1,Desktop,Organic Search,Central,1.3833333333333333,0
S02512,2,2,2,1,Tablet,Paid Search,West,1.3,0
S02513,3,3,2,1,Mobile,Social,North,4.65,0
S02514,3,3,1,1,Mobile,Paid Search,South,2.7666666666666666,0
S02515,4,4,1,1,Mobile,Direct,South,3.25,0
S02516,4,4,1,1,Tablet,Direct,North,4.383333333333334,0
S02517,3,3,1,1,Desktop,Referral,East,2.966666666666667,0
S02518,4,4,1,1,Mobile,Referral,East,3.9833333333333334,0
S02519,2,2,1,1,Mobile,Email,Central,2.8833333333333333,0
S02520,2,2,1,1,Mobile,Social,East,1.55,0
S02521,2,2,1,1,Mobile,Email,West,2.5,0
S02522,3,2,1,2,Desktop,Direct,Central,4.816666666666666,0
S02523,1,1,1,1,Desktop,Organic Search,Central,0.0,0
S02524,3,3,1,1,Desktop,Direct,South,4.25,0
S02525,3,3,2,1,Mobile,Paid Search,East,0.8333333333333334,0
S02526,4,4,2,1,Desktop,Organic Search,South,3.4166666666666665,0
S02527,3,3,1,1,Desktop,Email,South,3.8333333333333335,0
S02528,1,1,1,1,Tablet,Social,South,0.0,0
S02529,3,3,1,1,Desktop,Paid Search,Central,4.95,0
S02530,4,4,2,1,Tablet,Paid Search,East,3.5166666666666666,0
S02531,2,2,1,1,Mobile,Referral,East,2.0833333333333335,0
S02532,3,2,1,2,Mobile,Organic Search,Central,2.4166666666666665,0
S02533,1,1,1,1,Desktop,Paid Search,North,0.0,0
S02534,1,1,1,1,Desktop,Social,East,0.0,0
S02535,4,3,2,2,Mobile,Paid Search,West,4.65,0
S02536,5,5,2,1,Mobile,Direct,North,3.033333333333333,0
S02537,4,4,1,1,Mobile,Organic Search,West,3.1666666666666665,1
S02538,4,3,2,2,Desktop,Referral,South,4.933333333333334,1
S02539,2,2,1,1,Mobile,Email,Central,2.9,0
S02540,4,3,1,2,Mobile,Social,South,2.9166666666666665,1
S02541,3,3,1,1,Mobile,Paid Search,South,2.1333333333333333,0
S02542,4,4,2,1,Mobile,Paid Search,East,3.933333333333333,1
S02543,3,1,1,3,Mobile,Social,North,3.7,1
S02544,4,4,2,1,Mobile,Paid Search,South,4.1,0
S02545,3,3,1,1,Desktop,Direct,East,4.45,0
S02546,4,4,1,1,Mobile,Email,South,4.933333333333334,0
S02547,2,2,1,1,Desktop,Social,East,2.15,0
S02548,2,2,1,1,Mobile,Direct,East,2.5833333333333335,0
S02549,2,2,1,1,Mobile,Direct,East,1.5666666666666667,0
S02550,3,3,2,1,Desktop,Organic Search,West,4.966666666666667,0
S02551,3,3,1,1,Desktop,Referral,South,4.133333333333334,0
S02552,2,1,1,2,Desktop,Organic Search,North,1.2166666666666666,0
S02553,4,4,2,1,Mobile,Paid Search,West,5.0,0
S02554,3,3,1,1,Tablet,Direct,Central,4.15,0
S02555,2,2,1,1,Desktop,Direct,South,0.4,0
S02556,3,3,2,1,Tablet,Paid Search,East,3.7333333333333334,0
S02557,3,3,1,1,Mobile,Organic Search,East,4.116666666666666,1
S02558,3,3,2,1,Desktop,Paid Search,East,3.7666666666666666,0
S02559,3,3,1,1,Desktop,Social,West,3.8666666666666667,0
S02560,3,3,2,1,Mobile,Social,North,4.466666666666667,0
S02561,4,4,2,1,Mobile,Organic Search,West,4.4,0
S02562,2,2,1,1,Mobile,Referral,North,2.7666666666666666,0
S02563,2,2,2,1,Desktop,Paid Search,East,0.4,0
S02564,2,2,1,1,Desktop,Referral,Central,1.95,0
S02565,4,4,3,1,Mobile,Email,East,3.683333333333333,0
S02566,1,1,1,1,Desktop,Paid Search,North,0.0,0
S02567,2,2,1,1,Desktop,Referral,Central,2.283333333333333,0
S02568,4,4,3,1,Desktop,Referral,Central,4.716666666666667,0
S02569,4,4,3,1,Mobile,Email,West,4.15,1
S02570,3,2,1,2,Tablet,Direct,East,4.15,0
S02571,4,4,2,1,Mobile,Direct,North,4.383333333333334,0
S02572,3,2,1,2,Tablet,Direct,Central,4.316666666666666,0
S02573,3,3,1,1,Desktop,Direct,East,4.566666666666666,0
S02574,2,2,1,1,Mobile,Direct,Central,1.35,0
S02575,2,2,2,1,Desktop,Social,South,1.2833333333333334,0
S02576,4,4,2,1,Mobile,Organic Search,South,4.716666666666667,0
S02577,1,1,1,1,Tablet,Paid Search,Central,0.0,0
S02578,3,3,2,1,Mobile,Organic Search,East,4.033333333333333,0
S02579,5,4,2,2,Desktop,Direct,North,4.066666666666666,0
S02580,3,2,2,2,Mobile,Organic Search,South,4.2,0
S02581,3,3,1,1,Desktop,Direct,East,3.316666666666667,0
S02582,2,2,1,1,Tablet,Social,North,2.316666666666667,0
S02583,3,3,1,1,Mobile,Referral,East,3.2,1
S02584,3,3,1,1,Mobile,Organic Search,East,3.433333333333333,0
S02585,4,4,1,1,Mobile,Email,West,3.7,0
S02586,3,3,1,1,Mobile,Email,South,2.5833333333333335,0
S02587,3,3,1,1,Desktop,Social,Central,3.05,0
S02588,3,3,1,1,Mobile,Social,North,4.25,0
S02589,6,6,1,1,Desktop,Email,East,4.65,0
S02590,4,4,2,1,Mobile,Paid Search,North,3.683333333333333,0
S02591,3,3,1,1,Mobile,Social,West,2.75,0
S02592,1,1,1,1,Mobile,Organic Search,Central,0.0,0
S02593,4,4,1,1,Mobile,Direct,Central,4.766666666666667,0
S02594,3,3,2,1,Mobile,Referral,East,4.6,0
S02595,3,3,1,1,Desktop,Social,East,3.466666666666667,0
S02596,4,4,2,1,Mobile,Paid Search,Central,4.9,0
S02597,5,5,2,1,Desktop,Email,Central,2.9833333333333334,0
S02598,4,4,2,1,Mobile,Direct,Central,4.066666666666666,0
S02599,2,2,2,1,Desktop,Email,South,2.7666666666666666,0
S02600,1,1,1,1,Desktop,Paid Search,Central,0.0,0
S02601,4,3,1,2,Mobile,Direct,North,4.783333333333333,0
S02602,2,1,1,2,Desktop,Social,South,1.7666666666666666,0
S02603,2,2,2,1,Mobile,Social,North,2.683333333333333,0
S02604,3,3,1,1,Desktop,Organic Search,South,3.25,0
S02605,3,3,1,1,Desktop,Email,West,4.083333333333333,1
S02606,3,3,2,1,Mobile,Direct,Central,3.7333333333333334,1
S02607,3,3,1,1,Desktop,Paid Search,West,3.7666666666666666,0
S02608,2,2,1,1,Desktop,Organic Search,West,2.3333333333333335,0
S02609,2,2,2,1,Mobile,Paid Search,East,2.2333333333333334,0
S02610,3,3,1,1,Desktop,Social,West,3.716666666666667,0
S02611,4,3,2,2,Mobile,Direct,South,3.533333333333333,0
S02612,5,5,1,1,Desktop,Referral,Central,4.966666666666667,0
S02613,2,2,1,1,Desktop,Referral,West,2.45,0
S02614,3,3,1,1,Mobile,Organic Search,West,2.95,0
S02615,3,3,2,1,Desktop,Organic Search,East,1.9333333333333333,0
S02616,3,3,1,1,Desktop,Referral,Central,3.25,0
S02617,2,2,2,1,Mobile,Referral,South,2.65,0
S02618,4,3,2,2,Desktop,Organic Search,South,4.033333333333333,0
S02619,5,5,3,1,Mobile,Organic Search,West,3.9166666666666665,0
S02620,3,3,1,1,Desktop,Organic Search,East,3.6333333333333333,0
S02621,3,3,2,1,Mobile,Referral,Central,3.55,0
S02622,3,3,1,1,Tablet,Organic Search,South,3.3666666666666667,0
S02623,1,1,1,1,Mobile,Email,South,0.0,0
S02624,4,4,1,1,Tablet,Social,Central,4.116666666666666,0
S02625,4,4,2,1,Mobile,Organic Search,East,4.933333333333334,0
S02626,2,2,2,1,Tablet,Paid Search,East,2.6666666666666665,0
S02627,4,4,1,1,Desktop,Direct,South,4.783333333333333,0
S02628,3,3,1,1,Mobile,Social,South,4.7,0
S02629,3,3,1,1,Mobile,Direct,West,3.7,0
S02630,2,2,2,1,Mobile,Paid Search,North,2.1166666666666667,1
S02631,2,2,1,1,Mobile,Paid Search,Central,0.6166666666666667,0
S02632,3,3,2,1,Mobile,Organic Search,West,3.566666666666667,0
S02633,2,2,1,1,Desktop,Organic Search,North,0.43333333333333335,0
S02634,2,2,1,1,Desktop,Direct,West,2.7666666666666666,0
S02635,4,3,1,2,Mobile,Direct,West,4.466666666666667,0
S02636,4,4,1,1,Mobile,Social,North,3.85,0
S02637,3,3,1,1,Tablet,Social,South,3.1166666666666667,0
S02638,2,2,1,1,Mobile,Email,East,1.05,0
S02639,4,4,2,1,Tablet,Paid Search,West,3.8666666666666667,0
S02640,5,5,1,1,Mobile,Paid Search,West,4.75,0
S02641,3,3,1,1,Desktop,Social,East,3.6333333333333333,0
S02642,3,3,2,1,Desktop,Direct,West,2.45,0
S02643,3,3,2,1,Mobile,Direct,West,1.0666666666666667,0
S02644,3,3,2,1,Mobile,Direct,West,4.816666666666666,0
S02645,3,3,1,1,Desktop,Paid Search,West,3.2,0
S02646,2,2,1,1,Mobile,Email,South,1.7166666666666666,0
S02647,1,1,1,1,Tablet,Email,Central,0.0,0
S02648,2,2,2,1,Mobile,Organic Search,West,0.4,0
S02649,4,4,2,1,Mobile,Social,Central,2.8,0
S02650,4,4,2,1,Mobile,Organic Search,East,2.8833333333333333,0
S02651,2,2,1,1,Desktop,Organic Search,South,1.2333333333333334,0
S02652,4,2,1,3,Mobile,Direct,East,4.216666666666667,0
S02653,2,2,1,1,Mobile,Organic Search,South,2.183333333333333,0
S02654,2,2,1,1,Desktop,Paid Search,West,2.2333333333333334,0
S02655,4,4,2,1,Mobile,Direct,East,3.9,0
S02656,4,4,3,1,Mobile,Email,Central,3.0,0
S02657,2,2,1,1,Mobile,Paid Search,West,0.6166666666666667,0
S02658,3,3,1,1,Mobile,Organic Search,West,3.1666666666666665,0
S02659,4,4,2,1,Desktop,Organic Search,South,4.9,0
S02660,2,2,2,1,Mobile,Referral,Central,2.8333333333333335,0
S02661,3,2,1,2,Mobile,Email,Central,3.35,0
S02662,3,3,2,1,Tablet,Direct,West,2.45,0
S02663,1,1,1,1,Desktop,Organic Search,South,0.0,0
S02664,3,3,1,1,Mobile,Email,East,4.016666666666667,0
S02665,3,3,2,1,Mobile,Paid Search,North,4.616666666666666,0
S02666,1,1,1,1,Desktop,Paid Search,East,0.0,0
S02667,2,2,1,1,Desktop,Paid Search,North,2.566666666666667,0
S02668,2,2,1,1,Mobile,Organic Search,East,1.8833333333333333,0
S02669,3,3,1,1,Mobile,Direct,West,4.666666666666667,0
S02670,2,2,1,1,Desktop,Social,South,2.8333333333333335,0
S02671,4,3,1,2,Mobile,Referral,East,4.466666666666667,0
S02672,3,3,1,1,Mobile,Organic Search,Central,4.533333333333333,0
S02673,1,1,1,1,Mobile,Email,North,0.0,0
S02674,2,2,1,1,Desktop,Organic Search,West,1.1,0
S02675,2,2,2,1,Tablet,Organic Search,North,2.2333333333333334,0
S02676,2,2,1,1,Desktop,Direct,North,2.216666666666667,1
S02677,3,3,1,1,Mobile,Organic Search,North,4.683333333333334,0
S02678,3,3,1,1,Desktop,Paid Search,West,1.6,0
S02679,2,2,1,1,Desktop,Paid Search,East,0.5166666666666667,0
S02680,2,2,1,1,Mobile,Organic Search,Central,2.033333333333333,0
S02681,4,4,3,1,Desktop,Organic Search,East,3.066666666666667,0
S02682,1,1,1,1,Mobile,Social,North,0.0,0
S02683,5,5,1,1,Desktop,Organic Search,West,4.666666666666667,0
S02684,1,1,1,1,Mobile,Paid Search,North,0.0,0
S02685,4,4,2,1,Desktop,Direct,West,4.166666666666667,0
S02686,3,3,1,1,Desktop,Paid Search,North,3.033333333333333,0
S02687,3,3,1,1,Desktop,Direct,South,4.083333333333333,0
S02688,4,4,1,1,Mobile,Organic Search,West,5.0,0
S02689,5,5,2,1,Mobile,Organic Search,Central,3.9,0
S02690,2,2,1,1,Mobile,Organic Search,South,1.7666666666666666,0
S02691,2,2,2,1,Mobile,Direct,Central,1.3333333333333333,0
S02692,3,1,1,3,Mobile,Paid Search,North,3.566666666666667,0
S02693,2,2,1,1,Desktop,Direct,Central,2.4,0
S02694,3,3,1,1,Mobile,Organic Search,West,4.85,0
S02695,2,2,1,1,Tablet,Email,North,2.683333333333333,0
S02696,4,4,2,1,Mobile,Paid Search,South,4.366666666666666,0
S02697,3,3,1,1,Mobile,Referral,North,4.5,0
S02698,3,3,1,1,Desktop,Paid Search,South,3.4,0
S02699,3,3,1,1,Mobile,Email,South,4.183333333333334,0
S02700,4,4,2,1,Mobile,Paid Search,West,4.266666666666667,0
S02701,2,2,1,1,Mobile,Referral,Central,1.9166666666666667,0
S02702,4,3,1,2,Tablet,Social,North,3.966666666666667,0
S02703,2,2,1,1,Desktop,Direct,East,2.7666666666666666,0
S02704,2,2,2,1,Desktop,Organic Search,East,2.466666666666667,0
S02705,3,3,1,1,Mobile,Direct,Central,3.75,1
S02706,3,3,1,1,Mobile,Email,East,3.3833333333333333,0
S02707,3,3,2,1,Desktop,Social,East,3.933333333333333,0
S02708,3,3,2,1,Desktop,Email,East,3.3833333333333333,0
S02709,2,2,1,1,Desktop,Organic Search,South,1.1833333333333333,0
S02710,4,4,1,1,Desktop,Social,North,4.233333333333333,0
S02711,3,3,1,1,Mobile,Social,East,3.183333333333333,0
S02712,2,2,1,1,Mobile,Direct,North,2.7,0
S02713,2,2,1,1,Desktop,Paid Search,East,0.7,0
S02714,4,4,1,1,Mobile,Direct,South,3.8666666666666667,0
S02715,2,2,1,1,Desktop,Referral,East,0.9833333333333333,0
S02716,1,1,1,1,Desktop,Social,North,0.0,0
S02717,3,2,1,2,Mobile,Email,Central,2.3333333333333335,1
S02718,2,2,1,1,Tablet,Paid Search,Central,1.8666666666666667,0
S02719,3,3,1,1,Mobile,Referral,North,4.45,1
S02720,1,1,1,1,Desktop,Email,South,0.0,0
S02721,4,4,2,1,Tablet,Direct,West,3.4833333333333334,0
S02722,2,2,1,1,Mobile,Social,North,2.6166666666666667,0
S02723,3,3,2,1,Mobile,Organic Search,South,2.6333333333333333,0
S02724,4,4,2,1,Mobile,Direct,South,4.683333333333334,0
S02725,4,4,1,1,Mobile,Social,Central,4.716666666666667,0
S02726,3,3,2,1,Desktop,Social,Central,3.283333333333333,0
S02727,3,2,2,2,Desktop,Direct,East,4.05,1
S02728,1,1,1,1,Desktop,Organic Search,East,0.0,0
S02729,4,4,2,1,Desktop,Direct,Central,2.85,0
S02730,4,4,2,1,Mobile,Direct,Central,4.616666666666666,0
S02731,3,3,1,1,Mobile,Organic Search,Central,3.1666666666666665,0
S02732,3,3,1,1,Mobile,Social,North,4.75,0
S02733,3,3,1,1,Desktop,Direct,North,3.6333333333333333,0
S02734,2,1,1,2,Tablet,Email,West,3.0166666666666666,0
S02735,3,3,2,1,Tablet,Direct,East,3.466666666666667,0
S02736,4,4,3,1,Mobile,Referral,North,4.383333333333334,1
S02737,3,3,1,1,Tablet,Direct,North,4.983333333333333,0
S02738,4,4,1,1,Mobile,Organic Search,Central,3.8,0
S02739,3,3,2,1,Tablet,Organic Search,Central,4.35,1
S02740,2,2,1,1,Desktop,Paid Search,South,2.716666666666667,0
S02741,3,3,1,1,Mobile,Paid Search,Central,3.8666666666666667,0
S02742,3,3,1,1,Desktop,Direct,East,3.75,0
S02743,3,3,2,1,Desktop,Email,Central,2.4166666666666665,0
S02744,2,2,1,1,Desktop,Organic Search,East,2.316666666666667,0
S02745,3,3,1,1,Mobile,Email,North,4.25,0
S02746,4,4,1,1,Mobile,Email,East,2.95,0
S02747,4,4,2,1,Mobile,Organic Search,East,3.0833333333333335,0
S02748,2,2,1,1,Desktop,Organic Search,East,1.0166666666666666,0
S02749,4,3,1,2,Mobile,Organic Search,North,4.8,0
S02750,4,4,2,1,Mobile,Organic Search,Central,4.766666666666667,0
S02751,4,4,2,1,Mobile,Paid Search,South,5.0,0
S02752,3,3,1,1,Mobile,Organic Search,North,3.4833333333333334,0
S02753,3,3,1,1,Desktop,Direct,East,3.183333333333333,0
S02754,2,2,2,1,Desktop,Organic Search,East,2.7333333333333334,0
S02755,4,4,2,1,Tablet,Referral,East,3.9166666666666665,0
S02756,3,3,2,1,Desktop,Social,West,4.183333333333334,0
S02757,3,3,1,1,Mobile,Organic Search,East,3.3333333333333335,0
S02758,4,4,1,1,Tablet,Direct,West,3.95,0
S02759,3,3,1,1,Mobile,Organic Search,West,4.183333333333334,0
S02760,4,4,1,1,Desktop,Email,North,4.683333333333334,0
S02761,3,3,1,1,Desktop,Organic Search,East,2.85,0
S02762,2,2,1,1,Desktop,Paid Search,Central,1.4333333333333333,0
S02763,3,3,1,1,Mobile,Email,North,4.083333333333333,0
S02764,3,3,1,1,Mobile,Referral,East,2.7333333333333334,0
S02765,1,1,1,1,Desktop,Organic Search,Central,0.0,0
S02766,2,2,1,1,Tablet,Social,South,2.1666666666666665,0
S02767,1,1,1,1,Mobile,Social,East,0.0,0
S02768,3,2,1,2,Desktop,Organic Search,Central,4.7,1
S02769,3,3,2,1,Mobile,Direct,North,3.466666666666667,0
S02770,3,3,1,1,Mobile,Organic Search,North,3.9166666666666665,0
S02771,4,4,1,1,Desktop,Direct,Central,4.85,0
S02772,3,3,3,1,Desktop,Direct,Central,3.75,0
S02773,3,3,2,1,Mobile,Paid Search,East,4.75,0
S02774,3,3,1,1,Mobile,Direct,East,2.3,0
S02775,3,3,2,1,Mobile,Referral,Central,4.016666666666667,0
S02776,2,2,1,1,Mobile,Organic Search,West,0.6833333333333333,0
S02777,3,3,1,1,Desktop,Referral,South,3.6333333333333333,0
S02778,3,3,1,1,Desktop,Organic Search,North,3.6666666666666665,0
S02779,3,3,1,1,Mobile,Social,East,3.7,0
S02780,1,1,1,1,Desktop,Direct,Central,0.0,0
S02781,3,3,1,1,Desktop,Organic Search,Central,1.9333333333333333,0
S02782,2,2,1,1,Mobile,Social,Central,1.2166666666666666,0
S02783,4,4,2,1,Tablet,Direct,Central,5.0,0
S02784,3,2,1,2,Mobile,Paid Search,East,3.6333333333333333,0
S02785,3,3,1,1,Mobile,Paid Search,East,4.083333333333333,0
S02786,4,4,1,1,Desktop,Email,West,3.683333333333333,0
S02787,2,2,1,1,Tablet,Email,West,2.7666666666666666,0
S02788,2,2,1,1,Desktop,Social,East,1.5333333333333334,0
S02789,3,3,2,1,Tablet,Organic Search,North,4.816666666666666,0
S02790,3,3,2,1,Tablet,Paid Search,Central,2.033333333333333,0
S02791,3,3,1,1,Mobile,Referral,East,3.6166666666666667,0
S02792,2,2,1,1,Tablet,Organic Search,South,1.4666666666666666,0
S02793,3,3,1,1,Mobile,Organic Search,West,3.7,1
S02794,4,4,3,1,Desktop,Social,West,4.083333333333333,0
S02795,3,2,1,2,Mobile,Email,South,4.8,0
S02796,2,2,1,1,Mobile,Direct,Central,2.2666666666666666,0
S02797,4,4,2,1,Desktop,Organic Search,South,4.366666666666666,0
S02798,2,2,1,1,Mobile,Email,North,2.716666666666667,0
S02799,2,2,1,1,Tablet,Organic Search,East,1.5166666666666666,0
S02800,4,4,2,1,Desktop,Email,West,4.383333333333334,0
S02801,3,3,1,1,Mobile,Social,Central,3.25,0
S02802,3,3,2,1,Tablet,Direct,Central,3.316666666666667,0
S02803,3,3,2,1,Tablet,Email,Central,4.033333333333333,0
S02804,3,2,1,2,Tablet,Referral,North,2.683333333333333,0
S02805,4,4,1,1,Mobile,Paid Search,North,4.183333333333334,0
S02806,3,3,1,1,Tablet,Social,East,1.4333333333333333,0
S02807,3,3,1,1,Mobile,Direct,South,2.8666666666666667,0
S02808,5,5,2,1,Desktop,Social,Central,4.416666666666667,0
S02809,3,3,1,1,Mobile,Organic Search,West,3.6666666666666665,0
S02810,3,3,1,1,Mobile,Organic Search,Central,3.966666666666667,0
S02811,3,3,1,1,Desktop,Organic Search,South,3.3666666666666667,0
S02812,2,2,1,1,Mobile,Direct,East,1.0833333333333333,0
S02813,1,1,1,1,Mobile,Social,East,0.0,0
S02814,3,3,1,1,Desktop,Direct,South,1.3666666666666667,0
S02815,2,2,1,1,Mobile,Paid Search,East,1.5833333333333333,0
S02816,3,3,2,1,Mobile,Paid Search,East,4.2,0
S02817,3,3,2,1,Mobile,Paid Search,East,3.566666666666667,1
S02818,4,4,1,1,Desktop,Direct,South,3.3,0
S02819,2,2,1,1,Desktop,Paid Search,North,2.8,0
S02820,2,2,2,1,Desktop,Direct,East,1.0666666666666667,0
S02821,2,2,2,1,Tablet,Organic Search,South,2.4833333333333334,0
S02822,2,2,1,1,Desktop,Referral,North,2.75,0
S02823,2,2,1,1,Mobile,Organic Search,South,0.9,0
S02824,2,2,1,1,Desktop,Organic Search,South,2.35,0
S02825,4,4,3,1,Desktop,Social,South,4.15,0
S02826,2,2,1,1,Mobile,Direct,North,2.6,0
S02827,4,4,1,1,Mobile,Paid Search,East,4.433333333333334,0
S02828,3,3,2,1,Desktop,Direct,West,3.966666666666667,0
S02829,3,3,1,1,Mobile,Direct,West,2.45,0
S02830,3,3,1,1,Desktop,Direct,Central,3.8333333333333335,0
S02831,3,3,1,1,Mobile,Direct,East,3.683333333333333,0
S02832,3,3,2,1,Mobile,Direct,East,3.75,0
S02833,4,4,1,1,Desktop,Social,Central,2.816666666666667,0
S02834,3,3,1,1,Desktop,Email,East,4.916666666666667,0
S02835,3,3,1,1,Mobile,Referral,West,3.1666666666666665,0
S02836,1,1,1,1,Tablet,Organic Search,East,0.0,0
S02837,4,4,2,1,Tablet,Email,East,3.05,0
S02838,4,4,2,1,Desktop,Paid Search,West,4.55,0
S02839,2,2,2,1,Mobile,Referral,North,1.3,0
S02840,3,3,2,1,Mobile,Organic Search,South,3.05,1
S02841,4,4,1,1,Mobile,Paid Search,South,4.766666666666667,1
S02842,3,3,2,1,Mobile,Social,South,3.7333333333333334,0
S02843,3,3,1,1,Tablet,Organic Search,South,3.7,0
S02844,4,4,1,1,Tablet,Social,East,4.9,0
S02845,1,1,1,1,Mobile,Organic Search,West,0.0,0
S02846,3,2,1,2,Desktop,Social,West,3.1,0
S02847,4,3,1,2,Mobile,Referral,South,4.683333333333334,0
S02848,3,3,3,1,Desktop,Paid Search,Central,3.5166666666666666,0
S02849,4,4,1,1,Mobile,Email,East,4.783333333333333,0
S02850,4,4,1,1,Desktop,Organic Search,South,3.0833333333333335,0
S02851,3,3,2,1,Mobile,Referral,Central,2.933333333333333,0
S02852,2,2,1,1,Desktop,Email,West,1.4,0
S02853,3,3,2,1,Desktop,Organic Search,West,3.3333333333333335,0
S02854,3,3,2,1,Tablet,Paid Search,North,3.9833333333333334,0
S02855,2,2,1,1,Desktop,Email,East,2.6666666666666665,0
S02856,1,1,1,1,Mobile,Organic Search,Central,0.0,0
S02857,3,3,2,1,Desktop,Organic Search,East,5.0,0
S02858,3,3,2,1,Desktop,Organic Search,West,4.666666666666667,0
S02859,3,1,1,3,Desktop,Paid Search,East,4.633333333333334,1
S02860,4,3,1,2,Desktop,Paid Search,Central,4.25,1
S02861,3,3,2,1,Mobile,Email,South,4.233333333333333,0
S02862,4,4,2,1,Desktop,Social,East,3.95,0
S02863,2,2,1,1,Tablet,Social,North,0.35,0
S02864,3,3,1,1,Mobile,Paid Search,West,3.85,0
S02865,3,3,1,1,Mobile,Organic Search,West,3.5,0
S02866,2,2,2,1,Mobile,Paid Search,North,2.466666666666667,0
S02867,3,3,2,1,Mobile,Direct,West,0.85,0
S02868,1,1,1,1,Mobile,Paid Search,East,0.0,0
S02869,4,3,3,2,Desktop,Paid Search,North,4.6,1
S02870,4,2,2,3,Desktop,Direct,East,4.6,1
S02871,2,2,1,1,Tablet,Referral,North,1.3666666666666667,0
S02872,4,4,1,1,Tablet,Organic Search,East,4.7,0
S02873,4,4,3,1,Tablet,Paid Search,South,4.616666666666666,0
S02874,2,2,2,1,Mobile,Organic Search,West,2.7,0
S02875,3,3,2,1,Mobile,Referral,West,2.8666666666666667,0
S02876,4,4,2,1,Mobile,Organic Search,West,4.866666666666666,0
S02877,2,2,1,1,Mobile,Organic Search,North,2.716666666666667,0
S02878,4,4,2,1,Desktop,Direct,Central,4.216666666666667,1
S02879,3,3,1,1,Mobile,Direct,West,2.5833333333333335,1
S02880,3,3,1,1,Desktop,Organic Search,North,2.35,0
S02881,3,3,1,1,Desktop,Paid Search,Central,3.4166666666666665,0
S02882,4,3,3,2,Mobile,Email,South,4.983333333333333,0
S02883,3,3,2,1,Desktop,Organic Search,East,1.2833333333333334,0
S02884,3,3,2,1,Desktop,Direct,East,4.0,1
S02885,2,2,1,1,Desktop,Social,East,2.9166666666666665,0
S02886,2,2,1,1,Tablet,Paid Search,Central,2.1666666666666665,0
S02887,3,3,1,1,Mobile,Social,East,3.3,0
S02888,3,3,2,1,Mobile,Paid Search,North,3.533333333333333,0
S02889,3,2,1,2,Mobile,Direct,Central,2.2,0
S02890,4,4,1,1,Mobile,Organic Search,Central,4.7,0
S02891,3,3,2,1,Desktop,Direct,West,3.9,0
S02892,3,3,2,1,Mobile,Social,East,4.033333333333333,0
S02893,2,2,2,1,Mobile,Referral,North,0.7333333333333333,0
S02894,4,4,1,1,Mobile,Email,West,4.216666666666667,0
S02895,2,2,1,1,Desktop,Organic Search,North,2.1666666666666665,0
S02896,2,2,2,1,Mobile,Organic Search,North,2.85,0
S02897,2,2,1,1,Mobile,Direct,East,2.816666666666667,0
S02898,4,4,2,1,Desktop,Paid Search,North,4.066666666666666,0
S02899,3,3,1,1,Mobile,Organic Search,North,4.683333333333334,0
S02900,3,2,1,2,Desktop,Referral,East,3.1,0
S02901,3,3,1,1,Desktop,Direct,North,3.7333333333333334,1
S02902,2,2,1,1,Mobile,Referral,North,2.283333333333333,0
S02903,3,3,1,1,Desktop,Social,North,2.4,0
S02904,3,3,1,1,Mobile,Social,South,3.6333333333333333,0
S02905,2,2,2,1,Mobile,Paid Search,West,0.95,0
S02906,4,4,1,1,Desktop,Paid Search,Central,4.45,0
S02907,3,2,1,2,Tablet,Paid Search,East,2.2666666666666666,0
S02908,2,2,1,1,Desktop,Paid Search,East,0.6666666666666666,0
S02909,1,1,1,1,Desktop,Paid Search,North,0.0,0
S02910,3,3,1,1,Desktop,Referral,North,4.05,0
S02911,4,4,2,1,Desktop,Social,South,4.283333333333333,0
S02912,4,4,1,1,Desktop,Social,East,3.816666666666667,0
S02913,3,3,1,1,Mobile,Social,West,3.2,0
S02914,3,3,2,1,Tablet,Organic Search,West,4.9,1
S02915,3,3,2,1,Desktop,Organic Search,South,2.5,0
S02916,4,4,2,1,Mobile,Email,North,3.716666666666667,0
S02917,3,3,2,1,Mobile,Email,West,2.9166666666666665,0
S02918,4,3,2,2,Mobile,Social,South,4.683333333333334,1
S02919,4,4,2,1,Mobile,Email,West,5.0,0
S02920,3,3,1,1,Desktop,Paid Search,East,3.9,0
S02921,2,1,1,2,Desktop,Email,West,1.6166666666666667,1
S02922,2,2,1,1,Mobile,Organic Search,Central,0.9666666666666667,0
S02923,2,1,1,2,Mobile,Paid Search,Central,2.65,1
S02924,3,3,1,1,Desktop,Social,East,4.583333333333333,0
S02925,3,3,1,1,Mobile,Organic Search,East,3.5166666666666666,0
S02926,3,3,1,1,Tablet,Paid Search,South,3.5166666666666666,0
S02927,4,2,2,3,Mobile,Paid Search,Central,3.8,0
S02928,3,3,1,1,Tablet,Organic Search,East,1.3666666666666667,0
S02929,3,3,1,1,Mobile,Organic Search,North,3.3333333333333335,0
S02930,3,3,3,1,Mobile,Referral,East,4.2,1
S02931,2,2,1,1,Mobile,Direct,North,2.3333333333333335,0
S02932,1,1,1,1,Mobile,Organic Search,East,0.0,0
S02933,3,3,2,1,Desktop,Organic Search,East,2.1,0
S02934,1,1,1,1,Mobile,Paid Search,South,0.0,0
S02935,4,4,1,1,Mobile,Paid Search,North,2.75,0
S02936,3,2,1,2,Desktop,Paid Search,Central,3.3,0
S02937,3,3,2,1,Mobile,Organic Search,West,3.1166666666666667,0
S02938,2,2,2,1,Mobile,Referral,Central,2.7333333333333334,0
S02939,4,3,1,2,Tablet,Direct,South,4.45,0
S02940,3,2,1,2,Desktop,Direct,West,3.7333333333333334,0
S02941,3,3,1,1,Desktop,Email,East,3.85,0
S02942,2,2,2,1,Mobile,Direct,South,2.75,0
S02943,1,1,1,1,Desktop,Social,North,0.0,0
S02944,3,3,2,1,Mobile,Referral,South,3.75,0
S02945,3,3,2,1,Mobile,Direct,North,3.05,0
S02946,3,2,1,2,Desktop,Social,Central,1.8333333333333333,0
S02947,4,4,2,1,Mobile,Social,North,3.55,0
S02948,3,3,2,1,Mobile,Referral,East,3.466666666666667,0
S02949,2,2,1,1,Mobile,Organic Search,East,2.85,0
S02950,2,1,1,2,Tablet,Paid Search,South,1.7166666666666666,0
S02951,3,3,1,1,Mobile,Direct,East,3.0833333333333335,0
S02952,1,1,1,1,Mobile,Social,North,0.0,0
S02953,4,4,3,1,Mobile,Organic Search,West,5.0,0
S02954,3,3,1,1,Mobile,Paid Search,South,4.0,0
S02955,2,2,1,1,Tablet,Direct,East,1.25,0
S02956,4,4,1,1,Mobile,Direct,West,4.633333333333334,0
S02957,2,2,1,1,Mobile,Paid Search,Central,1.8,0
S02958,3,3,1,1,Mobile,Social,Central,4.75,0
S02959,4,4,2,1,Desktop,Paid Search,West,3.2333333333333334,0
S02960,2,2,2,1,Mobile,Social,South,2.3333333333333335,0
S02961,3,3,1,1,Desktop,Direct,East,2.5166666666666666,0
S02962,4,2,1,3,Desktop,Email,West,3.3333333333333335,1
S02963,3,3,2,1,Desktop,Email,Central,3.7333333333333334,0
S02964,2,2,2,1,Tablet,Organic Search,North,2.1333333333333333,0
S02965,3,3,1,1,Mobile,Paid Search,South,4.633333333333334,0
S02966,2,2,2,1,Mobile,Paid Search,West,2.85,0
S02967,3,3,3,1,Mobile,Paid Search,East,3.0,0
S02968,4,4,1,1,Mobile,Social,South,4.316666666666666,0
S02969,3,3,1,1,Tablet,Paid Search,East,3.6666666666666665,0
S02970,1,1,1,1,Mobile,Organic Search,West,0.0,0
S02971,4,3,1,2,Mobile,Organic Search,Central,4.166666666666667,0
S02972,3,3,2,1,Desktop,Paid Search,East,4.116666666666666,1
S02973,2,2,1,1,Mobile,Direct,South,1.4666666666666666,0
S02974,4,4,1,1,Mobile,Organic Search,North,4.966666666666667,1
S02975,1,1,1,1,Mobile,Direct,North,0.0,0
S02976,2,2,1,1,Desktop,Paid Search,East,2.8,0
S02977,5,4,2,2,Mobile,Direct,East,4.7,0
S02978,4,3,2,2,Desktop,Social,South,3.716666666666667,0
S02979,3,3,1,1,Mobile,Paid Search,West,3.8833333333333333,0
S02980,3,3,1,1,Tablet,Direct,West,3.566666666666667,0
S02981,2,2,2,1,Mobile,Social,South,2.65,0
S02982,3,3,2,1,Desktop,Paid Search,South,4.183333333333334,1
S02983,3,3,2,1,Mobile,Paid Search,Central,2.433333333333333,0
S02984,5,5,2,1,Mobile,Paid Search,South,4.883333333333334,0
S02985,2,2,1,1,Mobile,Organic Search,West,1.1333333333333333,0
S02986,4,4,1,1,Tablet,Paid Search,East,3.95,0
S02987,2,2,1,1,Desktop,Direct,West,2.183333333333333,0
S02988,5,5,2,1,Mobile,Referral,West,4.95,0
S02989,2,2,1,1,Mobile,Social,West,2.3333333333333335,0
S02990,3,3,1,1,Mobile,Paid Search,Central,3.716666666666667,0
S02991,3,3,2,1,Desktop,Direct,Central,3.5,0
S02992,2,2,1,1,Mobile,Organic Search,East,1.2833333333333334,0
S02993,4,4,2,1,Mobile,Direct,South,4.25,0
S02994,4,4,2,1,Mobile,Email,South,4.916666666666667,0
S02995,4,4,1,1,Desktop,Direct,West,4.733333333333333,0
S02996,3,3,1,1,Mobile,Email,West,3.25,0
S02997,3,3,1,1,Desktop,Organic Search,North,4.15,0
S02998,1,1,1,1,Desktop,Referral,North,0.0,0
S02999,3,3,1,1,Desktop,Organic Search,West,4.483333333333333,0
S03000,4,4,3,1,Mobile,Referral,South,4.15,0
S03001,3,3,1,1,Mobile,Referral,East,3.2666666666666666,0
S03002,4,4,2,1,Mobile,Email,West,2.783333333333333,0
S03003,2,2,2,1,Desktop,Social,East,2.0,0
S03004,3,3,3,1,Mobile,Email,North,4.2,1
S03005,2,2,1,1,Mobile,Paid Search,North,1.3666666666666667,0
S03006,2,2,2,1,Mobile,Direct,South,2.933333333333333,0
S03007,2,2,1,1,Tablet,Direct,South,1.7,1
S03008,2,2,2,1,Desktop,Paid Search,East,1.2,0
S03009,3,3,1,1,Mobile,Email,East,3.783333333333333,0
S03010,4,4,2,1,Desktop,Paid Search,South,3.65,0
S03011,4,4,2,1,Mobile,Direct,North,4.15,0
S03012,3,3,1,1,Desktop,Direct,North,3.4,0
S03013,3,3,1,1,Desktop,Organic Search,Central,3.6,0
S03014,4,4,3,1,Desktop,Organic Search,East,4.383333333333334,0
S03015,5,3,2,3,Mobile,Direct,Central,4.533333333333333,0
S03016,2,2,1,1,Desktop,Organic Search,Central,2.95,0
S03017,3,3,2,1,Mobile,Organic Search,East,3.8,0
S03018,2,2,1,1,Mobile,Social,West,1.4666666666666666,0
S03019,3,3,3,1,Desktop,Organic Search,North,4.8,0
S03020,3,3,2,1,Mobile,Paid Search,West,1.1333333333333333,0
S03021,3,3,1,1,Desktop,Direct,South,4.966666666666667,0
S03022,1,1,1,1,Mobile,Social,Central,0.0,0
S03023,3,3,2,1,Mobile,Email,North,4.1,1
S03024,2,1,1,2,Desktop,Direct,West,3.066666666666667,0
S03025,1,1,1,1,Desktop,Email,North,0.0,0
S03026,3,3,1,1,Mobile,Direct,Central,2.1333333333333333,0
S03027,3,3,2,1,Tablet,Paid Search,South,3.4166666666666665,0
S03028,4,4,1,1,Mobile,Organic Search,West,4.55,1
S03029,4,4,2,1,Mobile,Referral,East,3.65,0
S03030,3,3,1,1,Mobile,Direct,South,2.9,0
S03031,3,3,1,1,Desktop,Direct,West,3.566666666666667,0
S03032,3,3,1,1,Mobile,Social,Central,3.6666666666666665,0
S03033,2,2,1,1,Mobile,Direct,North,1.7333333333333334,0
S03034,4,4,1,1,Desktop,Social,Central,4.616666666666666,0
S03035,3,3,1,1,Desktop,Email,West,3.75,0
S03036,2,2,2,1,Desktop,Social,Central,0.48333333333333334,0
S03037,4,4,3,1,Mobile,Organic Search,South,4.1,0
S03038,4,4,1,1,Tablet,Social,East,4.183333333333334,0
S03039,4,4,2,1,Desktop,Social,Central,3.3,0
S03040,3,3,1,1,Mobile,Organic Search,East,4.433333333333334,0
S03041,3,3,2,1,Desktop,Organic Search,East,4.5,1
S03042,3,3,1,1,Tablet,Direct,North,3.2333333333333334,0
S03043,3,1,1,3,Desktop,Referral,North,3.933333333333333,0
S03044,4,4,3,1,Mobile,Direct,West,4.733333333333333,0
S03045,4,4,2,1,Mobile,Email,West,3.8666666666666667,0
S03046,4,4,1,1,Mobile,Organic Search,East,4.766666666666667,0
S03047,3,2,1,2,Mobile,Direct,North,3.3666666666666667,0
S03048,3,3,1,1,Desktop,Paid Search,East,3.2666666666666666,0
S03049,2,2,1,1,Mobile,Referral,South,1.2666666666666666,0
S03050,3,3,1,1,Desktop,Email,East,2.9166666666666665,0
S03051,5,5,2,1,Desktop,Social,Central,4.983333333333333,0
S03052,4,3,2,2,Mobile,Paid Search,West,3.466666666666667,1
S03053,4,4,2,1,Desktop,Organic Search,North,4.666666666666667,1
S03054,3,2,1,2,Desktop,Direct,Central,3.4166666666666665,1
S03055,2,2,2,1,Mobile,Paid Search,East,2.95,0
S03056,3,3,1,1,Tablet,Referral,West,2.3,0
S03057,2,2,1,1,Mobile,Social,North,2.1166666666666667,0
S03058,3,3,1,1,Desktop,Organic Search,West,2.3666666666666667,0
S03059,3,3,1,1,Desktop,Organic Search,South,4.233333333333333,0
S03060,3,3,1,1,Tablet,Organic Search,East,3.966666666666667,0
S03061,4,4,1,1,Desktop,Referral,North,4.183333333333334,0
S03062,3,3,1,1,Desktop,Social,North,4.983333333333333,0
S03063,4,4,2,1,Mobile,Social,North,4.633333333333334,0
S03064,4,4,1,1,Mobile,Direct,South,4.116666666666666,1
S03065,1,1,1,1,Mobile,Email,North,0.0,0
S03066,3,3,1,1,Desktop,Email,West,2.216666666666667,0
S03067,3,2,1,2,Desktop,Direct,North,4.316666666666666,0
S03068,3,3,1,1,Tablet,Email,West,3.4166666666666665,1
S03069,2,2,1,1,Desktop,Organic Search,North,1.3333333333333333,0
S03070,1,1,1,1,Mobile,Organic Search,Central,0.0,0
S03071,4,4,1,1,Mobile,Referral,Central,4.0,0
S03072,3,3,1,1,Mobile,Social,South,2.4,0
S03073,2,2,1,1,Desktop,Direct,West,1.1833333333333333,0
S03074,2,2,1,1,Desktop,Email,North,2.816666666666667,0
S03075,5,3,2,3,Mobile,Direct,Central,4.55,1
S03076,2,2,1,1,Mobile,Social,East,2.4833333333333334,0
S03077,2,2,1,1,Tablet,Social,North,2.5166666666666666,0
S03078,3,3,1,1,Desktop,Social,South,4.1,0
S03079,3,3,1,1,Desktop,Social,North,2.7333333333333334,0
S03080,4,4,2,1,Tablet,Organic Search,South,4.183333333333334,0
S03081,3,3,2,1,Mobile,Direct,West,4.816666666666666,0
S03082,4,3,1,2,Tablet,Email,East,3.45,0
S03083,3,3,1,1,Desktop,Direct,South,4.05,0
S03084,2,2,2,1,Mobile,Social,North,1.6833333333333333,0
S03085,2,2,1,1,Mobile,Direct,South,2.066666666666667,0
S03086,3,3,2,1,Mobile,Organic Search,North,3.9,0
S03087,3,3,1,1,Mobile,Direct,Central,2.783333333333333,1
S03088,4,3,2,2,Desktop,Referral,North,4.983333333333333,0
S03089,1,1,1,1,Mobile,Organic Search,East,0.0,0
S03090,4,3,1,2,Desktop,Paid Search,South,4.666666666666667,0
S03091,4,4,1,1,Mobile,Email,South,4.683333333333334,1
S03092,2,2,1,1,Tablet,Organic Search,West,2.55,0
S03093,3,3,3,1,Mobile,Email,East,3.45,0
S03094,1,1,1,1,Mobile,Paid Search,East,0.0,0
S03095,3,3,3,1,Desktop,Email,East,4.466666666666667,0
S03096,2,2,1,1,Mobile,Social,East,2.216666666666667,0
S03097,3,3,1,1,Tablet,Direct,South,3.05,0
S03098,3,3,1,1,Desktop,Organic Search,East,4.833333333333333,0
S03099,4,3,2,2,Desktop,Referral,West,4.333333333333333,1
S03100,3,3,1,1,Mobile,Direct,North,4.2,0
S03101,3,3,1,1,Desktop,Paid Search,East,2.8833333333333333,0
S03102,4,4,1,1,Mobile,Social,North,4.05,0
S03103,3,3,1,1,Tablet,Direct,North,3.2666666666666666,0
S03104,2,1,1,2,Mobile,Social,East,1.2666666666666666,0
S03105,4,3,2,2,Desktop,Organic Search,Central,2.5833333333333335,0
S03106,3,3,2,1,Mobile,Direct,Central,4.183333333333334,0
S03107,3,3,1,1,Mobile,Organic Search,North,3.183333333333333,0
S03108,2,2,2,1,Desktop,Social,East,2.566666666666667,0
S03109,2,2,1,1,Mobile,Organic Search,East,0.95,0
S03110,3,2,1,2,Mobile,Social,North,3.783333333333333,1
S03111,5,5,2,1,Mobile,Referral,West,4.516666666666667,0
S03112,2,2,1,1,Desktop,Email,West,2.9166666666666665,0
S03113,4,4,2,1,Mobile,Paid Search,Central,3.7666666666666666,0
S03114,3,3,1,1,Desktop,Email,North,2.6666666666666665,1
S03115,2,2,2,1,Desktop,Direct,South,0.48333333333333334,0
S03116,4,4,2,1,Mobile,Email,Central,4.0,0
S03117,3,3,1,1,Mobile,Paid Search,West,3.1666666666666665,0
S03118,4,4,1,1,Desktop,Referral,Central,3.65,0
S03119,5,3,1,3,Desktop,Referral,North,4.45,1
S03120,2,1,1,2,Desktop,Social,East,2.033333333333333,0
S03121,3,3,1,1,Desktop,Referral,East,4.566666666666666,0
S03122,2,2,2,1,Desktop,Email,North,1.0666666666666667,0
S03123,1,1,1,1,Desktop,Paid Search,East,0.0,0
S03124,3,3,1,1,Mobile,Referral,West,2.85,0
S03125,4,4,1,1,Mobile,Direct,North,2.3833333333333333,0
S03126,1,1,1,1,Mobile,Referral,South,0.0,0
S03127,4,4,2,1,Mobile,Direct,West,4.983333333333333,1
S03128,1,1,1,1,Desktop,Paid Search,East,0.0,0
S03129,2,1,1,2,Tablet,Paid Search,Central,2.533333333333333,0
S03130,2,2,1,1,Mobile,Referral,South,1.75,0
S03131,3,3,1,1,Mobile,Organic Search,South,4.7,0
S03132,3,3,2,1,Mobile,Social,Central,3.85,1
S03133,2,2,2,1,Tablet,Email,Central,2.0166666666666666,0
S03134,3,3,2,1,Mobile,Direct,North,4.466666666666667,0
S03135,4,4,2,1,Desktop,Social,West,4.1,0
S03136,4,4,1,1,Mobile,Paid Search,North,3.066666666666667,0
S03137,3,3,1,1,Mobile,Paid Search,North,4.466666666666667,0
S03138,4,4,2,1,Mobile,Direct,South,4.133333333333334,0
S03139,2,2,1,1,Mobile,Email,South,1.3333333333333333,0
S03140,3,3,1,1,Desktop,Paid Search,Central,4.916666666666667,0
S03141,4,4,2,1,Mobile,Direct,West,3.4833333333333334,0
S03142,3,3,1,1,Tablet,Organic Search,Central,3.75,0
S03143,3,3,2,1,Mobile,Referral,West,3.1333333333333333,0
S03144,3,3,1,1,Mobile,Email,East,2.433333333333333,0
S03145,3,3,2,1,Desktop,Social,West,3.466666666666667,0
S03146,2,2,1,1,Mobile,Direct,Central,2.6166666666666667,0
S03147,2,2,1,1,Tablet,Direct,West,1.9166666666666667,0
S03148,3,3,3,1,Mobile,Direct,West,3.466666666666667,0
S03149,4,4,1,1,Mobile,Direct,Central,3.716666666666667,0
S03150,3,3,1,1,Mobile,Paid Search,North,1.2,0
S03151,1,1,1,1,Mobile,Paid Search,West,0.0,0
S03152,2,2,2,1,Desktop,Email,Central,1.15,0
S03153,2,2,1,1,Mobile,Organic Search,Central,0.7,0
S03154,3,3,2,1,Mobile,Email,South,2.95,0
S03155,2,2,1,1,Mobile,Organic Search,East,2.8666666666666667,0
S03156,2,2,1,1,Mobile,Organic Search,West,2.3333333333333335,0
S03157,4,4,1,1,Tablet,Referral,South,2.966666666666667,0
S03158,4,3,1,2,Desktop,Paid Search,West,3.8333333333333335,1
S03159,3,3,1,1,Mobile,Paid Search,South,4.95,0
S03160,3,2,1,2,Desktop,Direct,South,4.066666666666666,0
S03161,2,2,1,1,Mobile,Referral,East,2.1166666666666667,0
S03162,4,4,2,1,Desktop,Paid Search,East,3.2333333333333334,0
S03163,4,4,2,1,Desktop,Social,East,4.85,0
S03164,4,4,2,1,Mobile,Direct,East,5.0,0
S03165,4,4,1,1,Desktop,Referral,South,3.8833333333333333,0
S03166,3,3,1,1,Mobile,Social,North,3.2333333333333334,0
S03167,1,1,1,1,Tablet,Social,North,0.0,0
S03168,4,4,1,1,Desktop,Organic Search,North,4.75,1
S03169,2,1,1,2,Mobile,Direct,East,2.4,0
S03170,4,4,1,1,Mobile,Direct,West,3.4,0
S03171,3,3,3,1,Mobile,Direct,North,3.433333333333333,1
S03172,2,1,1,2,Desktop,Social,North,3.816666666666667,0
S03173,3,3,2,1,Desktop,Organic Search,West,4.4,0
S03174,3,3,1,1,Desktop,Organic Search,South,4.733333333333333,0
S03175,4,4,2,1,Desktop,Direct,Central,3.1,1
S03176,3,2,1,2,Desktop,Organic Search,West,3.816666666666667,0
S03177,3,3,1,1,Mobile,Organic Search,South,4.75,1
S03178,3,3,2,1,Tablet,Social,South,3.533333333333333,0
S03179,4,1,1,4,Mobile,Paid Search,East,4.25,1
S03180,3,3,2,1,Mobile,Organic Search,North,4.433333333333334,0
S03181,1,1,1,1,Desktop,Direct,North,0.0,0
S03182,1,1,1,1,Desktop,Direct,North,0.0,0
S03183,2,2,2,1,Desktop,Organic Search,West,2.6333333333333333,0
S03184,3,3,2,1,Desktop,Paid Search,East,4.133333333333334,0
S03185,1,1,1,1,Mobile,Paid Search,North,0.0,0
S03186,3,3,2,1,Mobile,Social,West,3.7666666666666666,0
S03187,3,3,1,1,Desktop,Social,East,2.9833333333333334,0
S03188,3,3,2,1,Desktop,Organic Search,East,4.816666666666666,0
S03189,3,3,2,1,Mobile,Referral,South,4.883333333333334,0
S03190,4,4,1,1,Mobile,Social,East,4.766666666666667,0
S03191,3,3,1,1,Desktop,Referral,Central,2.05,0
S03192,3,1,1,3,Tablet,Organic Search,North,3.5166666666666666,0
S03193,3,3,1,1,Tablet,Referral,South,2.3,0
S03194,2,2,1,1,Desktop,Social,South,0.7,0
S03195,3,3,1,1,Desktop,Social,South,4.883333333333334,0
S03196,4,4,1,1,Mobile,Organic Search,South,4.833333333333333,0
S03197,2,2,1,1,Tablet,Social,Central,2.9166666666666665,0
S03198,3,3,2,1,Mobile,Referral,Central,2.966666666666667,0
S03199,1,1,1,1,Desktop,Paid Search,South,0.0,0
S03200,1,1,1,1,Mobile,Paid Search,East,0.0,0
S03201,3,3,2,1,Mobile,Referral,West,2.216666666666667,0
S03202,3,3,2,1,Mobile,Email,East,3.35,0
S03203,2,2,1,1,Desktop,Paid Search,East,2.433333333333333,1
S03204,3,3,2,1,Mobile,Email,North,1.7,0
S03205,4,3,1,2,Mobile,Referral,East,3.933333333333333,0
S03206,1,1,1,1,Mobile,Organic Search,East,0.0,0
S03207,3,3,1,1,Mobile,Email,West,3.5,0
S03208,5,5,1,1,Mobile,Paid Search,West,4.083333333333333,0
S03209,4,4,2,1,Mobile,Social,North,2.6166666666666667,0
S03210,3,3,1,1,Mobile,Paid Search,North,3.283333333333333,0
S03211,3,3,2,1,Desktop,Referral,Central,4.216666666666667,0
S03212,2,2,1,1,Mobile,Referral,East,2.4833333333333334,1
S03213,2,1,1,2,Desktop,Organic Search,Central,2.7666666666666666,1
S03214,3,3,1,1,Mobile,Direct,North,4.316666666666666,0
S03215,3,3,2,1,Desktop,Organic Search,East,2.6,0
S03216,4,2,1,3,Desktop,Direct,East,3.966666666666667,1
S03217,3,3,2,1,Desktop,Paid Search,Central,3.6333333333333333,0
S03218,2,2,2,1,Desktop,Referral,North,0.7333333333333333,0
S03219,2,2,1,1,Mobile,Social,South,1.9833333333333334,0
S03220,3,3,1,1,Mobile,Organic Search,East,4.416666666666667,0
S03221,2,2,1,1,Mobile,Organic Search,Central,1.15,0
S03222,4,4,1,1,Desktop,Paid Search,Central,4.283333333333333,1
S03223,1,1,1,1,Desktop,Paid Search,Central,0.0,0
S03224,4,3,3,2,Desktop,Direct,Central,4.783333333333333,0
S03225,2,2,1,1,Desktop,Referral,North,2.4166666666666665,0
S03226,4,4,1,1,Tablet,Referral,North,3.783333333333333,0
S03227,6,6,1,1,Desktop,Direct,North,4.233333333333333,0
S03228,3,3,2,1,Desktop,Referral,South,2.933333333333333,0
S03229,5,5,1,1,Desktop,Direct,Central,4.666666666666667,0
S03230,3,3,1,1,Desktop,Social,Central,4.283333333333333,0
S03231,2,2,1,1,Mobile,Email,North,1.3666666666666667,0
S03232,3,3,1,1,Mobile,Organic Search,West,4.2,0
S03233,2,2,1,1,Desktop,Referral,Central,2.216666666666667,0
S03234,3,3,2,1,Desktop,Email,East,3.3333333333333335,0
S03235,3,3,2,1,Mobile,Social,North,1.85,0
S03236,2,2,1,1,Desktop,Direct,East,1.5833333333333333,0
S03237,3,3,1,1,Desktop,Organic Search,South,1.7333333333333334,0
S03238,3,3,1,1,Tablet,Organic Search,East,3.3666666666666667,0
S03239,2,2,1,1,Mobile,Email,East,1.85,0
S03240,2,2,1,1,Mobile,Paid Search,North,1.2833333333333334,0
S03241,3,1,1,3,Mobile,Direct,Central,3.9,0
S03242,4,4,1,1,Mobile,Paid Search,East,4.6,0
S03243,4,3,1,2,Mobile,Paid Search,East,4.916666666666667,0
S03244,3,3,2,1,Mobile,Paid Search,Central,2.183333333333333,0
S03245,4,4,1,1,Mobile,Email,North,4.483333333333333,0
S03246,4,4,2,1,Desktop,Referral,North,3.716666666666667,0
S03247,3,3,2,1,Mobile,Email,Central,3.65,0
S03248,4,4,2,1,Mobile,Email,South,4.016666666666667,0
S03249,3,3,2,1,Mobile,Organic Search,West,4.266666666666667,0
S03250,5,5,3,1,Mobile,Direct,South,4.916666666666667,0
S03251,3,3,1,1,Mobile,Organic Search,North,3.9833333333333334,0
S03252,3,3,1,1,Desktop,Paid Search,East,3.5166666666666666,0
S03253,5,5,2,1,Mobile,Organic Search,North,4.633333333333334,0
S03254,3,2,1,2,Desktop,Direct,West,4.05,1
S03255,3,3,1,1,Desktop,Social,West,4.433333333333334,0
S03256,3,3,1,1,Desktop,Direct,Central,3.6333333333333333,0
S03257,4,4,1,1,Mobile,Organic Search,West,3.2333333333333334,0
S03258,2,2,1,1,Desktop,Organic Search,North,1.8166666666666667,0
S03259,2,2,1,1,Mobile,Social,Central,2.95,1
S03260,3,3,1,1,Tablet,Organic Search,West,3.1666666666666665,1
S03261,4,3,1,2,Desktop,Email,West,4.883333333333334,0
S03262,4,3,1,2,Mobile,Email,Central,3.716666666666667,0
S03263,3,3,2,1,Mobile,Paid Search,East,3.95,0
S03264,3,3,1,1,Desktop,Paid Search,East,2.45,0
S03265,3,2,1,2,Mobile,Social,West,2.05,0
S03266,1,1,1,1,Desktop,Organic Search,South,0.0,0
S03267,3,3,2,1,Mobile,Direct,North,2.8666666666666667,0
S03268,4,2,1,3,Mobile,Direct,West,4.383333333333334,0
S03269,2,2,1,1,Mobile,Organic Search,South,2.3333333333333335,1
S03270,2,2,2,1,Mobile,Direct,North,2.283333333333333,1
S03271,4,3,1,2,Desktop,Direct,North,4.633333333333334,0
S03272,1,1,1,1,Desktop,Email,West,0.0,0
S03273,3,3,1,1,Mobile,Paid Search,South,2.0833333333333335,0
S03274,2,2,1,1,Mobile,Direct,West,2.5,0
S03275,1,1,1,1,Mobile,Social,South,0.0,0
S03276,2,2,1,1,Mobile,Direct,East,1.8,0
S03277,2,2,2,1,Mobile,Direct,East,2.4166666666666665,0
S03278,3,3,1,1,Mobile,Paid Search,West,4.216666666666667,0
S03279,4,4,2,1,Desktop,Organic Search,South,4.466666666666667,0
S03280,3,3,1,1,Mobile,Organic Search,Central,2.8,0
S03281,3,3,1,1,Mobile,Direct,Central,3.216666666666667,0
S03282,2,2,2,1,Desktop,Referral,Central,2.683333333333333,1
S03283,3,3,2,1,Mobile,Social,Central,2.4166666666666665,0
S03284,3,3,2,1,Tablet,Organic Search,East,4.0,0
S03285,2,2,2,1,Mobile,Social,East,2.2333333333333334,0
S03286,3,3,2,1,Desktop,Social,West,2.9,0
S03287,2,2,1,1,Mobile,Paid Search,West,2.783333333333333,0
S03288,3,3,2,1,Mobile,Social,Central,3.966666666666667,0
S03289,3,3,1,1,Tablet,Direct,West,3.45,0
S03290,2,2,2,1,Desktop,Organic Search,Central,2.683333333333333,0
S03291,3,3,1,1,Desktop,Email,South,3.966666666666667,0
S03292,2,2,1,1,Mobile,Paid Search,Central,1.7666666666666666,0
S03293,4,4,2,1,Mobile,Paid Search,West,3.933333333333333,0
S03294,5,5,2,1,Mobile,Paid Search,West,4.533333333333333,1
S03295,2,2,1,1,Tablet,Referral,South,1.1,0
S03296,3,3,1,1,Desktop,Referral,West,4.0,0
S03297,3,3,2,1,Mobile,Social,Central,3.0,0
S03298,1,1,1,1,Desktop,Social,South,0.0,0
S03299,3,3,1,1,Mobile,Referral,West,4.1,0
S03300,4,4,1,1,Mobile,Organic Search,South,4.333333333333333,0
S03301,3,3,1,1,Mobile,Direct,Central,4.633333333333334,0
S03302,3,3,2,1,Tablet,Email,East,4.966666666666667,0
S03303,3,3,2,1,Mobile,Social,South,4.916666666666667,0
S03304,3,3,2,1,Desktop,Email,South,4.516666666666667,0
S03305,3,3,1,1,Desktop,Social,West,3.65,0
S03306,2,2,1,1,Desktop,Organic Search,North,2.0166666666666666,0
S03307,4,4,2,1,Mobile,Direct,West,4.233333333333333,0
S03308,4,3,2,2,Desktop,Social,Central,4.133333333333334,0
S03309,2,2,1,1,Mobile,Organic Search,Central,0.7166666666666667,0
S03310,4,4,2,1,Mobile,Direct,North,4.8,0
S03311,2,2,1,1,Mobile,Direct,Central,2.9166666666666665,0
S03312,4,4,2,1,Mobile,Direct,West,3.8333333333333335,0
S03313,3,2,1,2,Mobile,Paid Search,North,4.433333333333334,0
S03314,1,1,1,1,Desktop,Direct,North,0.0,0
S03315,3,3,2,1,Desktop,Paid Search,North,3.9833333333333334,0
S03316,4,4,2,1,Mobile,Organic Search,Central,2.3333333333333335,0
S03317,2,2,1,1,Mobile,Social,North,2.433333333333333,0
S03318,3,3,1,1,Desktop,Direct,South,3.9166666666666665,0
S03319,3,3,1,1,Mobile,Paid Search,West,4.65,0
S03320,3,3,2,1,Mobile,Social,East,4.5,0
S03321,2,2,1,1,Mobile,Organic Search,West,1.3,0
S03322,1,1,1,1,Desktop,Referral,West,0.0,0
S03323,3,1,1,3,Mobile,Paid Search,North,2.95,0
S03324,3,3,1,1,Mobile,Direct,Central,4.416666666666667,0
S03325,1,1,1,1,Mobile,Organic Search,South,0.0,0
S03326,3,3,2,1,Mobile,Referral,East,2.316666666666667,0
S03327,3,3,2,1,Mobile,Social,West,3.0166666666666666,0
S03328,3,2,2,2,Mobile,Organic Search,North,2.466666666666667,0
S03329,3,3,1,1,Desktop,Direct,Central,3.6166666666666667,0
S03330,3,3,2,1,Mobile,Social,East,2.9166666666666665,0
S03331,3,3,1,1,Mobile,Paid Search,North,3.65,0
S03332,5,5,2,1,Mobile,Social,Central,3.2333333333333334,0
S03333,2,2,1,1,Desktop,Email,East,1.9166666666666667,0
S03334,4,4,2,1,Desktop,Social,West,4.033333333333333,0
S03335,2,2,2,1,Tablet,Direct,East,2.4833333333333334,0
S03336,4,4,1,1,Mobile,Organic Search,Central,4.866666666666666,0
S03337,3,3,1,1,Tablet,Paid Search,North,3.966666666666667,0
S03338,3,3,2,1,Mobile,Referral,South,4.766666666666667,0
S03339,2,2,1,1,Mobile,Direct,East,0.4166666666666667,0
S03340,3,3,1,1,Mobile,Email,North,4.283333333333333,0
S03341,2,2,1,1,Tablet,Paid Search,West,1.4666666666666666,0
S03342,3,3,2,1,Mobile,Paid Search,South,3.566666666666667,0
S03343,4,3,1,2,Mobile,Social,South,3.1166666666666667,0
S03344,3,3,1,1,Desktop,Social,North,2.8833333333333333,0
S03345,2,2,1,1,Mobile,Organic Search,West,1.5166666666666666,0
S03346,2,2,1,1,Mobile,Referral,Central,2.4833333333333334,0
S03347,3,3,2,1,Desktop,Social,South,3.433333333333333,0
S03348,3,2,1,2,Desktop,Social,East,4.033333333333333,0
S03349,3,3,1,1,Desktop,Paid Search,South,3.8333333333333335,0
S03350,3,3,1,1,Desktop,Social,West,3.7333333333333334,0
S03351,3,3,1,1,Desktop,Organic Search,North,3.3,0
S03352,5,5,2,1,Mobile,Direct,East,5.0,0
S03353,3,3,1,1,Tablet,Social,West,2.066666666666667,0
S03354,3,3,1,1,Mobile,Organic Search,Central,3.9,0
S03355,3,3,1,1,Desktop,Organic Search,South,3.216666666666667,0
S03356,3,3,1,1,Desktop,Social,West,3.466666666666667,0
S03357,3,3,1,1,Mobile,Social,East,3.6666666666666665,0
S03358,3,3,1,1,Mobile,Organic Search,Central,3.3833333333333333,0
S03359,3,3,2,1,Mobile,Social,South,3.1166666666666667,0
S03360,3,3,2,1,Mobile,Paid Search,South,0.7833333333333333,0
S03361,3,2,1,2,Mobile,Email,Central,1.9833333333333334,0
S03362,3,3,2,1,Desktop,Social,North,4.416666666666667,0
S03363,4,3,1,2,Mobile,Direct,North,4.3,0
S03364,3,3,2,1,Desktop,Organic Search,North,3.5166666666666666,0
S03365,3,3,2,1,Tablet,Direct,Central,3.6333333333333333,0
S03366,3,3,3,1,Mobile,Email,North,0.9166666666666666,0
S03367,4,3,1,2,Desktop,Paid Search,Central,4.516666666666667,0
S03368,3,3,1,1,Desktop,Social,East,2.9,1
S03369,2,2,1,1,Desktop,Social,North,2.066666666666667,0
S03370,1,1,1,1,Mobile,Paid Search,East,0.0,0
S03371,3,3,2,1,Desktop,Social,North,3.9,0
S03372,3,3,2,1,Mobile,Organic Search,West,3.1,0
S03373,3,1,1,3,Desktop,Organic Search,West,3.5833333333333335,1
S03374,1,1,1,1,Mobile,Social,East,0.0,0
S03375,3,3,1,1,Mobile,Organic Search,North,4.466666666666667,0
S03376,3,3,2,1,Mobile,Organic Search,West,3.1166666666666667,1
S03377,3,3,1,1,Mobile,Paid Search,Central,3.3833333333333333,0
S03378,3,2,1,2,Desktop,Direct,West,3.3,0
S03379,1,1,1,1,Desktop,Social,Central,0.0,0
S03380,3,3,1,1,Mobile,Direct,South,4.816666666666666,0
S03381,3,3,1,1,Mobile,Organic Search,Central,1.7666666666666666,0
S03382,2,2,1,1,Mobile,Direct,South,2.6666666666666665,0
S03383,3,2,2,2,Desktop,Paid Search,North,3.433333333333333,0
S03384,3,3,1,1,Desktop,Direct,Central,2.3,0
S03385,4,4,1,1,Desktop,Paid Search,Central,4.883333333333334,0
S03386,1,1,1,1,Mobile,Social,West,0.0,0
S03387,1,1,1,1,Desktop,Referral,South,0.0,0
S03388,4,4,1,1,Mobile,Direct,South,4.166666666666667,0
S03389,3,2,1,2,Desktop,Email,East,3.9166666666666665,0
S03390,3,3,1,1,Mobile,Paid Search,Central,2.5,0
S03391,3,3,3,1,Desktop,Referral,North,4.666666666666667,0
S03392,3,3,1,1,Tablet,Referral,Central,3.25,0
S03393,1,1,1,1,Tablet,Organic Search,South,0.0,0
S03394,2,2,1,1,Desktop,Social,Central,0.85,0
S03395,4,4,1,1,Tablet,Direct,Central,3.8,1
S03396,1,1,1,1,Tablet,Organic Search,East,0.0,0
S03397,4,4,2,1,Mobile,Organic Search,South,4.966666666666667,0
S03398,2,2,1,1,Mobile,Email,Central,0.5,0
S03399,2,2,1,1,Desktop,Email,East,2.783333333333333,0
S03400,3,3,1,1,Mobile,Organic Search,West,2.6333333333333333,0
S03401,2,1,1,2,Desktop,Paid Search,West,2.8666666666666667,0
S03402,2,2,1,1,Desktop,Direct,North,1.6,0
S03403,2,2,1,1,Tablet,Paid Search,Central,2.966666666666667,0
S03404,4,4,2,1,Desktop,Direct,North,4.05,0
S03405,3,3,1,1,Mobile,Organic Search,Central,2.8,0
S03406,3,3,1,1,Mobile,Direct,South,2.85,0
S03407,2,2,2,1,Mobile,Organic Search,West,2.4833333333333334,0
S03408,4,3,1,2,Tablet,Paid Search,South,4.8,0
S03409,1,1,1,1,Desktop,Organic Search,South,0.0,0
S03410,3,3,2,1,Desktop,Email,South,3.216666666666667,0
S03411,3,2,2,2,Mobile,Organic Search,West,3.7333333333333334,0
S03412,1,1,1,1,Desktop,Paid Search,East,0.0,0
S03413,4,4,2,1,Desktop,Social,Central,4.516666666666667,0
S03414,2,2,1,1,Mobile,Organic Search,South,0.43333333333333335,0
S03415,4,4,2,1,Mobile,Email,West,4.8,0
S03416,3,3,1,1,Mobile,Organic Search,West,3.8,0
S03417,3,2,1,2,Desktop,Paid Search,North,3.2666666666666666,0
S03418,3,3,1,1,Mobile,Direct,East,2.316666666666667,0
S03419,4,4,3,1,Desktop,Email,East,3.5,0
S03420,1,1,1,1,Desktop,Email,South,0.0,0
S03421,3,3,1,1,Mobile,Referral,South,4.166666666666667,0
S03422,2,2,1,1,Mobile,Paid Search,West,2.533333333333333,0
S03423,2,2,2,1,Mobile,Paid Search,South,2.466666666666667,0
S03424,4,4,1,1,Desktop,Direct,West,3.4,0
S03425,5,5,1,1,Mobile,Referral,Central,4.45,0
S03426,3,3,2,1,Mobile,Social,East,3.183333333333333,0
S03427,3,3,3,1,Mobile,Direct,West,3.9166666666666665,0
S03428,3,3,2,1,Mobile,Social,North,2.5833333333333335,0
S03429,3,3,1,1,Mobile,Email,Central,3.6,0
S03430,4,4,2,1,Mobile,Social,South,2.7333333333333334,0
S03431,1,1,1,1,Mobile,Social,West,0.0,0
S03432,2,2,2,1,Tablet,Organic Search,Central,0.7333333333333333,0
S03433,2,2,2,1,Mobile,Paid Search,East,0.6333333333333333,0
S03434,4,4,1,1,Mobile,Direct,West,4.25,1
S03435,3,3,1,1,Mobile,Direct,East,3.8,1
S03436,5,4,2,2,Mobile,Direct,North,5.0,1
S03437,4,4,1,1,Desktop,Social,West,3.566666666666667,0
S03438,1,1,1,1,Mobile,Organic Search,North,0.0,0
S03439,4,4,3,1,Tablet,Organic Search,West,3.9166666666666665,0
S03440,3,3,2,1,Tablet,Social,North,3.7666666666666666,0
S03441,4,4,2,1,Desktop,Organic Search,Central,4.95,0
S03442,6,6,1,1,Mobile,Organic Search,North,4.383333333333334,0
S03443,2,1,1,2,Desktop,Organic Search,East,3.9166666666666665,0
S03444,3,3,1,1,Tablet,Direct,East,2.3833333333333333,1
S03445,2,2,1,1,Tablet,Email,East,2.9833333333333334,0
S03446,2,2,1,1,Mobile,Organic Search,South,2.3333333333333335,0
S03447,3,3,1,1,Mobile,Referral,East,4.116666666666666,0
S03448,1,1,1,1,Mobile,Social,South,0.0,0
S03449,3,3,2,1,Mobile,Direct,East,3.25,0
S03450,3,3,2,1,Desktop,Direct,South,4.1,0
S03451,2,2,1,1,Mobile,Email,East,1.2666666666666666,0
S03452,4,4,2,1,Mobile,Paid Search,South,4.2,0
S03453,3,3,2,1,Mobile,Organic Search,Central,3.1,0
S03454,3,3,1,1,Mobile,Organic Search,East,3.3,0
S03455,2,2,2,1,Tablet,Social,North,1.8333333333333333,0
S03456,3,3,2,1,Desktop,Direct,East,4.1,0
S03457,3,3,1,1,Mobile,Direct,Central,1.75,1
S03458,2,2,1,1,Mobile,Social,North,0.6166666666666667,0
S03459,2,2,1,1,Mobile,Paid Search,West,1.5,0
S03460,3,3,1,1,Mobile,Direct,East,3.6666666666666665,0
S03461,3,3,1,1,Desktop,Paid Search,North,4.933333333333334,0
S03462,3,1,1,3,Desktop,Organic Search,Central,4.55,1
S03463,3,3,2,1,Mobile,Social,South,3.4166666666666665,0
S03464,3,3,1,1,Mobile,Email,South,3.25,0
S03465,1,1,1,1,Desktop,Social,Central,0.0,0
S03466,2,2,1,1,Mobile,Referral,West,2.9166666666666665,0
S03467,3,3,2,1,Mobile,Referral,Central,4.433333333333334,0
S03468,2,2,1,1,Mobile,Referral,West,1.0333333333333334,0
S03469,3,3,1,1,Mobile,Email,West,3.933333333333333,0
S03470,4,4,2,1,Desktop,Direct,Central,4.483333333333333,0
S03471,2,1,1,2,Desktop,Email,North,1.1,1
S03472,2,2,1,1,Mobile,Paid Search,West,2.8833333333333333,0
S03473,3,3,1,1,Mobile,Referral,West,2.8333333333333335,0
S03474,2,2,1,1,Mobile,Organic Search,North,0.7833333333333333,0
S03475,1,1,1,1,Mobile,Referral,East,0.0,0
S03476,2,1,1,2,Mobile,Social,North,2.2666666666666666,0
S03477,2,2,1,1,Tablet,Referral,West,2.566666666666667,0
S03478,3,3,1,1,Mobile,Referral,East,3.6166666666666667,1
S03479,3,3,3,1,Mobile,Direct,Central,4.6,0
S03480,5,5,1,1,Mobile,Organic Search,North,3.816666666666667,0
S03481,3,3,1,1,Desktop,Organic Search,West,3.8,0
S03482,2,2,1,1,Mobile,Direct,South,2.533333333333333,0
S03483,2,2,1,1,Desktop,Paid Search,West,2.216666666666667,0
S03484,3,3,2,1,Tablet,Social,West,3.966666666666667,0
S03485,3,3,1,1,Mobile,Referral,West,3.816666666666667,0
S03486,3,3,1,1,Mobile,Paid Search,Central,3.7666666666666666,0
S03487,4,4,2,1,Desktop,Organic Search,Central,3.3333333333333335,0
S03488,3,3,1,1,Desktop,Organic Search,North,3.216666666666667,1
S03489,1,1,1,1,Desktop,Organic Search,South,0.0,0
S03490,5,5,2,1,Mobile,Direct,West,4.266666666666667,0
S03491,3,1,1,3,Desktop,Email,East,3.7333333333333334,1
S03492,1,1,1,1,Mobile,Organic Search,North,0.0,0
S03493,3,3,1,1,Tablet,Direct,East,4.583333333333333,0
S03494,3,3,1,1,Tablet,Organic Search,East,3.25,0
S03495,3,3,1,1,Mobile,Paid Search,South,1.4666666666666666,0
S03496,5,5,2,1,Desktop,Email,Central,3.933333333333333,0
S03497,3,3,1,1,Mobile,Email,East,1.5333333333333334,0
S03498,2,2,1,1,Tablet,Direct,North,1.7333333333333334,0
S03499,5,5,1,1,Desktop,Referral,North,4.933333333333334,1
S03500,3,3,2,1,Mobile,Organic Search,Central,3.3,0
S03501,1,1,1,1,Desktop,Email,Central,0.0,0
S03502,3,3,2,1,Mobile,Social,West,4.25,0
S03503,2,2,2,1,Tablet,Paid Search,South,2.9833333333333334,0
S03504,1,1,1,1,Desktop,Referral,Central,0.0,0
S03505,2,2,2,1,Tablet,Direct,West,2.933333333333333,0
S03506,2,1,1,2,Mobile,Email,Central,2.3,0
S03507,2,2,1,1,Tablet,Organic Search,West,2.2,0
S03508,2,2,2,1,Mobile,Paid Search,South,1.2833333333333334,0
S03509,2,2,1,1,Mobile,Direct,East,2.216666666666667,0
S03510,3,3,3,1,Desktop,Organic Search,North,3.066666666666667,0
S03511,3,3,1,1,Desktop,Paid Search,South,2.783333333333333,0
S03512,2,2,1,1,Desktop,Paid Search,West,0.5666666666666667,0
S03513,2,2,1,1,Tablet,Organic Search,Central,2.4833333333333334,0
S03514,4,4,2,1,Mobile,Paid Search,West,4.6,0
S03515,2,2,1,1,Mobile,Paid Search,East,0.7666666666666667,0
S03516,1,1,1,1,Tablet,Organic Search,North,0.0,0
S03517,3,3,2,1,Desktop,Email,North,4.866666666666666,0
S03518,3,3,2,1,Mobile,Social,South,3.7666666666666666,0
S03519,2,2,1,1,Desktop,Email,East,2.7,0
S03520,3,3,1,1,Desktop,Direct,West,3.4166666666666665,0
S03521,5,5,1,1,Desktop,Direct,North,4.966666666666667,0
S03522,3,3,2,1,Mobile,Paid Search,Central,2.3,0
S03523,2,2,2,1,Desktop,Referral,South,2.35,0
S03524,2,2,1,1,Desktop,Paid Search,Central,0.5666666666666667,0
S03525,2,2,2,1,Desktop,Organic Search,East,1.7666666666666666,0
S03526,3,3,1,1,Desktop,Email,North,1.7333333333333334,0
S03527,1,1,1,1,Tablet,Referral,West,0.0,0
S03528,2,2,1,1,Mobile,Organic Search,West,1.8166666666666667,0
S03529,1,1,1,1,Tablet,Referral,East,0.0,0
S03530,3,3,3,1,Mobile,Referral,East,3.7666666666666666,0
S03531,4,4,1,1,Desktop,Organic Search,North,3.15,0
S03532,4,4,2,1,Mobile,Referral,West,4.033333333333333,0
S03533,3,2,1,2,Desktop,Direct,Central,2.566666666666667,0
S03534,3,3,2,1,Desktop,Social,North,1.0666666666666667,0
S03535,4,3,1,2,Desktop,Direct,South,2.65,1
S03536,3,3,1,1,Desktop,Email,Central,3.4166666666666665,0
S03537,4,3,2,2,Desktop,Paid Search,South,4.483333333333333,0
S03538,4,4,1,1,Desktop,Social,West,4.516666666666667,0
S03539,3,3,1,1,Mobile,Organic Search,East,3.5833333333333335,0
S03540,4,3,1,2,Desktop,Paid Search,East,4.866666666666666,0
S03541,4,4,2,1,Desktop,Organic Search,East,4.3,0
S03542,2,2,1,1,Mobile,Direct,South,2.7,0
S03543,1,1,1,1,Desktop,Direct,North,0.0,0
S03544,2,2,2,1,Desktop,Email,West,2.75,1
S03545,4,3,1,2,Mobile,Direct,West,2.4833333333333334,1
S03546,3,2,2,2,Desktop,Organic Search,West,2.7666666666666666,0
S03547,3,3,1,1,Desktop,Organic Search,West,2.5166666666666666,0
S03548,3,3,1,1,Mobile,Organic Search,South,3.933333333333333,0
S03549,3,1,1,3,Desktop,Email,North,4.816666666666666,1
S03550,2,2,1,1,Mobile,Referral,Central,1.55,0
S03551,3,3,1,1,Mobile,Organic Search,East,3.4,0
S03552,2,2,2,1,Desktop,Referral,South,0.48333333333333334,0
S03553,3,3,1,1,Mobile,Social,North,4.65,0
S03554,4,4,2,1,Mobile,Paid Search,North,4.816666666666666,0
S03555,2,2,1,1,Desktop,Paid Search,South,2.6166666666666667,0
S03556,3,3,1,1,Mobile,Social,Central,3.9166666666666665,0
S03557,2,2,1,1,Desktop,Organic Search,Central,1.3,0
S03558,3,3,1,1,Mobile,Email,Central,1.85,0
S03559,1,1,1,1,Desktop,Paid Search,Central,0.0,0
S03560,1,1,1,1,Mobile,Paid Search,Central,0.0,0
S03561,3,3,2,1,Desktop,Social,East,2.716666666666667,0
S03562,3,3,1,1,Mobile,Organic Search,South,4.933333333333334,0
S03563,2,2,1,1,Desktop,Paid Search,West,2.3333333333333335,0
S03564,3,3,1,1,Mobile,Paid Search,South,4.566666666666666,0
S03565,3,3,1,1,Mobile,Direct,South,2.566666666666667,0
S03566,2,2,1,1,Mobile,Direct,South,2.3333333333333335,0
S03567,1,1,1,1,Mobile,Paid Search,East,0.0,0
S03568,3,3,1,1,Mobile,Referral,South,4.033333333333333,0
S03569,4,4,3,1,Mobile,Email,North,4.383333333333334,0
S03570,3,3,2,1,Mobile,Social,East,3.4,0
S03571,4,3,2,2,Desktop,Direct,Central,3.5833333333333335,0
S03572,3,3,2,1,Mobile,Organic Search,East,3.4166666666666665,0
S03573,3,2,1,2,Mobile,Organic Search,Central,2.3333333333333335,0
S03574,1,1,1,1,Tablet,Organic Search,North,0.0,0
S03575,3,3,1,1,Tablet,Direct,North,4.483333333333333,0
S03576,2,2,2,1,Mobile,Direct,East,0.5666666666666667,0
S03577,2,2,1,1,Desktop,Social,East,2.4833333333333334,0
S03578,4,4,3,1,Mobile,Social,West,3.816666666666667,0
S03579,3,3,1,1,Mobile,Organic Search,West,3.8333333333333335,0
S03580,3,3,1,1,Mobile,Organic Search,West,2.966666666666667,0
S03581,2,2,1,1,Mobile,Direct,Central,0.7333333333333333,0
S03582,3,2,1,2,Mobile,Paid Search,South,2.6666666666666665,0
S03583,3,3,1,1,Mobile,Organic Search,South,3.3333333333333335,0
S03584,3,3,2,1,Mobile,Organic Search,East,3.966666666666667,0
S03585,1,1,1,1,Mobile,Referral,North,0.0,0
S03586,4,4,2,1,Desktop,Social,South,4.966666666666667,0
S03587,1,1,1,1,Mobile,Organic Search,South,0.0,0
S03588,3,3,1,1,Mobile,Direct,South,4.65,0
S03589,2,2,1,1,Desktop,Direct,North,1.3666666666666667,0
S03590,3,3,3,1,Desktop,Social,North,3.4,0
S03591,2,2,1,1,Tablet,Email,West,0.43333333333333335,0
S03592,3,3,1,1,Desktop,Organic Search,West,4.0,1
S03593,3,3,1,1,Mobile,Social,West,2.3,0
S03594,3,3,2,1,Mobile,Direct,West,4.75,0
S03595,2,2,1,1,Mobile,Direct,North,2.683333333333333,0
S03596,3,3,1,1,Mobile,Direct,South,4.383333333333334,0
S03597,3,3,1,1,Desktop,Email,North,1.5,0
S03598,3,3,2,1,Mobile,Direct,Central,4.216666666666667,0
S03599,3,3,2,1,Mobile,Organic Search,West,3.7666666666666666,0
S03600,5,5,2,1,Mobile,Direct,South,4.95,0
S03601,3,3,2,1,Desktop,Organic Search,South,3.8,0
S03602,1,1,1,1,Mobile,Social,Central,0.0,0
S03603,4,3,1,2,Desktop,Organic Search,East,4.45,0
S03604,3,3,2,1,Desktop,Organic Search,Central,2.9833333333333334,0
S03605,4,4,2,1,Desktop,Paid Search,South,4.266666666666667,0
S03606,2,2,1,1,Desktop,Social,South,2.8333333333333335,0
S03607,4,4,1,1,Mobile,Social,West,4.666666666666667,0
S03608,3,3,1,1,Desktop,Email,West,4.65,0
S03609,2,2,1,1,Tablet,Organic Search,West,2.75,0
S03610,3,2,1,2,Tablet,Social,East,2.966666666666667,0
S03611,2,2,1,1,Mobile,Paid Search,East,0.8166666666666667,0
S03612,4,4,2,1,Desktop,Organic Search,West,3.6166666666666667,0
S03613,4,4,1,1,Mobile,Referral,South,3.6166666666666667,0
S03614,3,3,2,1,Mobile,Organic Search,South,1.5833333333333333,0
S03615,4,4,1,1,Mobile,Referral,Central,4.95,0
S03616,3,2,1,2,Desktop,Social,South,4.666666666666667,0
S03617,1,1,1,1,Mobile,Paid Search,East,0.0,0
S03618,3,3,1,1,Mobile,Referral,West,2.4,0
S03619,4,4,1,1,Mobile,Social,Central,4.866666666666666,0
S03620,3,3,2,1,Desktop,Organic Search,East,4.316666666666666,1
S03621,1,1,1,1,Mobile,Email,East,0.0,0
S03622,2,2,1,1,Desktop,Organic Search,Central,2.566666666666667,0
S03623,2,2,1,1,Desktop,Direct,Central,0.5666666666666667,0
S03624,2,2,2,1,Mobile,Social,West,2.283333333333333,0
S03625,1,1,1,1,Desktop,Direct,East,0.0,0
S03626,2,2,2,1,Desktop,Direct,South,0.5833333333333334,0
S03627,2,2,1,1,Desktop,Paid Search,West,1.1666666666666667,0
S03628,2,2,1,1,Mobile,Social,Central,2.5,0
S03629,3,3,2,1,Mobile,Organic Search,Central,4.583333333333333,0
S03630,3,3,2,1,Mobile,Direct,North,3.45,0
S03631,3,3,2,1,Mobile,Organic Search,East,3.316666666666667,0
S03632,1,1,1,1,Desktop,Paid Search,East,0.0,0
S03633,3,3,2,1,Mobile,Organic Search,Central,1.3333333333333333,0
S03634,3,3,1,1,Desktop,Paid Search,West,3.6166666666666667,0
S03635,3,3,1,1,Desktop,Direct,East,4.083333333333333,0
S03636,1,1,1,1,Mobile,Organic Search,North,0.0,0
S03637,2,2,1,1,Tablet,Referral,East,2.35,0
S03638,1,1,1,1,Desktop,Organic Search,North,0.0,0
S03639,3,3,1,1,Desktop,Email,Central,4.983333333333333,0
S03640,3,2,1,2,Desktop,Organic Search,West,3.0833333333333335,0
S03641,3,3,1,1,Desktop,Email,East,3.15,0
S03642,3,3,1,1,Tablet,Email,East,2.9,0
S03643,3,3,2,1,Mobile,Direct,Central,4.333333333333333,0
S03644,4,4,2,1,Mobile,Organic Search,South,4.833333333333333,0
S03645,3,3,2,1,Mobile,Direct,South,2.9166666666666665,1
S03646,5,4,1,2,Desktop,Paid Search,Central,4.883333333333334,0
S03647,3,3,1,1,Mobile,Social,Central,4.066666666666666,0
S03648,3,3,3,1,Mobile,Paid Search,Central,4.2,1
S03649,5,4,1,2,Mobile,Paid Search,North,3.7,0
S03650,3,3,1,1,Tablet,Organic Search,North,4.85,0
S03651,2,2,2,1,Mobile,Direct,North,2.3666666666666667,0
S03652,2,2,1,1,Mobile,Organic Search,South,1.5333333333333334,0
S03653,3,3,1,1,Mobile,Organic Search,West,4.583333333333333,0
S03654,1,1,1,1,Desktop,Organic Search,South,0.0,0
S03655,2,2,1,1,Desktop,Email,West,2.75,0
S03656,2,2,1,1,Desktop,Paid Search,South,2.1,0
S03657,2,2,1,1,Desktop,Referral,South,0.8833333333333333,0
S03658,4,3,1,2,Mobile,Organic Search,Central,2.933333333333333,0
S03659,4,4,2,1,Mobile,Paid Search,South,3.25,0
S03660,2,2,2,1,Tablet,Social,South,0.85,0
S03661,2,2,2,1,Mobile,Paid Search,South,2.9166666666666665,0
S03662,3,3,2,1,Mobile,Direct,North,3.933333333333333,0
S03663,1,1,1,1,Desktop,Direct,East,0.0,0
S03664,2,2,1,1,Desktop,Organic Search,South,1.0666666666666667,0
S03665,2,2,1,1,Mobile,Direct,West,2.966666666666667,0
S03666,2,2,1,1,Mobile,Social,Central,2.2,0
S03667,3,3,2,1,Mobile,Organic Search,East,3.25,1
S03668,3,3,2,1,Desktop,Organic Search,North,2.533333333333333,0
S03669,2,2,1,1,Desktop,Paid Search,West,2.1166666666666667,0
S03670,4,4,1,1,Mobile,Social,North,2.4,0
S03671,2,2,1,1,Desktop,Email,West,1.0,0
S03672,3,3,3,1,Desktop,Paid Search,West,4.166666666666667,0
S03673,2,1,1,2,Mobile,Direct,North,2.3666666666666667,0
S03674,3,2,1,2,Desktop,Organic Search,Central,3.3666666666666667,0
S03675,3,2,2,2,Mobile,Direct,Central,4.616666666666666,0
S03676,3,3,2,1,Desktop,Paid Search,Central,3.6166666666666667,0
S03677,4,3,2,2,Desktop,Referral,South,4.066666666666666,0
S03678,4,4,1,1,Mobile,Organic Search,East,3.9166666666666665,0
S03679,3,3,2,1,Mobile,Email,Central,2.8666666666666667,0
S03680,3,3,2,1,Mobile,Direct,South,3.45,0
S03681,2,2,2,1,Mobile,Email,Central,2.6333333333333333,0
S03682,4,4,2,1,Desktop,Organic Search,North,4.166666666666667,0
S03683,2,2,2,1,Mobile,Direct,North,2.2666666666666666,0
S03684,2,2,1,1,Desktop,Social,West,0.8166666666666667,0
S03685,2,2,1,1,Mobile,Paid Search,West,0.85,0
S03686,3,3,1,1,Mobile,Email,West,4.35,0
S03687,3,3,1,1,Tablet,Direct,Central,3.716666666666667,0
S03688,3,3,1,1,Mobile,Direct,North,4.883333333333334,0
S03689,3,2,1,2,Desktop,Direct,South,4.816666666666666,0
S03690,2,2,1,1,Desktop,Social,Central,1.05,0
S03691,3,3,2,1,Mobile,Referral,North,2.3,0
S03692,3,3,1,1,Mobile,Email,West,2.8333333333333335,0
S03693,3,3,2,1,Mobile,Direct,East,3.783333333333333,0
S03694,4,2,1,3,Desktop,Social,North,3.7,1
S03695,4,4,2,1,Desktop,Direct,South,3.816666666666667,0
S03696,5,5,1,1,Desktop,Paid Search,East,4.016666666666667,0
S03697,3,3,1,1,Tablet,Organic Search,Central,2.35,0
S03698,3,2,1,2,Mobile,Social,West,3.283333333333333,1
S03699,3,3,2,1,Tablet,Paid Search,West,3.3833333333333333,0
S03700,4,4,2,1,Desktop,Social,East,4.883333333333334,0
S03701,2,2,1,1,Mobile,Social,South,1.85,0
S03702,2,2,1,1,Mobile,Organic Search,North,2.2333333333333334,0
S03703,4,4,2,1,Desktop,Social,East,4.233333333333333,0
S03704,3,3,1,1,Mobile,Social,North,3.2333333333333334,0
S03705,1,1,1,1,Tablet,Direct,South,0.0,0
S03706,4,4,1,1,Tablet,Organic Search,East,3.216666666666667,0
S03707,3,3,2,1,Mobile,Organic Search,East,4.433333333333334,0
S03708,3,3,2,1,Desktop,Email,North,3.2333333333333334,0
S03709,5,5,1,1,Desktop,Direct,East,4.616666666666666,0
S03710,2,2,1,1,Tablet,Paid Search,East,0.4166666666666667,0
S03711,3,3,1,1,Desktop,Organic Search,North,4.2,0
S03712,3,3,2,1,Mobile,Social,Central,1.6333333333333333,0
S03713,3,3,1,1,Mobile,Direct,North,3.4833333333333334,0
S03714,2,2,1,1,Mobile,Organic Search,Central,0.7,0
S03715,1,1,1,1,Tablet,Email,North,0.0,0
S03716,4,4,2,1,Desktop,Email,Central,3.6666666666666665,1
S03717,2,2,1,1,Desktop,Organic Search,North,2.9,0
S03718,3,3,2,1,Desktop,Direct,West,4.9,0
S03719,4,3,1,2,Mobile,Organic Search,South,4.516666666666667,0
S03720,2,2,2,1,Desktop,Social,West,1.7166666666666666,0
S03721,2,2,1,1,Desktop,Social,East,2.216666666666667,0
S03722,3,3,2,1,Mobile,Email,North,4.016666666666667,0
S03723,3,3,1,1,Tablet,Social,West,3.6166666666666667,0
S03724,2,2,1,1,Desktop,Social,North,0.4666666666666667,0
S03725,3,3,1,1,Mobile,Organic Search,Central,3.4,0
S03726,4,3,2,2,Tablet,Referral,North,3.4166666666666665,0
S03727,2,2,1,1,Desktop,Social,East,2.966666666666667,0
S03728,2,2,2,1,Desktop,Organic Search,West,1.1,0
S03729,4,4,1,1,Desktop,Organic Search,South,4.533333333333333,1
S03730,2,2,1,1,Mobile,Organic Search,South,2.35,0
S03731,3,3,3,1,Desktop,Organic Search,West,4.133333333333334,0
S03732,2,2,1,1,Tablet,Social,West,0.9,0
S03733,2,2,1,1,Mobile,Email,Central,0.6,0
S03734,3,3,1,1,Mobile,Social,South,3.15,0
S03735,3,3,2,1,Desktop,Social,East,2.2,0
S03736,2,2,1,1,Mobile,Paid Search,South,1.9,0
S03737,2,2,1,1,Mobile,Paid Search,South,2.1666666666666665,0
S03738,3,3,2,1,Mobile,Organic Search,West,3.6,0
S03739,3,3,1,1,Mobile,Direct,South,4.766666666666667,0
S03740,2,2,1,1,Mobile,Paid Search,East,2.75,0
S03741,4,2,1,3,Tablet,Organic Search,East,4.733333333333333,1
S03742,3,3,1,1,Mobile,Organic Search,West,2.566666666666667,0
S03743,4,4,2,1,Mobile,Social,Central,4.716666666666667,1
S03744,3,3,1,1,Desktop,Paid Search,West,1.7333333333333334,0
S03745,3,3,1,1,Desktop,Direct,East,4.433333333333334,0
S03746,3,3,1,1,Desktop,Paid Search,West,4.633333333333334,0
S03747,2,2,2,1,Mobile,Social,West,1.8833333333333333,0
S03748,3,3,2,1,Mobile,Direct,North,3.683333333333333,0
S03749,3,3,1,1,Mobile,Organic Search,North,2.2666666666666666,0
S03750,2,1,1,2,Tablet,Referral,North,0.9,0
S03751,3,3,2,1,Tablet,Direct,East,2.533333333333333,0
S03752,3,3,1,1,Tablet,Organic Search,Central,3.8666666666666667,0
S03753,3,3,3,1,Desktop,Email,South,2.5,0
S03754,1,1,1,1,Mobile,Social,South,0.0,0
S03755,4,4,1,1,Desktop,Organic Search,Central,4.833333333333333,0
S03756,3,2,2,2,Desktop,Direct,Central,4.6,0
S03757,4,4,2,1,Desktop,Organic Search,West,3.8,0
S03758,2,2,1,1,Desktop,Referral,South,0.5166666666666667,0
S03759,3,3,1,1,Mobile,Organic Search,North,3.6166666666666667,0
S03760,3,3,2,1,Mobile,Paid Search,North,3.7333333333333334,0
S03761,2,2,1,1,Desktop,Referral,North,2.75,0
S03762,3,3,1,1,Mobile,Organic Search,South,2.2,0
S03763,3,3,2,1,Mobile,Referral,East,3.4,0
S03764,4,3,1,2,Desktop,Referral,North,3.7666666666666666,0
S03765,1,1,1,1,Mobile,Referral,North,0.0,0
S03766,4,4,3,1,Desktop,Organic Search,North,2.6,0
S03767,4,4,1,1,Mobile,Paid Search,West,4.1,0
S03768,3,3,1,1,Mobile,Social,West,3.283333333333333,1
S03769,4,4,1,1,Desktop,Referral,East,4.2,0
S03770,3,3,2,1,Desktop,Organic Search,South,4.416666666666667,0
S03771,3,3,1,1,Mobile,Social,South,4.8,0
S03772,1,1,1,1,Tablet,Direct,North,0.0,0
S03773,2,1,1,2,Desktop,Organic Search,South,3.15,0
S03774,5,5,2,1,Mobile,Direct,Central,4.783333333333333,0
S03775,1,1,1,1,Mobile,Social,Central,0.0,0
S03776,3,3,1,1,Tablet,Email,West,1.6166666666666667,0
S03777,3,3,2,1,Mobile,Paid Search,Central,4.05,1
S03778,3,3,1,1,Mobile,Referral,West,3.3833333333333333,0
S03779,4,4,2,1,Mobile,Direct,North,3.7333333333333334,0
S03780,3,3,1,1,Tablet,Paid Search,Central,3.7,0
S03781,3,3,1,1,Mobile,Direct,North,3.6,0
S03782,3,3,1,1,Desktop,Direct,West,3.4833333333333334,0
S03783,2,2,1,1,Desktop,Paid Search,South,2.1166666666666667,0
S03784,3,3,1,1,Mobile,Referral,South,4.116666666666666,0
S03785,3,3,2,1,Mobile,Paid Search,West,4.133333333333334,0
S03786,1,1,1,1,Desktop,Social,East,0.0,0
S03787,3,3,2,1,Mobile,Organic Search,South,1.0666666666666667,0
S03788,3,3,2,1,Mobile,Organic Search,South,3.45,0
S03789,3,3,2,1,Desktop,Email,South,2.5833333333333335,0
S03790,3,3,2,1,Tablet,Organic Search,Central,2.8833333333333333,0
S03791,2,2,1,1,Desktop,Direct,West,2.75,0
S03792,4,4,2,1,Desktop,Email,East,4.166666666666667,0
S03793,4,2,1,3,Mobile,Organic Search,North,3.6333333333333333,1
S03794,4,4,3,1,Mobile,Direct,Central,3.316666666666667,0
S03795,4,4,2,1,Desktop,Email,North,3.433333333333333,0
S03796,3,3,1,1,Mobile,Paid Search,South,3.7333333333333334,0
S03797,2,2,1,1,Mobile,Referral,South,2.9,0
S03798,2,2,1,1,Desktop,Paid Search,Central,2.2666666666666666,0
S03799,3,3,2,1,Desktop,Direct,North,3.2333333333333334,0
S03800,3,3,1,1,Mobile,Referral,North,4.433333333333334,0
S03801,2,2,1,1,Desktop,Social,East,2.75,0
S03802,4,2,1,3,Tablet,Organic Search,South,3.8666666666666667,0
S03803,5,5,1,1,Mobile,Organic Search,East,4.183333333333334,0
S03804,2,2,1,1,Tablet,Paid Search,East,0.6166666666666667,0
S03805,3,3,1,1,Desktop,Paid Search,East,3.8666666666666667,0
S03806,5,5,1,1,Tablet,Social,North,4.133333333333334,0
S03807,3,3,1,1,Mobile,Social,North,4.183333333333334,0
S03808,4,2,1,3,Desktop,Paid Search,Central,4.25,0
S03809,2,2,1,1,Desktop,Referral,Central,2.4,0
S03810,5,5,2,1,Desktop,Paid Search,South,4.916666666666667,0
S03811,2,2,2,1,Mobile,Organic Search,North,0.5333333333333333,0
S03812,2,2,1,1,Mobile,Social,North,2.316666666666667,0
S03813,3,3,3,1,Desktop,Direct,West,3.816666666666667,0
S03814,4,4,2,1,Mobile,Social,West,4.85,0
S03815,2,2,1,1,Desktop,Referral,South,0.6666666666666666,0
S03816,3,3,2,1,Mobile,Paid Search,West,2.5,0
S03817,3,3,2,1,Desktop,Paid Search,West,2.3666666666666667,0
S03818,4,4,1,1,Mobile,Email,Central,4.416666666666667,0
S03819,3,3,2,1,Mobile,Direct,North,4.433333333333334,0
S03820,3,2,1,2,Mobile,Direct,North,2.1333333333333333,0
S03821,4,4,3,1,Desktop,Paid Search,North,3.8,0
S03822,4,4,2,1,Mobile,Social,Central,3.6166666666666667,0
S03823,1,1,1,1,Mobile,Paid Search,West,0.0,0
S03824,1,1,1,1,Desktop,Organic Search,East,0.0,0
S03825,4,4,2,1,Desktop,Email,North,2.966666666666667,0
S03826,3,3,1,1,Desktop,Social,South,3.95,1
S03827,4,4,2,1,Mobile,Email,South,4.5,0
S03828,3,3,1,1,Mobile,Paid Search,East,4.266666666666667,0
S03829,4,3,1,2,Mobile,Social,South,3.15,1
S03830,3,3,1,1,Desktop,Paid Search,North,1.3,0
S03831,4,4,1,1,Mobile,Direct,West,1.8333333333333333,0
S03832,4,4,2,1,Mobile,Referral,South,3.8333333333333335,0
S03833,1,1,1,1,Mobile,Organic Search,East,0.0,0
S03834,2,2,1,1,Mobile,Referral,North,2.6,0
S03835,1,1,1,1,Mobile,Organic Search,Central,0.0,0
S03836,3,3,2,1,Desktop,Organic Search,East,3.6,0
S03837,2,2,1,1,Tablet,Referral,Central,1.3666666666666667,0
S03838,1,1,1,1,Desktop,Organic Search,East,0.0,0
S03839,3,3,1,1,Tablet,Social,Central,4.2,0
S03840,3,3,1,1,Mobile,Social,Central,3.933333333333333,0
S03841,3,3,2,1,Mobile,Social,East,4.766666666666667,1
S03842,3,3,2,1,Desktop,Referral,Central,3.55,0
S03843,1,1,1,1,Mobile,Direct,South,0.0,0
S03844,2,2,1,1,Mobile,Social,South,2.4166666666666665,0
S03845,2,2,1,1,Desktop,Organic Search,North,2.8833333333333333,0
S03846,2,2,1,1,Mobile,Direct,East,1.1833333333333333,0
S03847,3,3,1,1,Tablet,Social,West,3.3666666666666667,0
S03848,4,4,3,1,Mobile,Direct,West,4.366666666666666,0
S03849,2,2,1,1,Mobile,Paid Search,North,1.4333333333333333,0
S03850,3,3,2,1,Desktop,Email,East,4.016666666666667,1
S03851,2,2,1,1,Mobile,Paid Search,North,2.3333333333333335,0
S03852,4,4,2,1,Desktop,Referral,West,4.75,0
S03853,3,1,1,3,Mobile,Organic Search,North,4.966666666666667,1
S03854,3,3,2,1,Tablet,Paid Search,Central,4.066666666666666,0
S03855,5,4,2,2,Mobile,Social,South,4.8,1
S03856,3,3,1,1,Desktop,Email,South,3.8333333333333335,0
S03857,2,1,1,2,Desktop,Organic Search,Central,1.45,1
S03858,3,3,1,1,Mobile,Paid Search,East,4.866666666666666,0
S03859,3,3,1,1,Mobile,Direct,North,2.2666666666666666,0
S03860,2,2,1,1,Mobile,Organic Search,East,1.6666666666666667,0
S03861,2,1,1,2,Mobile,Social,North,3.0833333333333335,0
S03862,1,1,1,1,Mobile,Email,Central,0.0,0
S03863,2,2,2,1,Mobile,Referral,East,2.85,0
S03864,2,2,1,1,Desktop,Social,South,1.3333333333333333,0
S03865,3,3,2,1,Desktop,Paid Search,East,3.45,0
S03866,2,2,1,1,Desktop,Organic Search,North,1.9166666666666667,0
S03867,1,1,1,1,Mobile,Direct,West,0.0,0
S03868,2,2,1,1,Mobile,Organic Search,Central,0.35,0
S03869,5,4,3,2,Mobile,Referral,Central,3.533333333333333,1
S03870,3,3,1,1,Desktop,Organic Search,South,2.5,0
S03871,3,3,2,1,Mobile,Direct,South,3.1333333333333333,0
S03872,4,4,1,1,Desktop,Email,North,2.6166666666666667,0
S03873,3,3,1,1,Desktop,Direct,West,0.7666666666666667,0
S03874,3,3,1,1,Mobile,Organic Search,East,3.683333333333333,0
S03875,3,3,2,1,Desktop,Paid Search,East,4.266666666666667,0
S03876,3,3,2,1,Mobile,Organic Search,Central,4.183333333333334,0
S03877,1,1,1,1,Desktop,Organic Search,North,0.0,0
S03878,5,5,1,1,Mobile,Direct,North,4.716666666666667,0
S03879,1,1,1,1,Mobile,Social,North,0.0,0
S03880,3,3,1,1,Desktop,Paid Search,South,1.65,0
S03881,4,4,2,1,Mobile,Direct,North,3.5833333333333335,0
S03882,3,3,1,1,Mobile,Paid Search,East,3.5166666666666666,0
S03883,2,2,1,1,Tablet,Direct,South,2.7666666666666666,0
S03884,3,3,1,1,Desktop,Referral,North,2.6333333333333333,1
S03885,5,5,3,1,Tablet,Organic Search,West,4.583333333333333,0
S03886,3,3,1,1,Tablet,Paid Search,South,3.85,0
S03887,1,1,1,1,Tablet,Referral,West,0.0,0
S03888,3,3,1,1,Mobile,Social,South,4.7,0
S03889,3,2,1,2,Mobile,Organic Search,East,4.433333333333334,1
S03890,4,4,1,1,Mobile,Direct,Central,4.683333333333334,0
S03891,3,3,3,1,Mobile,Social,North,4.266666666666667,0
S03892,2,2,1,1,Mobile,Organic Search,East,0.38333333333333336,0
S03893,2,2,1,1,Mobile,Social,Central,2.0166666666666666,0
S03894,2,2,1,1,Mobile,Social,East,0.3333333333333333,0
S03895,3,3,2,1,Mobile,Social,South,4.1,0
S03896,4,4,2,1,Mobile,Organic Search,South,3.25,0
S03897,4,4,1,1,Desktop,Social,West,4.816666666666666,0
S03898,4,4,2,1,Mobile,Paid Search,Central,4.233333333333333,0
S03899,3,3,1,1,Mobile,Social,North,4.533333333333333,0
S03900,4,4,1,1,Mobile,Organic Search,North,4.366666666666666,1
S03901,3,3,2,1,Mobile,Organic Search,South,4.15,0
S03902,4,4,1,1,Mobile,Direct,South,4.683333333333334,0
S03903,1,1,1,1,Tablet,Organic Search,South,0.0,0
S03904,2,1,1,2,Desktop,Paid Search,South,3.433333333333333,0
S03905,2,2,1,1,Mobile,Referral,North,2.966666666666667,0
S03906,3,2,1,2,Mobile,Direct,North,3.3333333333333335,1
S03907,3,3,1,1,Mobile,Social,Central,3.3,0
S03908,1,1,1,1,Desktop,Organic Search,North,0.0,0
S03909,3,3,1,1,Mobile,Organic Search,South,3.7,0
S03910,1,1,1,1,Desktop,Organic Search,South,0.0,0
S03911,2,2,2,1,Desktop,Direct,Central,2.066666666666667,0
S03912,2,2,2,1,Desktop,Referral,West,2.7333333333333334,0
S03913,3,3,2,1,Desktop,Organic Search,West,3.75,0
S03914,4,3,2,2,Tablet,Paid Search,North,3.4166666666666665,0
S03915,3,3,1,1,Tablet,Email,Central,4.533333333333333,0
S03916,3,3,1,1,Mobile,Referral,East,4.683333333333334,0
S03917,3,3,1,1,Mobile,Organic Search,South,3.0,0
S03918,1,1,1,1,Desktop,Organic Search,East,0.0,0
S03919,4,4,1,1,Mobile,Organic Search,Central,2.933333333333333,0
S03920,4,4,2,1,Mobile,Email,West,4.15,0
S03921,3,3,1,1,Tablet,Direct,Central,2.1666666666666665,0
S03922,3,3,2,1,Mobile,Social,Central,3.5,0
S03923,2,2,2,1,Mobile,Paid Search,South,2.85,0
S03924,2,2,2,1,Desktop,Paid Search,East,2.433333333333333,0
S03925,2,2,1,1,Tablet,Paid Search,North,1.9166666666666667,0
S03926,1,1,1,1,Desktop,Organic Search,Central,0.0,0
S03927,3,3,1,1,Mobile,Email,North,4.4,0
S03928,6,6,1,1,Mobile,Referral,Central,3.8833333333333333,0
S03929,4,4,2,1,Mobile,Social,South,4.8,0
S03930,2,2,1,1,Desktop,Referral,South,0.36666666666666664,0
S03931,5,5,2,1,Tablet,Social,North,3.816666666666667,0
S03932,4,4,2,1,Desktop,Organic Search,South,4.266666666666667,0
S03933,3,2,1,2,Mobile,Organic Search,Central,3.566666666666667,0
S03934,3,2,1,2,Desktop,Organic Search,North,3.3833333333333333,1
S03935,3,3,2,1,Desktop,Direct,East,3.7666666666666666,0
S03936,3,3,1,1,Mobile,Organic Search,North,4.416666666666667,0
S03937,4,4,1,1,Mobile,Email,South,4.383333333333334,0
S03938,3,2,1,2,Desktop,Paid Search,North,4.633333333333334,0
S03939,2,2,1,1,Desktop,Social,South,2.65,0
S03940,3,3,1,1,Mobile,Social,Central,4.783333333333333,0
S03941,2,2,1,1,Mobile,Referral,East,2.566666666666667,0
S03942,4,4,1,1,Tablet,Organic Search,South,4.8,0
S03943,3,3,1,1,Desktop,Organic Search,East,3.566666666666667,1
S03944,3,2,2,2,Mobile,Paid Search,North,4.633333333333334,1
S03945,2,2,1,1,Desktop,Direct,South,2.4833333333333334,1
S03946,4,4,3,1,Desktop,Direct,East,4.983333333333333,0
S03947,4,4,2,1,Mobile,Direct,South,4.533333333333333,0
S03948,4,4,2,1,Mobile,Direct,West,4.083333333333333,0
S03949,3,3,2,1,Desktop,Email,East,3.0,0
S03950,4,4,2,1,Desktop,Email,West,4.616666666666666,0
S03951,2,2,1,1,Desktop,Email,Central,1.15,0
S03952,4,4,2,1,Mobile,Paid Search,North,3.8333333333333335,0
S03953,3,3,1,1,Tablet,Direct,South,3.9,0
S03954,3,3,1,1,Desktop,Direct,South,3.55,0
S03955,3,3,2,1,Desktop,Organic Search,North,1.6333333333333333,0
S03956,3,3,2,1,Mobile,Direct,Central,4.2,0
S03957,3,3,1,1,Tablet,Social,West,2.25,0
S03958,2,2,1,1,Mobile,Social,East,0.4166666666666667,0
S03959,3,3,1,1,Desktop,Paid Search,East,3.4833333333333334,1
S03960,2,2,1,1,Desktop,Organic Search,North,0.9166666666666666,0
S03961,3,3,1,1,Mobile,Paid Search,East,4.2,0
S03962,3,3,1,1,Mobile,Paid Search,West,3.5833333333333335,0
S03963,2,1,1,2,Desktop,Email,East,3.3833333333333333,0
S03964,2,2,1,1,Mobile,Paid Search,South,2.8833333333333333,0
S03965,4,4,1,1,Desktop,Email,West,4.3,0
S03966,4,4,1,1,Mobile,Paid Search,South,4.483333333333333,0
S03967,4,3,1,2,Desktop,Social,East,3.05,0
S03968,4,3,1,2,Desktop,Organic Search,East,4.85,0
S03969,4,3,2,2,Mobile,Social,South,4.783333333333333,0
S03970,2,2,1,1,Mobile,Organic Search,West,1.7,0
S03971,3,3,1,1,Tablet,Organic Search,Central,2.8333333333333335,0
S03972,2,2,2,1,Mobile,Referral,North,2.7666666666666666,0
S03973,3,3,1,1,Desktop,Referral,Central,2.3,0
S03974,1,1,1,1,Mobile,Organic Search,East,0.0,0
S03975,3,3,1,1,Desktop,Email,West,3.5833333333333335,0
S03976,3,3,1,1,Tablet,Organic Search,Central,3.1333333333333333,0
S03977,3,3,1,1,Mobile,Email,East,4.833333333333333,0
S03978,3,3,1,1,Mobile,Social,Central,2.45,0
S03979,3,3,1,1,Desktop,Referral,North,2.6666666666666665,0
S03980,3,3,1,1,Mobile,Paid Search,North,4.95,0
S03981,2,2,1,1,Mobile,Direct,West,0.8,0
S03982,1,1,1,1,Mobile,Paid Search,Central,0.0,0
S03983,4,4,1,1,Desktop,Direct,Central,4.016666666666667,0
S03984,4,4,1,1,Desktop,Referral,West,4.166666666666667,0
S03985,4,4,1,1,Mobile,Social,East,4.516666666666667,0
S03986,3,3,1,1,Tablet,Paid Search,South,4.533333333333333,0
S03987,3,3,1,1,Desktop,Direct,Central,3.6,0
S03988,3,3,1,1,Mobile,Direct,South,3.9166666666666665,0
S03989,3,3,2,1,Desktop,Organic Search,West,2.85,0
S03990,2,2,1,1,Mobile,Social,East,2.683333333333333,0
S03991,3,2,1,2,Desktop,Email,West,3.716666666666667,0
S03992,4,4,1,1,Desktop,Direct,South,3.466666666666667,0
S03993,4,4,2,1,Mobile,Email,Central,3.816666666666667,0
S03994,3,2,1,2,Desktop,Social,East,4.1,0
S03995,3,3,2,1,Mobile,Organic Search,Central,2.55,0
S03996,5,4,1,2,Mobile,Social,North,4.816666666666666,0
S03997,2,2,2,1,Desktop,Referral,East,2.7,0
S03998,3,3,2,1,Mobile,Referral,West,4.183333333333334,0
S03999,3,3,2,1,Mobile,Direct,West,2.75,0
S04000,3,3,1,1,Desktop,Organic Search,Central,2.0833333333333335,0
S04001,4,4,1,1,Mobile,Direct,North,4.883333333333334,0
S04002,3,3,1,1,Mobile,Direct,North,3.6666666666666665,0
S04003,2,2,1,1,Mobile,Organic Search,East,2.9,0
S04004,1,1,1,1,Desktop,Paid Search,North,0.0,0
S04005,2,2,1,1,Desktop,Email,Central,2.283333333333333,0
S04006,3,3,1,1,Desktop,Social,South,2.8833333333333333,0
S04007,3,3,2,1,Mobile,Organic Search,East,4.15,0
S04008,3,3,1,1,Mobile,Paid Search,North,1.6,0
S04009,5,5,2,1,Mobile,Social,East,4.633333333333334,1
S04010,1,1,1,1,Desktop,Social,South,0.0,0
S04011,3,3,2,1,Desktop,Referral,North,3.95,0
S04012,2,2,2,1,Mobile,Social,South,2.1333333333333333,0
S04013,2,2,2,1,Mobile,Referral,South,2.7666666666666666,0
S04014,2,2,2,1,Desktop,Direct,Central,2.3833333333333333,0
S04015,3,3,1,1,Mobile,Email,South,3.0166666666666666,0
S04016,3,2,1,2,Desktop,Organic Search,East,3.433333333333333,0
S04017,3,3,1,1,Tablet,Organic Search,Central,3.3,0
S04018,4,4,1,1,Tablet,Organic Search,West,4.183333333333334,0
S04019,2,2,1,1,Desktop,Organic Search,Central,2.7333333333333334,0
S04020,4,4,2,1,Desktop,Direct,Central,4.516666666666667,0
S04021,4,4,1,1,Mobile,Organic Search,East,4.333333333333333,0
S04022,3,3,1,1,Desktop,Organic Search,West,2.3833333333333333,0
S04023,2,2,1,1,Mobile,Referral,North,1.3833333333333333,0
S04024,2,2,1,1,Mobile,Organic Search,East,0.9,0
S04025,3,3,1,1,Mobile,Social,Central,3.8666666666666667,0
S04026,4,4,2,1,Mobile,Organic Search,East,4.333333333333333,0
S04027,2,2,1,1,Mobile,Referral,West,1.3833333333333333,0
S04028,3,3,1,1,Desktop,Referral,West,4.683333333333334,0
S04029,4,4,2,1,Mobile,Paid Search,South,4.933333333333334,0
S04030,4,4,2,1,Mobile,Paid Search,Central,4.333333333333333,0
S04031,4,4,2,1,Mobile,Organic Search,East,3.3,0
S04032,3,3,2,1,Desktop,Referral,South,3.1,0
S04033,2,2,2,1,Desktop,Social,Central,2.2666666666666666,0
S04034,3,3,3,1,Tablet,Referral,East,4.633333333333334,1
S04035,4,4,2,1,Desktop,Paid Search,West,4.533333333333333,0
S04036,4,4,2,1,Tablet,Direct,East,4.416666666666667,0
S04037,3,3,3,1,Tablet,Referral,South,2.783333333333333,0
S04038,3,3,2,1,Mobile,Direct,Central,3.1666666666666665,0
S04039,3,3,2,1,Mobile,Paid Search,East,4.466666666666667,0
S04040,3,3,1,1,Mobile,Organic Search,South,3.65,0
S04041,2,2,1,1,Mobile,Referral,North,1.8333333333333333,0
S04042,3,3,1,1,Desktop,Organic Search,Central,4.083333333333333,0
S04043,4,4,3,1,Mobile,Organic Search,North,3.3833333333333333,0
S04044,5,5,1,1,Mobile,Paid Search,Central,4.15,0
S04045,3,3,1,1,Mobile,Social,South,1.55,0
S04046,5,5,2,1,Mobile,Paid Search,West,4.033333333333333,0
S04047,3,3,1,1,Desktop,Organic Search,Central,3.6,0
S04048,6,6,2,1,Mobile,Organic Search,North,4.683333333333334,0
S04049,3,3,2,1,Mobile,Social,East,3.9166666666666665,0
S04050,1,1,1,1,Desktop,Referral,West,0.0,0
S04051,4,4,2,1,Tablet,Social,West,3.066666666666667,0
S04052,2,2,2,1,Mobile,Email,East,1.5666666666666667,0
S04053,3,3,1,1,Mobile,Referral,West,4.116666666666666,0
S04054,1,1,1,1,Mobile,Direct,West,0.0,0
S04055,3,3,2,1,Mobile,Email,Central,3.783333333333333,0
S04056,1,1,1,1,Desktop,Email,West,0.0,0
S04057,4,4,1,1,Mobile,Email,South,3.85,1
S04058,2,2,1,1,Desktop,Social,Central,0.7666666666666667,0
S04059,4,3,2,2,Tablet,Email,East,4.416666666666667,0
S04060,4,4,1,1,Tablet,Direct,North,3.4833333333333334,0
S04061,3,1,1,3,Desktop,Direct,South,3.8833333333333333,0
S04062,2,2,1,1,Desktop,Organic Search,North,2.683333333333333,0
S04063,4,4,2,1,Mobile,Paid Search,North,4.366666666666666,0
S04064,3,3,1,1,Desktop,Organic Search,South,4.716666666666667,0
S04065,3,3,1,1,Mobile,Organic Search,North,3.25,0
S04066,2,2,1,1,Desktop,Paid Search,West,1.6,0
S04067,1,1,1,1,Desktop,Paid Search,North,0.0,0
S04068,2,2,1,1,Tablet,Social,South,1.0166666666666666,0
S04069,3,3,2,1,Mobile,Email,North,2.6166666666666667,0
S04070,5,5,1,1,Mobile,Referral,North,3.216666666666667,0
S04071,3,3,1,1,Desktop,Referral,South,3.533333333333333,0
S04072,1,1,1,1,Mobile,Social,East,0.0,0
S04073,2,2,1,1,Mobile,Paid Search,Central,2.033333333333333,0
S04074,4,4,2,1,Mobile,Direct,Central,3.2333333333333334,0
S04075,2,2,1,1,Mobile,Referral,Central,2.7666666666666666,0
S04076,3,3,1,1,Mobile,Direct,North,3.1333333333333333,0
S04077,3,3,3,1,Mobile,Organic Search,South,3.0833333333333335,0
S04078,4,3,1,2,Desktop,Email,North,2.5166666666666666,0
S04079,2,2,1,1,Mobile,Organic Search,West,1.6666666666666667,0
S04080,3,3,1,1,Desktop,Referral,North,4.65,0
S04081,2,2,1,1,Mobile,Paid Search,East,2.95,0
S04082,4,4,2,1,Desktop,Paid Search,South,4.75,0
S04083,4,4,1,1,Mobile,Paid Search,South,3.6333333333333333,0
S04084,2,2,2,1,Mobile,Email,Central,2.0,0
S04085,1,1,1,1,Desktop,Organic Search,West,0.0,0
S04086,2,2,1,1,Desktop,Paid Search,Central,2.25,0
S04087,1,1,1,1,Desktop,Social,East,0.0,0
S04088,2,2,1,1,Mobile,Direct,Central,1.8333333333333333,0
S04089,1,1,1,1,Mobile,Social,West,0.0,0
S04090,3,3,2,1,Desktop,Organic Search,Central,2.3,0
S04091,3,3,1,1,Mobile,Organic Search,South,3.6,0
S04092,3,3,1,1,Desktop,Organic Search,East,2.55,0
S04093,2,2,2,1,Mobile,Direct,West,2.3333333333333335,0
S04094,3,3,1,1,Tablet,Social,South,2.5166666666666666,0
S04095,3,3,1,1,Desktop,Social,Central,2.7666666666666666,0
S04096,3,3,3,1,Mobile,Direct,Central,4.333333333333333,0
S04097,2,2,1,1,Desktop,Paid Search,East,2.7666666666666666,1
S04098,1,1,1,1,Desktop,Social,South,0.0,0
S04099,2,2,1,1,Desktop,Organic Search,East,2.8666666666666667,0
S04100,2,2,1,1,Desktop,Organic Search,Central,2.95,0
S04101,3,3,2,1,Mobile,Referral,West,1.1,0
S04102,5,5,2,1,Mobile,Paid Search,North,3.8666666666666667,0
S04103,2,2,1,1,Mobile,Referral,East,2.45,0
S04104,3,3,1,1,Desktop,Direct,North,1.0,0
S04105,3,3,2,1,Desktop,Paid Search,West,3.2666666666666666,0
S04106,3,3,3,1,Mobile,Organic Search,South,2.6666666666666665,0
S04107,3,3,2,1,Tablet,Direct,East,3.85,0
S04108,3,3,1,1,Desktop,Email,West,4.033333333333333,0
S04109,3,3,2,1,Tablet,Direct,North,2.283333333333333,0
S04110,3,3,1,1,Mobile,Organic Search,North,4.0,1
S04111,2,2,2,1,Mobile,Direct,South,2.65,1
S04112,3,3,1,1,Mobile,Organic Search,South,4.533333333333333,0
S04113,1,1,1,1,Desktop,Paid Search,South,0.0,0
S04114,2,2,1,1,Desktop,Email,Central,1.2333333333333334,0
S04115,3,3,1,1,Mobile,Organic Search,Central,4.2,0
S04116,3,3,1,1,Desktop,Organic Search,Central,1.9666666666666666,0
S04117,2,2,1,1,Tablet,Organic Search,Central,2.466666666666667,0
S04118,3,3,2,1,Mobile,Paid Search,South,3.15,0
S04119,4,4,2,1,Desktop,Organic Search,South,3.683333333333333,0
S04120,2,2,1,1,Mobile,Social,South,2.1333333333333333,0
S04121,3,2,2,2,Desktop,Organic Search,Central,3.066666666666667,0
S04122,2,2,1,1,Mobile,Organic Search,West,2.183333333333333,0
S04123,1,1,1,1,Mobile,Referral,South,0.0,0
S04124,4,4,1,1,Tablet,Social,South,3.5166666666666666,0
S04125,3,3,1,1,Mobile,Organic Search,East,2.933333333333333,0
S04126,3,3,1,1,Mobile,Social,East,4.183333333333334,0
S04127,3,3,1,1,Mobile,Email,Central,3.8833333333333333,0
S04128,2,2,1,1,Tablet,Social,South,2.5,0
S04129,3,3,1,1,Desktop,Paid Search,Central,2.8833333333333333,0
S04130,3,3,1,1,Desktop,Paid Search,East,2.316666666666667,1
S04131,1,1,1,1,Desktop,Referral,West,0.0,0
S04132,4,4,1,1,Desktop,Organic Search,Central,3.35,0
S04133,1,1,1,1,Mobile,Paid Search,Central,0.0,0
S04134,5,5,2,1,Mobile,Email,North,3.433333333333333,0
S04135,3,3,2,1,Mobile,Organic Search,South,2.783333333333333,0
S04136,3,3,3,1,Desktop,Organic Search,East,4.65,0
S04137,2,2,2,1,Mobile,Organic Search,East,2.3,0
S04138,3,3,1,1,Desktop,Paid Search,West,3.65,1
S04139,3,2,1,2,Mobile,Paid Search,Central,3.1166666666666667,0
S04140,2,2,1,1,Mobile,Paid Search,North,2.3,0
S04141,4,3,2,2,Desktop,Organic Search,East,4.966666666666667,1
S04142,4,4,1,1,Desktop,Email,North,4.133333333333334,0
S04143,4,4,2,1,Desktop,Referral,Central,4.3,0
S04144,2,2,1,1,Mobile,Direct,Central,1.15,0
S04145,4,4,2,1,Tablet,Paid Search,East,3.783333333333333,0
S04146,2,2,2,1,Mobile,Social,North,2.3333333333333335,0
S04147,2,2,1,1,Desktop,Social,West,1.6333333333333333,0
S04148,4,4,2,1,Mobile,Email,West,4.483333333333333,0
S04149,3,3,2,1,Mobile,Social,South,3.6166666666666667,0
S04150,3,3,1,1,Mobile,Direct,Central,4.316666666666666,0
S04151,1,1,1,1,Desktop,Referral,Central,0.0,0
S04152,3,3,2,1,Desktop,Organic Search,East,3.316666666666667,0
S04153,3,3,1,1,Mobile,Direct,East,3.533333333333333,0
S04154,4,3,1,2,Desktop,Organic Search,South,3.8666666666666667,0
S04155,4,4,1,1,Desktop,Social,East,5.0,0
S04156,2,1,1,2,Desktop,Direct,East,1.1666666666666667,0
S04157,3,3,2,1,Mobile,Organic Search,South,3.783333333333333,1
S04158,3,3,1,1,Mobile,Organic Search,North,3.066666666666667,1
S04159,4,4,2,1,Tablet,Referral,South,2.95,0
S04160,3,3,1,1,Mobile,Social,North,4.383333333333334,1
S04161,4,4,3,1,Mobile,Paid Search,East,4.466666666666667,0
S04162,2,2,1,1,Desktop,Paid Search,West,0.5833333333333334,0
S04163,6,6,3,1,Mobile,Email,West,3.8666666666666667,0
S04164,3,2,1,2,Mobile,Direct,South,4.416666666666667,0
S04165,3,3,1,1,Mobile,Referral,East,3.8666666666666667,0
S04166,2,2,1,1,Mobile,Organic Search,Central,2.783333333333333,0
S04167,4,3,1,2,Desktop,Direct,East,3.55,0
S04168,4,4,2,1,Desktop,Direct,Central,3.1166666666666667,1
S04169,3,3,1,1,Desktop,Email,East,3.7333333333333334,0
S04170,3,3,1,1,Desktop,Email,West,3.816666666666667,1
S04171,2,2,1,1,Desktop,Email,North,0.9,0
S04172,4,4,2,1,Tablet,Organic Search,West,4.75,0
S04173,4,4,1,1,Mobile,Email,Central,4.166666666666667,0
S04174,4,4,3,1,Mobile,Organic Search,Central,2.35,0
S04175,2,2,1,1,Mobile,Organic Search,Central,2.1666666666666665,0
S04176,2,2,2,1,Tablet,Organic Search,South,2.816666666666667,0
S04177,3,3,2,1,Mobile,Social,East,3.7666666666666666,0
S04178,2,2,1,1,Mobile,Direct,East,1.8,0
S04179,4,4,1,1,Desktop,Paid Search,East,4.933333333333334,0
S04180,1,1,1,1,Desktop,Social,North,0.0,0
S04181,3,3,1,1,Mobile,Paid Search,Central,3.183333333333333,0
S04182,4,4,4,1,Mobile,Email,Central,4.9,0
S04183,3,3,1,1,Mobile,Direct,East,2.8,0
S04184,3,3,1,1,Desktop,Direct,South,2.9166666666666665,0
S04185,4,4,3,1,Desktop,Paid Search,North,4.5,0
S04186,5,5,3,1,Mobile,Email,West,4.633333333333334,0
S04187,3,3,1,1,Desktop,Social,South,4.2,0
S04188,3,3,2,1,Mobile,Social,Central,3.4166666666666665,0
S04189,2,2,1,1,Mobile,Organic Search,West,2.933333333333333,0
S04190,3,3,1,1,Mobile,Organic Search,West,1.8666666666666667,0
S04191,2,2,1,1,Mobile,Paid Search,East,2.316666666666667,0
S04192,3,3,1,1,Mobile,Direct,North,3.25,0
S04193,2,2,2,1,Mobile,Organic Search,Central,1.45,0
S04194,5,4,1,2,Mobile,Referral,West,3.2,0
S04195,4,3,1,2,Mobile,Organic Search,Central,4.566666666666666,0
S04196,3,3,1,1,Desktop,Referral,East,3.0833333333333335,0
S04197,2,2,1,1,Desktop,Social,West,0.9333333333333333,0
S04198,2,2,1,1,Desktop,Social,North,0.8,0
S04199,3,3,3,1,Mobile,Organic Search,West,3.1333333333333333,0
S04200,3,3,1,1,Mobile,Organic Search,West,3.95,0
S04201,2,2,2,1,Mobile,Email,West,2.8333333333333335,0
S04202,1,1,1,1,Desktop,Organic Search,West,0.0,0
S04203,1,1,1,1,Desktop,Direct,South,0.0,0
S04204,4,4,1,1,Tablet,Direct,Central,4.0,1
S04205,5,5,3,1,Desktop,Organic Search,Central,4.933333333333334,0
S04206,3,3,3,1,Mobile,Organic Search,North,4.266666666666667,0
S04207,3,3,2,1,Mobile,Social,Central,3.0166666666666666,0
S04208,3,3,1,1,Mobile,Organic Search,South,2.716666666666667,0
S04209,3,2,1,2,Desktop,Organic Search,West,3.4833333333333334,0
S04210,2,2,1,1,Desktop,Paid Search,South,1.5333333333333334,0
S04211,1,1,1,1,Desktop,Referral,Central,0.0,0
S04212,3,3,1,1,Mobile,Direct,North,3.5166666666666666,0
S04213,3,1,1,3,Mobile,Organic Search,East,3.9,0
S04214,3,3,2,1,Desktop,Paid Search,East,3.066666666666667,0
S04215,3,2,1,2,Mobile,Referral,South,3.033333333333333,0
S04216,1,1,1,1,Mobile,Social,West,0.0,0
S04217,3,3,2,1,Desktop,Paid Search,North,2.283333333333333,0
S04218,4,4,2,1,Mobile,Direct,West,4.766666666666667,0
S04219,2,2,1,1,Mobile,Paid Search,Central,2.0166666666666666,0
S04220,3,3,1,1,Desktop,Organic Search,Central,0.7833333333333333,0
S04221,3,3,1,1,Desktop,Paid Search,Central,3.283333333333333,0
S04222,3,3,2,1,Mobile,Social,South,4.183333333333334,0
S04223,1,1,1,1,Tablet,Referral,South,0.0,0
S04224,2,2,1,1,Mobile,Direct,East,0.8166666666666667,0
S04225,4,4,1,1,Mobile,Organic Search,North,3.8333333333333335,0
S04226,3,3,1,1,Mobile,Paid Search,Central,3.8833333333333333,1
S04227,3,3,2,1,Mobile,Paid Search,North,2.716666666666667,0
S04228,5,5,3,1,Mobile,Social,Central,4.9,0
S04229,4,3,1,2,Mobile,Organic Search,North,3.433333333333333,0
S04230,3,3,2,1,Desktop,Direct,Central,3.183333333333333,0
S04231,3,3,2,1,Mobile,Email,North,4.366666666666666,0
S04232,2,2,1,1,Mobile,Direct,North,0.5166666666666667,0
S04233,3,2,1,2,Desktop,Social,West,3.7333333333333334,1
S04234,1,1,1,1,Tablet,Email,South,0.0,0
S04235,3,3,1,1,Desktop,Social,West,4.75,0
S04236,1,1,1,1,Desktop,Paid Search,East,0.0,0
S04237,2,2,2,1,Desktop,Social,North,2.2666666666666666,0
S04238,4,4,1,1,Mobile,Direct,Central,4.666666666666667,0
S04239,3,2,1,2,Mobile,Social,East,3.066666666666667,0
S04240,3,3,2,1,Desktop,Direct,West,3.3,0
S04241,4,4,2,1,Mobile,Paid Search,East,3.6166666666666667,0
S04242,3,3,1,1,Mobile,Organic Search,West,3.95,0
S04243,2,2,2,1,Mobile,Email,South,0.8833333333333333,0
S04244,2,2,2,1,Mobile,Direct,South,1.75,0
S04245,4,4,1,1,Mobile,Direct,East,4.883333333333334,0
S04246,2,2,2,1,Tablet,Referral,East,2.5,0
S04247,5,3,1,3,Desktop,Organic Search,South,4.85,1
S04248,3,3,1,1,Desktop,Social,West,3.5166666666666666,0
S04249,2,2,1,1,Mobile,Referral,West,2.7333333333333334,0
S04250,2,2,1,1,Tablet,Organic Search,North,2.8,0
S04251,2,2,1,1,Mobile,Paid Search,South,2.816666666666667,0
S04252,3,3,1,1,Desktop,Direct,East,3.1,0
S04253,3,3,2,1,Desktop,Organic Search,North,1.4166666666666667,0
S04254,3,3,1,1,Mobile,Direct,South,2.9166666666666665,0
S04255,2,1,1,2,Desktop,Referral,North,3.5833333333333335,0
S04256,3,2,1,2,Mobile,Organic Search,Central,3.45,0
S04257,1,1,1,1,Tablet,Paid Search,West,0.0,0
S04258,4,4,2,1,Mobile,Email,North,5.0,0
S04259,3,2,1,2,Desktop,Social,North,2.1166666666666667,0
S04260,4,4,1,1,Mobile,Organic Search,West,3.4166666666666665,0
S04261,3,3,1,1,Desktop,Paid Search,East,4.95,0
S04262,4,4,3,1,Tablet,Paid Search,West,4.683333333333334,0
S04263,2,2,2,1,Mobile,Paid Search,Central,2.6666666666666665,0
S04264,1,1,1,1,Mobile,Referral,East,0.0,0
S04265,4,3,2,2,Mobile,Social,North,3.966666666666667,0
S04266,4,4,1,1,Mobile,Organic Search,West,2.55,0
S04267,2,2,2,1,Mobile,Email,Central,2.8333333333333335,0
S04268,3,3,1,1,Desktop,Direct,East,4.55,0
S04269,3,3,1,1,Mobile,Direct,West,2.3666666666666667,0
S04270,3,3,3,1,Tablet,Email,South,4.133333333333334,0
S04271,5,5,2,1,Mobile,Direct,South,4.166666666666667,1
S04272,2,2,1,1,Tablet,Email,West,2.1166666666666667,0
S04273,3,3,1,1,Desktop,Referral,Central,2.7,0
S04274,2,2,1,1,Mobile,Organic Search,West,2.716666666666667,0
S04275,3,3,1,1,Mobile,Referral,West,4.466666666666667,0
S04276,3,3,2,1,Mobile,Email,North,4.116666666666666,0
S04277,3,3,2,1,Mobile,Paid Search,South,4.033333333333333,0
S04278,3,3,3,1,Desktop,Social,East,4.766666666666667,0
S04279,3,3,1,1,Desktop,Direct,North,3.6,0
S04280,3,3,1,1,Mobile,Email,West,3.9,0
S04281,4,4,3,1,Desktop,Direct,South,4.45,0
S04282,3,3,2,1,Mobile,Direct,West,3.75,0
S04283,3,3,1,1,Desktop,Referral,Central,3.6166666666666667,0
S04284,2,2,1,1,Desktop,Social,East,2.3666666666666667,0
S04285,1,1,1,1,Mobile,Organic Search,North,0.0,0
S04286,4,4,2,1,Mobile,Organic Search,West,2.95,0
S04287,3,3,2,1,Mobile,Direct,Central,4.133333333333334,1
S04288,2,2,1,1,Mobile,Organic Search,West,2.9,0
S04289,4,4,2,1,Desktop,Paid Search,North,4.85,0
S04290,1,1,1,1,Mobile,Organic Search,North,0.0,0
S04291,3,3,1,1,Mobile,Email,South,3.55,0
S04292,2,2,1,1,Desktop,Organic Search,North,0.8,0
S04293,3,3,1,1,Mobile,Direct,Central,4.583333333333333,0
S04294,3,3,1,1,Tablet,Paid Search,Central,1.8666666666666667,0
S04295,3,3,2,1,Mobile,Email,South,4.133333333333334,0
S04296,3,3,1,1,Desktop,Referral,South,4.15,0
S04297,1,1,1,1,Desktop,Social,South,0.0,0
S04298,2,2,1,1,Desktop,Direct,Central,2.95,0
S04299,4,4,3,1,Mobile,Organic Search,East,4.683333333333334,0
S04300,3,3,2,1,Mobile,Social,West,3.8666666666666667,0
S04301,3,1,1,3,Desktop,Referral,East,3.6,1
S04302,2,2,2,1,Tablet,Social,West,0.7666666666666667,0
S04303,4,4,1,1,Mobile,Organic Search,South,3.8333333333333335,0
S04304,4,4,4,1,Mobile,Referral,South,4.266666666666667,0
S04305,3,3,1,1,Mobile,Direct,West,4.366666666666666,1
S04306,3,3,2,1,Desktop,Social,East,3.283333333333333,0
S04307,4,4,1,1,Mobile,Referral,South,4.75,0
S04308,2,2,1,1,Mobile,Organic Search,North,1.1833333333333333,0
S04309,2,2,1,1,Mobile,Referral,South,2.2666666666666666,0
S04310,3,3,2,1,Mobile,Direct,East,3.283333333333333,0
S04311,2,2,1,1,Desktop,Referral,West,1.5166666666666666,0
S04312,2,2,1,1,Tablet,Direct,Central,1.9666666666666666,0
S04313,2,2,1,1,Desktop,Referral,North,2.6666666666666665,0
S04314,2,2,1,1,Mobile,Organic Search,South,0.9333333333333333,0
S04315,2,2,2,1,Tablet,Paid Search,North,1.1833333333333333,0
S04316,3,3,2,1,Desktop,Paid Search,East,2.816666666666667,0
S04317,3,3,2,1,Mobile,Email,East,4.766666666666667,0
S04318,4,3,2,2,Desktop,Organic Search,West,4.916666666666667,0
S04319,4,4,2,1,Mobile,Paid Search,South,3.7,0
S04320,3,3,2,1,Mobile,Organic Search,East,4.566666666666666,0
S04321,4,3,1,2,Mobile,Paid Search,Central,4.683333333333334,0
S04322,3,3,2,1,Tablet,Direct,Central,3.8666666666666667,0
S04323,3,3,2,1,Mobile,Referral,Central,2.8833333333333333,0
S04324,2,2,1,1,Mobile,Organic Search,West,0.9833333333333333,0
S04325,3,3,1,1,Mobile,Organic Search,Central,3.6166666666666667,0
S04326,3,3,1,1,Tablet,Organic Search,South,2.9166666666666665,0
S04327,3,3,1,1,Desktop,Direct,North,3.2666666666666666,0
S04328,3,3,3,1,Tablet,Organic Search,North,3.933333333333333,0
S04329,3,3,1,1,Desktop,Email,West,3.816666666666667,0
S04330,4,4,3,1,Mobile,Social,Central,2.966666666666667,0
S04331,3,3,1,1,Desktop,Social,North,2.6666666666666665,0
S04332,2,2,1,1,Desktop,Paid Search,West,2.7333333333333334,0
S04333,1,1,1,1,Mobile,Organic Search,West,0.0,0
S04334,2,2,2,1,Mobile,Paid Search,Central,1.7666666666666666,0
S04335,4,4,1,1,Mobile,Organic Search,West,4.516666666666667,0
S04336,3,3,2,1,Desktop,Social,Central,4.633333333333334,0
S04337,3,3,1,1,Mobile,Direct,South,4.833333333333333,0
S04338,2,2,1,1,Tablet,Direct,South,1.3833333333333333,0
S04339,3,3,1,1,Mobile,Direct,East,2.1166666666666667,0
S04340,2,2,1,1,Desktop,Social,South,0.9833333333333333,0
S04341,3,3,1,1,Mobile,Organic Search,North,3.35,0
S04342,1,1,1,1,Desktop,Paid Search,West,0.0,0
S04343,3,3,1,1,Mobile,Organic Search,West,3.7,0
S04344,3,3,2,1,Mobile,Paid Search,West,1.05,0
S04345,3,3,2,1,Mobile,Referral,South,2.7666666666666666,0
S04346,5,5,2,1,Desktop,Email,East,3.6333333333333333,0
S04347,3,3,2,1,Mobile,Email,South,4.216666666666667,0
S04348,3,3,2,1,Mobile,Referral,North,3.9166666666666665,0
S04349,5,4,1,2,Mobile,Email,East,4.516666666666667,1
S04350,4,4,2,1,Mobile,Email,North,4.1,0
S04351,4,4,3,1,Mobile,Paid Search,North,2.3666666666666667,0
S04352,2,2,1,1,Mobile,Paid Search,West,1.1,0
S04353,4,4,1,1,Mobile,Organic Search,North,4.35,0
S04354,2,2,1,1,Tablet,Social,Central,2.1,0
S04355,4,4,1,1,Mobile,Email,East,4.833333333333333,0
S04356,3,3,1,1,Mobile,Organic Search,Central,0.9833333333333333,0
S04357,4,4,2,1,Desktop,Social,North,3.2666666666666666,0
S04358,3,3,1,1,Mobile,Direct,East,3.8333333333333335,0
S04359,3,3,3,1,Mobile,Organic Search,South,4.583333333333333,0
S04360,2,2,1,1,Desktop,Paid Search,Central,1.2,0
S04361,2,2,2,1,Desktop,Referral,South,2.6166666666666667,0
S04362,3,3,1,1,Mobile,Referral,South,4.616666666666666,0
S04363,2,2,1,1,Mobile,Referral,Central,2.4166666666666665,0
S04364,2,2,1,1,Mobile,Social,South,1.35,0
S04365,4,4,2,1,Desktop,Organic Search,North,3.7,0
S04366,4,4,2,1,Mobile,Direct,South,4.066666666666666,1
S04367,2,2,1,1,Desktop,Social,West,2.9833333333333334,0
S04368,2,2,1,1,Mobile,Direct,South,2.75,0
S04369,3,3,1,1,Desktop,Paid Search,East,1.8166666666666667,0
S04370,3,3,1,1,Desktop,Paid Search,North,4.233333333333333,0
S04371,3,3,1,1,Desktop,Direct,East,3.8333333333333335,0
S04372,3,3,3,1,Mobile,Referral,West,2.316666666666667,0
S04373,3,3,3,1,Desktop,Email,East,2.716666666666667,0
S04374,4,4,1,1,Mobile,Email,East,4.383333333333334,0
S04375,3,3,1,1,Mobile,Referral,North,3.15,0
S04376,4,4,2,1,Mobile,Email,South,2.9,0
S04377,3,3,2,1,Mobile,Organic Search,North,3.7333333333333334,0
S04378,3,2,2,2,Mobile,Email,East,4.65,0
S04379,4,4,1,1,Desktop,Social,East,3.85,0
S04380,3,3,1,1,Mobile,Social,Central,1.3,0
S04381,3,3,3,1,Desktop,Social,North,2.9166666666666665,0
S04382,2,2,1,1,Desktop,Paid Search,East,1.7166666666666666,0
S04383,2,2,2,1,Mobile,Direct,East,2.85,0
S04384,3,3,1,1,Mobile,Social,East,4.133333333333334,0
S04385,4,4,2,1,Mobile,Referral,Central,4.483333333333333,0
S04386,1,1,1,1,Mobile,Organic Search,South,0.0,0
S04387,3,3,2,1,Tablet,Organic Search,North,4.166666666666667,0
S04388,1,1,1,1,Desktop,Referral,West,0.0,0
S04389,1,1,1,1,Desktop,Social,South,0.0,0
S04390,3,3,1,1,Desktop,Referral,North,3.0166666666666666,0
S04391,1,1,1,1,Desktop,Referral,South,0.0,0
S04392,4,4,2,1,Mobile,Paid Search,South,3.716666666666667,0
S04393,2,1,1,2,Mobile,Paid Search,West,0.8333333333333334,0
S04394,2,2,1,1,Desktop,Paid Search,North,2.4166666666666665,0
S04395,1,1,1,1,Tablet,Organic Search,East,0.0,0
S04396,2,2,1,1,Mobile,Social,East,2.033333333333333,0
S04397,3,3,1,1,Desktop,Email,East,3.75,0
S04398,3,3,2,1,Desktop,Paid Search,Central,3.816666666666667,0
S04399,2,2,1,1,Desktop,Email,North,0.7,0
S04400,4,4,1,1,Desktop,Email,Central,2.933333333333333,1
S04401,3,3,2,1,Desktop,Organic Search,East,3.1666666666666665,0
S04402,3,1,1,3,Mobile,Direct,West,3.8666666666666667,0
S04403,2,2,1,1,Desktop,Organic Search,East,2.0,0
S04404,2,2,1,1,Desktop,Organic Search,East,2.4,0
S04405,3,3,2,1,Tablet,Referral,Central,2.5166666666666666,1
S04406,4,4,3,1,Mobile,Organic Search,Central,4.9,0
S04407,3,3,1,1,Tablet,Direct,South,2.75,0
S04408,4,3,3,2,Desktop,Paid Search,North,4.683333333333334,0
S04409,4,4,2,1,Mobile,Paid Search,East,4.85,0
S04410,2,2,2,1,Mobile,Organic Search,Central,2.8833333333333333,0
S04411,1,1,1,1,Desktop,Social,South,0.0,0
S04412,2,2,1,1,Desktop,Social,West,1.35,0
S04413,3,3,1,1,Mobile,Organic Search,West,3.9166666666666665,0
S04414,2,1,1,2,Mobile,Direct,West,1.4333333333333333,1
S04415,3,3,1,1,Mobile,Referral,East,1.3333333333333333,0
S04416,3,3,2,1,Mobile,Social,East,4.5,0
S04417,3,3,1,1,Mobile,Paid Search,Central,2.466666666666667,0
S04418,1,1,1,1,Desktop,Organic Search,West,0.0,0
S04419,4,4,2,1,Desktop,Direct,West,4.666666666666667,0
S04420,3,3,2,1,Desktop,Paid Search,South,4.4,0
S04421,2,2,1,1,Desktop,Organic Search,West,2.1666666666666665,0
S04422,2,2,1,1,Tablet,Email,South,1.3166666666666667,1
S04423,3,3,1,1,Mobile,Paid Search,South,4.75,0
S04424,2,2,1,1,Mobile,Direct,West,0.7666666666666667,0
S04425,2,2,1,1,Desktop,Social,East,2.95,0
S04426,2,2,1,1,Mobile,Social,West,1.5,0
S04427,3,3,1,1,Desktop,Direct,South,2.6,0
S04428,2,1,1,2,Desktop,Social,East,0.7333333333333333,0
S04429,3,3,1,1,Desktop,Organic Search,East,2.35,0
S04430,4,4,2,1,Mobile,Social,East,4.7,0
S04431,4,4,2,1,Mobile,Organic Search,South,4.0,0
S04432,3,3,1,1,Mobile,Organic Search,West,1.2,0
S04433,3,3,2,1,Mobile,Paid Search,Central,3.7666666666666666,0
S04434,2,2,1,1,Tablet,Email,South,1.8333333333333333,0
S04435,3,3,2,1,Desktop,Referral,South,2.4833333333333334,0
S04436,2,2,1,1,Desktop,Direct,West,2.45,0
S04437,3,1,1,3,Desktop,Direct,West,4.1,1
S04438,3,3,2,1,Mobile,Email,West,3.3333333333333335,0
S04439,3,3,1,1,Tablet,Email,West,2.783333333333333,0
S04440,3,3,1,1,Desktop,Direct,South,2.7333333333333334,0
S04441,3,3,2,1,Mobile,Paid Search,South,3.7333333333333334,0
S04442,3,3,1,1,Mobile,Social,South,3.8,0
S04443,3,3,2,1,Desktop,Social,North,4.483333333333333,0
S04444,3,3,1,1,Mobile,Referral,West,4.366666666666666,0
S04445,2,2,1,1,Mobile,Direct,North,2.5166666666666666,0
S04446,3,3,2,1,Tablet,Social,Central,2.2666666666666666,0
S04447,3,3,1,1,Desktop,Direct,Central,4.716666666666667,0
S04448,5,4,3,2,Mobile,Paid Search,Central,3.283333333333333,0
S04449,3,3,2,1,Desktop,Email,Central,3.2,0
S04450,4,4,1,1,Mobile,Referral,East,3.966666666666667,1
S04451,4,4,1,1,Mobile,Social,Central,4.516666666666667,0
S04452,2,2,1,1,Mobile,Referral,North,1.5666666666666667,0
S04453,3,3,1,1,Mobile,Social,North,2.8,0
S04454,2,2,2,1,Mobile,Referral,West,0.6,0
S04455,2,2,1,1,Mobile,Social,North,2.2666666666666666,0
S04456,3,2,1,2,Desktop,Email,Central,4.133333333333334,0
S04457,1,1,1,1,Mobile,Direct,West,0.0,0
S04458,3,3,1,1,Desktop,Direct,West,2.316666666666667,0
S04459,4,4,1,1,Mobile,Organic Search,South,4.283333333333333,0
S04460,3,3,1,1,Mobile,Email,West,4.3,0
S04461,2,2,1,1,Mobile,Email,North,1.6833333333333333,0
S04462,3,3,1,1,Mobile,Email,Central,4.683333333333334,0
S04463,5,5,1,1,Tablet,Referral,North,4.75,0
S04464,3,3,1,1,Desktop,Referral,West,3.65,1
S04465,2,2,1,1,Mobile,Organic Search,South,1.4166666666666667,0
S04466,1,1,1,1,Mobile,Direct,North,0.0,0
S04467,2,2,2,1,Desktop,Direct,East,0.45,0
S04468,3,3,2,1,Desktop,Direct,North,4.266666666666667,0
S04469,3,2,1,2,Tablet,Social,West,3.1166666666666667,0
S04470,4,4,1,1,Mobile,Email,South,1.7,0
S04471,4,4,2,1,Tablet,Paid Search,South,3.5,0
S04472,4,4,1,1,Tablet,Social,East,4.166666666666667,0
S04473,2,1,1,2,Desktop,Social,South,3.1166666666666667,0
S04474,4,4,1,1,Desktop,Organic Search,South,3.65,0
S04475,2,2,1,1,Mobile,Social,Central,0.7666666666666667,0
S04476,2,2,1,1,Mobile,Email,North,2.533333333333333,0
S04477,3,2,2,2,Mobile,Direct,North,3.0833333333333335,0
S04478,2,2,1,1,Desktop,Organic Search,South,0.7333333333333333,0
S04479,5,5,2,1,Mobile,Email,East,4.683333333333334,1
S04480,3,3,2,1,Mobile,Direct,East,2.466666666666667,0
S04481,3,2,1,2,Desktop,Direct,South,3.683333333333333,1
S04482,1,1,1,1,Mobile,Paid Search,West,0.0,0
S04483,3,3,1,1,Mobile,Social,North,3.85,0
S04484,4,3,1,2,Mobile,Organic Search,East,4.15,1
S04485,2,2,1,1,Desktop,Organic Search,South,2.45,0
S04486,4,4,2,1,Mobile,Social,West,4.416666666666667,0
S04487,2,2,1,1,Desktop,Organic Search,Central,1.2333333333333334,0
S04488,3,3,2,1,Desktop,Referral,East,4.533333333333333,0
S04489,2,2,2,1,Mobile,Paid Search,Central,2.9833333333333334,0
S04490,3,3,2,1,Mobile,Direct,South,3.283333333333333,0
S04491,2,2,1,1,Desktop,Organic Search,North,1.4333333333333333,0
S04492,4,3,2,2,Mobile,Organic Search,North,4.733333333333333,0
S04493,3,2,1,2,Mobile,Organic Search,South,2.9,0
S04494,3,3,2,1,Mobile,Organic Search,South,4.75,0
S04495,3,3,1,1,Mobile,Paid Search,North,2.816666666666667,0
S04496,3,3,1,1,Mobile,Organic Search,East,2.783333333333333,0
S04497,3,3,2,1,Mobile,Email,South,3.033333333333333,0
S04498,3,3,1,1,Desktop,Paid Search,North,2.4166666666666665,0
S04499,3,3,1,1,Desktop,Direct,South,3.5833333333333335,0
S04500,3,3,1,1,Mobile,Organic Search,Central,4.65,0
S04501,3,3,1,1,Mobile,Organic Search,South,4.9,0
S04502,4,4,3,1,Mobile,Organic Search,West,3.65,0
S04503,2,2,1,1,Desktop,Social,West,2.7,0
S04504,4,2,1,3,Desktop,Direct,East,4.716666666666667,1
S04505,4,4,1,1,Mobile,Social,South,4.333333333333333,0
S04506,1,1,1,1,Desktop,Email,South,0.0,0
S04507,3,3,1,1,Mobile,Email,East,4.55,0
S04508,2,1,1,2,Desktop,Email,South,2.2,0
S04509,3,3,1,1,Mobile,Social,South,3.35,0
S04510,3,3,1,1,Tablet,Direct,North,4.75,0
S04511,3,3,3,1,Desktop,Organic Search,Central,3.8,1
S04512,4,4,2,1,Mobile,Paid Search,East,3.1333333333333333,0
S04513,3,1,1,3,Desktop,Direct,West,2.066666666666667,0
S04514,3,3,1,1,Mobile,Email,East,3.05,0
S04515,3,3,1,1,Mobile,Paid Search,Central,3.3833333333333333,0
S04516,3,3,1,1,Mobile,Email,East,3.7666666666666666,0
S04517,2,1,1,2,Mobile,Paid Search,East,2.3,0
S04518,4,4,2,1,Tablet,Paid Search,Central,4.283333333333333,0
S04519,2,2,1,1,Desktop,Social,West,2.8833333333333333,0
S04520,4,4,2,1,Desktop,Paid Search,North,4.55,0
S04521,3,3,1,1,Mobile,Paid Search,North,4.366666666666666,0
S04522,4,4,2,1,Mobile,Paid Search,West,3.8833333333333333,0
S04523,1,1,1,1,Tablet,Social,Central,0.0,0
S04524,2,1,1,2,Mobile,Email,East,0.6333333333333333,0
S04525,3,3,1,1,Mobile,Direct,East,3.533333333333333,0
S04526,2,2,1,1,Mobile,Social,West,2.95,0
S04527,4,3,1,2,Mobile,Paid Search,East,3.1333333333333333,0
S04528,3,3,2,1,Tablet,Organic Search,West,1.7833333333333334,0
S04529,2,2,1,1,Mobile,Referral,North,2.9,0
S04530,2,2,1,1,Desktop,Organic Search,Central,2.85,0
S04531,3,3,1,1,Desktop,Social,West,2.816666666666667,0
S04532,3,3,2,1,Desktop,Social,West,4.383333333333334,0
S04533,2,2,1,1,Desktop,Referral,South,2.3,1
S04534,4,4,2,1,Desktop,Organic Search,North,4.116666666666666,0
S04535,2,2,1,1,Mobile,Paid Search,East,2.7,0
S04536,3,3,3,1,Mobile,Direct,West,4.516666666666667,0
S04537,3,3,2,1,Mobile,Direct,West,3.85,0
S04538,4,4,1,1,Mobile,Organic Search,South,4.65,0
S04539,2,2,1,1,Desktop,Paid Search,West,2.816666666666667,0
S04540,3,3,2,1,Desktop,Email,Central,3.183333333333333,1
S04541,4,4,3,1,Desktop,Organic Search,North,4.766666666666667,0
S04542,2,2,2,1,Mobile,Paid Search,East,2.35,0
S04543,1,1,1,1,Desktop,Social,West,0.0,0
S04544,4,4,2,1,Desktop,Social,East,4.616666666666666,0
S04545,4,4,1,1,Mobile,Referral,West,4.766666666666667,0
S04546,2,2,1,1,Mobile,Direct,East,1.3,0
S04547,4,4,2,1,Desktop,Referral,Central,4.15,0
S04548,4,4,2,1,Mobile,Social,North,4.633333333333334,0
S04549,1,1,1,1,Mobile,Direct,East,0.0,0
S04550,3,3,2,1,Mobile,Organic Search,North,4.233333333333333,0
S04551,5,5,1,1,Tablet,Email,North,4.933333333333334,0
S04552,3,3,1,1,Desktop,Direct,South,3.2,0
S04553,3,3,1,1,Desktop,Paid Search,North,3.8333333333333335,0
S04554,4,3,1,2,Tablet,Paid Search,Central,2.6666666666666665,0
S04555,3,3,1,1,Mobile,Social,Central,3.6333333333333333,0
S04556,3,3,1,1,Mobile,Email,South,2.8833333333333333,0
S04557,3,3,1,1,Mobile,Organic Search,West,3.35,0
S04558,2,2,1,1,Mobile,Social,East,2.8333333333333335,1
S04559,3,3,2,1,Tablet,Direct,Central,4.533333333333333,1
S04560,2,1,1,2,Tablet,Referral,West,1.4333333333333333,0
S04561,1,1,1,1,Mobile,Organic Search,North,0.0,0
S04562,2,2,1,1,Desktop,Referral,West,1.5333333333333334,0
S04563,3,3,1,1,Mobile,Organic Search,West,3.8666666666666667,1
S04564,1,1,1,1,Desktop,Organic Search,East,0.0,0
S04565,1,1,1,1,Desktop,Organic Search,Central,0.0,0
S04566,3,3,1,1,Tablet,Paid Search,Central,4.316666666666666,0
S04567,2,2,2,1,Desktop,Social,East,2.183333333333333,0
S04568,2,2,1,1,Desktop,Email,West,2.8666666666666667,0
S04569,1,1,1,1,Desktop,Referral,Central,0.0,0
S04570,2,2,1,1,Mobile,Paid Search,South,1.4666666666666666,0
S04571,3,3,2,1,Mobile,Paid Search,South,3.816666666666667,0
S04572,3,3,2,1,Mobile,Social,North,1.15,0
S04573,3,3,1,1,Desktop,Direct,Central,4.566666666666666,1
S04574,3,3,3,1,Mobile,Direct,West,4.133333333333334,0
S04575,3,3,1,1,Mobile,Referral,North,4.1,0
S04576,3,3,2,1,Desktop,Referral,Central,4.633333333333334,0
S04577,3,3,1,1,Mobile,Referral,West,3.9166666666666665,0
S04578,2,2,1,1,Desktop,Referral,Central,1.8166666666666667,0
S04579,3,3,1,1,Tablet,Organic Search,North,3.75,0
S04580,3,3,1,1,Mobile,Social,East,2.533333333333333,0
S04581,2,2,2,1,Tablet,Direct,West,2.65,0
S04582,4,4,1,1,Desktop,Referral,East,3.0166666666666666,0
S04583,3,3,2,1,Mobile,Email,West,4.75,0
S04584,4,4,2,1,Mobile,Paid Search,Central,3.2,0
S04585,3,3,2,1,Mobile,Email,South,2.683333333333333,0
S04586,4,4,2,1,Tablet,Direct,Central,3.6166666666666667,0
S04587,3,3,1,1,Mobile,Organic Search,North,3.4833333333333334,0
S04588,3,3,1,1,Desktop,Referral,South,2.783333333333333,0
S04589,5,5,3,1,Mobile,Social,North,4.066666666666666,0
S04590,3,3,1,1,Mobile,Organic Search,South,2.6333333333333333,0
S04591,3,3,2,1,Mobile,Social,South,3.0833333333333335,0
S04592,4,4,1,1,Desktop,Paid Search,Central,3.9,0
S04593,4,4,1,1,Mobile,Direct,West,3.0,0
S04594,3,3,3,1,Desktop,Direct,East,4.283333333333333,0
S04595,1,1,1,1,Mobile,Social,West,0.0,0
S04596,4,4,2,1,Mobile,Paid Search,North,4.366666666666666,0
S04597,3,3,2,1,Mobile,Paid Search,North,4.7,0
S04598,2,2,1,1,Desktop,Paid Search,West,0.5,0
S04599,3,3,1,1,Mobile,Organic Search,West,3.1,0
S04600,2,2,2,1,Desktop,Email,West,1.1,0
S04601,3,2,1,2,Desktop,Organic Search,East,2.933333333333333,0
S04602,3,3,1,1,Mobile,Organic Search,West,2.6333333333333333,0
S04603,2,2,1,1,Tablet,Paid Search,West,2.6166666666666667,0
S04604,3,3,1,1,Mobile,Referral,Central,3.15,0
S04605,3,3,1,1,Mobile,Direct,South,2.683333333333333,0
S04606,3,3,1,1,Tablet,Organic Search,East,2.6333333333333333,0
S04607,4,3,1,2,Mobile,Paid Search,West,2.3666666666666667,0
S04608,3,3,1,1,Desktop,Social,Central,2.8666666666666667,0
S04609,3,3,1,1,Tablet,Social,South,2.95,0
S04610,3,3,1,1,Mobile,Social,East,3.1166666666666667,0
S04611,4,4,1,1,Desktop,Paid Search,South,2.75,0
S04612,3,3,2,1,Desktop,Social,East,3.45,0
S04613,4,4,2,1,Mobile,Organic Search,South,4.183333333333334,0
S04614,2,1,1,2,Desktop,Direct,North,3.5166666666666666,0
S04615,3,1,1,3,Desktop,Direct,East,4.75,0
S04616,3,3,1,1,Desktop,Email,South,3.2666666666666666,0
S04617,1,1,1,1,Mobile,Referral,North,0.0,0
S04618,2,2,1,1,Mobile,Social,South,2.1333333333333333,0
S04619,3,3,1,1,Desktop,Organic Search,North,3.4166666666666665,0
S04620,4,3,2,2,Mobile,Organic Search,Central,3.3833333333333333,0
S04621,3,3,2,1,Mobile,Direct,East,4.616666666666666,0
S04622,3,3,2,1,Mobile,Direct,Central,4.3,0
S04623,4,4,2,1,Desktop,Paid Search,East,3.216666666666667,0
S04624,2,2,2,1,Mobile,Referral,Central,2.216666666666667,0
S04625,1,1,1,1,Tablet,Referral,East,0.0,0
S04626,4,3,2,2,Mobile,Paid Search,East,3.25,1
S04627,4,4,1,1,Desktop,Social,East,4.833333333333333,0
S04628,3,3,2,1,Mobile,Email,West,4.15,0
S04629,3,3,1,1,Mobile,Organic Search,East,2.933333333333333,0
S04630,4,4,3,1,Mobile,Email,South,4.35,0
S04631,1,1,1,1,Desktop,Paid Search,North,0.0,0
S04632,3,3,1,1,Desktop,Social,West,3.6333333333333333,0
S04633,2,2,2,1,Mobile,Organic Search,East,0.8,0
S04634,3,3,1,1,Mobile,Direct,North,2.566666666666667,0
S04635,4,4,1,1,Desktop,Direct,South,4.066666666666666,0
S04636,5,5,1,1,Tablet,Referral,East,4.533333333333333,0
S04637,3,3,2,1,Desktop,Email,Central,2.716666666666667,1
S04638,4,4,2,1,Mobile,Social,North,4.35,0
S04639,3,3,1,1,Mobile,Social,South,3.8333333333333335,0
S04640,2,2,1,1,Mobile,Direct,Central,2.2333333333333334,0
S04641,4,4,2,1,Tablet,Paid Search,West,3.8333333333333335,0
S04642,2,2,1,1,Desktop,Referral,South,2.933333333333333,0
S04643,4,3,1,2,Mobile,Email,Central,4.666666666666667,1
S04644,3,3,1,1,Desktop,Referral,East,3.5833333333333335,0
S04645,2,2,1,1,Mobile,Organic Search,East,0.65,0
S04646,3,3,1,1,Mobile,Organic Search,Central,3.8666666666666667,0
S04647,3,3,2,1,Mobile,Referral,Central,3.6333333333333333,0
S04648,2,2,2,1,Desktop,Social,South,0.8833333333333333,0
S04649,4,4,2,1,Mobile,Referral,North,4.216666666666667,0
S04650,3,3,1,1,Desktop,Paid Search,South,3.716666666666667,0
S04651,4,4,3,1,Desktop,Referral,North,3.7,0
S04652,4,4,2,1,Mobile,Social,North,2.1,0
S04653,2,2,2,1,Mobile,Social,South,0.9,0
S04654,2,2,1,1,Mobile,Paid Search,Central,2.6666666666666665,0
S04655,3,3,1,1,Mobile,Direct,Central,3.6333333333333333,0
S04656,4,4,2,1,Desktop,Referral,East,4.466666666666667,0
S04657,3,3,2,1,Mobile,Email,East,1.9833333333333334,0
S04658,2,2,1,1,Mobile,Paid Search,North,2.4166666666666665,0
S04659,3,3,1,1,Desktop,Email,South,4.5,0
S04660,5,5,1,1,Mobile,Paid Search,North,4.733333333333333,0
S04661,2,2,1,1,Mobile,Email,West,2.9,1
S04662,3,3,2,1,Mobile,Organic Search,North,4.416666666666667,0
S04663,3,3,1,1,Mobile,Referral,Central,4.433333333333334,0
S04664,5,5,2,1,Mobile,Email,West,4.916666666666667,0
S04665,3,3,1,1,Mobile,Paid Search,South,4.583333333333333,0
S04666,4,4,2,1,Mobile,Organic Search,North,4.7,0
S04667,3,3,1,1,Desktop,Organic Search,West,1.55,0
S04668,2,2,1,1,Mobile,Organic Search,Central,1.2666666666666666,0
S04669,3,3,2,1,Mobile,Paid Search,West,2.533333333333333,0
S04670,4,3,1,2,Mobile,Organic Search,South,4.066666666666666,0
S04671,5,5,1,1,Mobile,Referral,East,5.0,0
S04672,3,3,1,1,Mobile,Organic Search,South,3.75,0
S04673,3,3,2,1,Mobile,Organic Search,Central,2.9166666666666665,0
S04674,3,3,2,1,Desktop,Organic Search,West,4.016666666666667,0
S04675,3,3,1,1,Mobile,Organic Search,West,4.416666666666667,0
S04676,6,5,1,2,Tablet,Social,East,3.9166666666666665,1
S04677,2,2,1,1,Desktop,Social,West,0.6666666666666666,0
S04678,2,2,1,1,Tablet,Paid Search,South,2.9,0
S04679,4,3,1,2,Mobile,Organic Search,North,4.466666666666667,0
S04680,3,3,1,1,Mobile,Direct,South,4.316666666666666,0
S04681,3,3,2,1,Desktop,Email,Central,4.483333333333333,0
S04682,3,3,2,1,Desktop,Referral,West,4.016666666666667,0
S04683,1,1,1,1,Tablet,Organic Search,North,0.0,0
S04684,3,3,1,1,Desktop,Social,Central,4.5,0
S04685,4,4,1,1,Mobile,Email,South,4.2,0
S04686,3,3,2,1,Mobile,Direct,South,2.95,0
S04687,4,4,2,1,Desktop,Email,South,4.416666666666667,0
S04688,3,3,2,1,Desktop,Organic Search,East,3.7666666666666666,0
S04689,1,1,1,1,Mobile,Social,East,0.0,0
S04690,3,3,2,1,Tablet,Organic Search,East,3.85,0
S04691,2,2,1,1,Mobile,Social,West,2.1,0
S04692,2,2,2,1,Desktop,Organic Search,South,1.7166666666666666,0
S04693,3,3,2,1,Desktop,Referral,West,2.55,1
S04694,2,2,1,1,Mobile,Organic Search,North,1.9666666666666666,0
S04695,4,4,1,1,Mobile,Referral,West,4.966666666666667,0
S04696,3,3,2,1,Mobile,Social,West,4.333333333333333,0
S04697,2,2,1,1,Mobile,Referral,West,1.8833333333333333,0
S04698,3,3,2,1,Mobile,Email,East,2.816666666666667,0
S04699,2,2,1,1,Desktop,Social,West,0.95,0
S04700,6,6,3,1,Tablet,Direct,North,3.5,1
S04701,3,3,1,1,Desktop,Organic Search,Central,4.7,0
S04702,3,3,2,1,Desktop,Email,North,3.8333333333333335,1
S04703,3,3,2,1,Mobile,Organic Search,North,3.566666666666667,0
S04704,3,3,1,1,Mobile,Referral,East,4.65,0
S04705,4,3,1,2,Mobile,Organic Search,West,3.566666666666667,0
S04706,3,3,2,1,Mobile,Paid Search,North,4.383333333333334,0
S04707,4,4,1,1,Mobile,Paid Search,Central,3.2666666666666666,0
S04708,3,3,1,1,Desktop,Paid Search,Central,3.45,1
S04709,4,2,1,3,Mobile,Paid Search,West,4.383333333333334,0
S04710,3,3,1,1,Mobile,Organic Search,East,3.566666666666667,0
S04711,3,3,1,1,Mobile,Paid Search,West,2.6,0
S04712,3,3,1,1,Mobile,Direct,South,2.7333333333333334,0
S04713,4,4,2,1,Desktop,Referral,East,4.1,0
S04714,3,3,1,1,Mobile,Social,Central,4.616666666666666,0
S04715,3,3,1,1,Mobile,Referral,Central,4.216666666666667,0
S04716,3,3,2,1,Desktop,Organic Search,Central,2.1,0
S04717,1,1,1,1,Mobile,Direct,South,0.0,0
S04718,2,2,1,1,Tablet,Organic Search,South,2.7,0
S04719,1,1,1,1,Mobile,Organic Search,South,0.0,0
S04720,3,3,1,1,Tablet,Organic Search,East,2.5166666666666666,0
S04721,4,4,2,1,Desktop,Paid Search,South,4.166666666666667,0
S04722,3,3,1,1,Desktop,Organic Search,South,4.183333333333334,0
S04723,4,4,3,1,Desktop,Email,West,4.816666666666666,1
S04724,2,2,1,1,Mobile,Referral,West,1.85,0
S04725,3,3,2,1,Desktop,Paid Search,West,4.616666666666666,0
S04726,3,3,1,1,Desktop,Direct,Central,4.416666666666667,1
S04727,3,3,3,1,Tablet,Direct,North,4.233333333333333,0
S04728,2,2,1,1,Mobile,Email,North,2.95,1
S04729,5,5,3,1,Mobile,Organic Search,West,4.716666666666667,0
S04730,2,2,1,1,Desktop,Paid Search,East,2.783333333333333,0
S04731,4,4,2,1,Desktop,Direct,East,4.966666666666667,0
S04732,1,1,1,1,Desktop,Social,North,0.0,0
S04733,4,4,1,1,Mobile,Social,South,3.5166666666666666,0
S04734,2,2,2,1,Tablet,Paid Search,West,1.9166666666666667,0
S04735,3,3,1,1,Mobile,Direct,Central,3.4833333333333334,0
S04736,2,2,1,1,Desktop,Organic Search,Central,2.4166666666666665,0
S04737,2,2,1,1,Mobile,Social,East,1.0333333333333334,0
S04738,2,2,2,1,Desktop,Email,East,2.466666666666667,0
S04739,2,2,1,1,Mobile,Organic Search,Central,0.48333333333333334,0
S04740,3,3,2,1,Mobile,Organic Search,East,3.15,0
S04741,4,4,2,1,Mobile,Organic Search,East,3.183333333333333,0
S04742,3,2,1,2,Desktop,Social,Central,4.933333333333334,0
S04743,4,4,2,1,Desktop,Organic Search,West,3.95,0
S04744,3,3,2,1,Tablet,Email,Central,3.2333333333333334,0
S04745,3,3,2,1,Desktop,Email,South,4.283333333333333,0
S04746,3,3,2,1,Desktop,Paid Search,East,1.9666666666666666,0
S04747,3,3,1,1,Desktop,Social,Central,4.116666666666666,0
S04748,3,3,2,1,Desktop,Social,North,3.4,0
S04749,3,3,1,1,Mobile,Email,West,3.6333333333333333,1
S04750,4,4,1,1,Mobile,Organic Search,North,4.15,0
S04751,4,4,1,1,Desktop,Direct,Central,4.066666666666666,0
S04752,2,2,1,1,Mobile,Paid Search,West,0.6666666666666666,0
S04753,4,4,2,1,Mobile,Paid Search,North,4.95,0
S04754,3,3,2,1,Mobile,Paid Search,East,2.1,0
S04755,3,3,1,1,Mobile,Organic Search,West,2.6,0
S04756,3,3,1,1,Mobile,Paid Search,West,1.5,0
S04757,3,1,1,3,Desktop,Organic Search,East,3.45,1
S04758,3,3,1,1,Mobile,Social,Central,2.45,0
S04759,3,3,2,1,Mobile,Direct,East,3.966666666666667,0
S04760,2,1,1,2,Tablet,Paid Search,East,1.9,0
S04761,2,2,1,1,Mobile,Organic Search,North,2.966666666666667,0
S04762,2,2,1,1,Tablet,Direct,Central,2.683333333333333,0
S04763,1,1,1,1,Mobile,Paid Search,North,0.0,0
S04764,3,3,2,1,Desktop,Organic Search,East,1.5666666666666667,0
S04765,3,3,2,1,Mobile,Social,Central,4.666666666666667,0
S04766,2,2,1,1,Tablet,Paid Search,South,2.216666666666667,0
S04767,4,4,1,1,Mobile,Paid Search,East,4.483333333333333,0
S04768,4,4,2,1,Desktop,Direct,South,4.066666666666666,0
S04769,3,3,2,1,Mobile,Email,West,4.8,0
S04770,3,3,1,1,Desktop,Paid Search,East,3.183333333333333,0
S04771,1,1,1,1,Desktop,Email,Central,0.0,0
S04772,2,2,2,1,Mobile,Paid Search,Central,0.95,0
S04773,2,2,2,1,Desktop,Email,West,1.3666666666666667,0
S04774,3,2,2,2,Mobile,Organic Search,West,3.5166666666666666,1
S04775,2,2,1,1,Desktop,Organic Search,East,2.25,1
S04776,2,1,1,2,Mobile,Organic Search,South,2.9,0
S04777,4,4,2,1,Desktop,Direct,West,4.366666666666666,0
S04778,3,3,1,1,Desktop,Social,Central,3.066666666666667,0
S04779,2,2,1,1,Desktop,Social,East,2.316666666666667,0
S04780,2,2,2,1,Desktop,Organic Search,South,1.9833333333333334,0
S04781,4,4,2,1,Desktop,Referral,South,4.733333333333333,0
S04782,4,4,1,1,Desktop,Email,East,3.0833333333333335,0
S04783,3,3,1,1,Mobile,Referral,North,3.566666666666667,0
S04784,3,1,1,3,Desktop,Paid Search,East,2.6666666666666665,1
S04785,3,3,2,1,Mobile,Social,East,4.633333333333334,0
S04786,4,4,1,1,Mobile,Organic Search,East,4.283333333333333,1
S04787,3,3,2,1,Mobile,Organic Search,South,4.633333333333334,0
S04788,2,2,1,1,Tablet,Organic Search,West,1.5833333333333333,0
S04789,1,1,1,1,Mobile,Social,Central,0.0,0
S04790,2,2,1,1,Desktop,Direct,Central,2.5833333333333335,0
S04791,3,3,1,1,Desktop,Social,East,3.7333333333333334,0
S04792,2,2,1,1,Tablet,Direct,North,2.6,0
S04793,3,3,1,1,Desktop,Social,Central,2.6666666666666665,0
S04794,3,3,2,1,Desktop,Organic Search,West,4.083333333333333,0
S04795,3,1,1,3,Desktop,Organic Search,South,4.466666666666667,1
S04796,5,5,2,1,Desktop,Direct,North,4.983333333333333,0
S04797,1,1,1,1,Desktop,Direct,North,0.0,0
S04798,3,2,1,2,Mobile,Direct,North,4.416666666666667,0
S04799,4,3,2,2,Desktop,Social,North,4.983333333333333,0
S04800,3,3,1,1,Mobile,Organic Search,Central,3.9,0
S04801,3,3,1,1,Desktop,Direct,East,3.816666666666667,0
S04802,3,3,2,1,Desktop,Social,West,2.3,0
S04803,4,3,2,2,Tablet,Organic Search,Central,4.566666666666666,0
S04804,1,1,1,1,Desktop,Referral,West,0.0,0
S04805,3,3,2,1,Mobile,Referral,Central,4.033333333333333,0
S04806,1,1,1,1,Mobile,Organic Search,Central,0.0,0
S04807,2,2,2,1,Desktop,Direct,East,0.6666666666666666,0
S04808,2,2,1,1,Tablet,Direct,Central,0.35,0
S04809,3,3,1,1,Desktop,Social,West,4.65,0
S04810,2,2,1,1,Mobile,Paid Search,North,1.75,0
S04811,3,3,2,1,Desktop,Paid Search,West,2.1166666666666667,0
S04812,3,3,2,1,Mobile,Social,West,4.1,0
S04813,3,3,2,1,Desktop,Organic Search,Central,4.8,0
S04814,2,2,1,1,Mobile,Social,South,1.3166666666666667,0
S04815,4,4,2,1,Mobile,Paid Search,East,4.6,0
S04816,4,4,1,1,Tablet,Paid Search,North,4.516666666666667,1
S04817,1,1,1,1,Tablet,Referral,South,0.0,0
S04818,3,3,2,1,Mobile,Paid Search,North,3.216666666666667,0
S04819,3,3,2,1,Tablet,Organic Search,East,3.6666666666666665,0
S04820,5,5,2,1,Desktop,Direct,Central,4.766666666666667,0
S04821,1,1,1,1,Desktop,Email,South,0.0,0
S04822,2,2,1,1,Desktop,Organic Search,East,1.65,0
S04823,3,3,1,1,Mobile,Referral,South,1.45,0
S04824,2,2,1,1,Mobile,Organic Search,North,2.3833333333333333,0
S04825,2,2,1,1,Mobile,Paid Search,East,1.5666666666666667,0
S04826,3,3,1,1,Desktop,Email,North,4.25,0
S04827,3,3,1,1,Mobile,Organic Search,East,3.8333333333333335,0
S04828,4,3,2,2,Desktop,Referral,North,4.45,0
S04829,2,2,1,1,Desktop,Social,North,2.6666666666666665,0
S04830,2,2,1,1,Mobile,Email,East,1.4,0
S04831,4,4,2,1,Mobile,Organic Search,East,4.933333333333334,0
S04832,3,3,2,1,Mobile,Organic Search,North,3.7,0
S04833,3,3,1,1,Mobile,Direct,East,4.666666666666667,0
S04834,3,3,2,1,Desktop,Direct,Central,1.1833333333333333,0
S04835,3,3,1,1,Mobile,Email,West,3.6166666666666667,0
S04836,3,3,1,1,Desktop,Referral,North,4.15,0
S04837,3,3,1,1,Mobile,Paid Search,East,4.183333333333334,0
S04838,4,4,2,1,Mobile,Referral,West,2.9833333333333334,0
S04839,3,3,2,1,Desktop,Paid Search,North,2.55,0
S04840,2,2,1,1,Desktop,Email,Central,1.9166666666666667,0
S04841,3,3,1,1,Tablet,Social,Central,3.033333333333333,0
S04842,4,4,2,1,Tablet,Email,Central,4.366666666666666,0
S04843,2,2,1,1,Desktop,Social,Central,1.9166666666666667,0
S04844,1,1,1,1,Desktop,Direct,West,0.0,0
S04845,3,3,2,1,Desktop,Organic Search,West,4.666666666666667,0
S04846,3,3,2,1,Mobile,Social,West,1.4166666666666667,0
S04847,4,4,2,1,Tablet,Paid Search,Central,4.833333333333333,0
S04848,3,2,1,2,Desktop,Referral,West,2.55,1
S04849,4,4,1,1,Mobile,Referral,South,3.5833333333333335,0
S04850,5,5,1,1,Desktop,Organic Search,South,4.933333333333334,0
S04851,3,3,1,1,Tablet,Email,Central,2.8833333333333333,0
S04852,5,3,2,3,Mobile,Direct,North,4.383333333333334,0
S04853,2,2,1,1,Mobile,Paid Search,West,0.6166666666666667,0
S04854,2,2,1,1,Desktop,Social,Central,2.7333333333333334,0
S04855,3,2,1,2,Mobile,Direct,West,2.8,0
S04856,3,3,3,1,Desktop,Paid Search,Central,4.666666666666667,0
S04857,4,4,1,1,Desktop,Paid Search,West,1.95,0
S04858,3,2,1,2,Tablet,Organic Search,North,4.7,1
S04859,2,2,1,1,Tablet,Social,Central,0.6,0
S04860,1,1,1,1,Tablet,Paid Search,South,0.0,0
S04861,3,2,1,2,Mobile,Referral,East,4.166666666666667,0
S04862,3,3,1,1,Mobile,Direct,South,4.916666666666667,0
S04863,2,2,1,1,Desktop,Organic Search,South,2.6666666666666665,0
S04864,4,4,2,1,Desktop,Email,East,4.816666666666666,0
S04865,3,3,1,1,Desktop,Organic Search,South,3.466666666666667,0
S04866,1,1,1,1,Mobile,Referral,West,0.0,0
S04867,1,1,1,1,Desktop,Organic Search,Central,0.0,0
S04868,1,1,1,1,Desktop,Social,South,0.0,0
S04869,3,3,1,1,Mobile,Email,South,1.8166666666666667,0
S04870,3,3,2,1,Mobile,Direct,West,4.45,0
S04871,2,2,1,1,Mobile,Organic Search,West,2.216666666666667,0
S04872,1,1,1,1,Desktop,Paid Search,Central,0.0,0
S04873,1,1,1,1,Desktop,Paid Search,North,0.0,0
S04874,2,2,1,1,Desktop,Direct,Central,0.6666666666666666,0
S04875,3,3,2,1,Desktop,Referral,East,4.766666666666667,0
S04876,3,3,1,1,Mobile,Direct,West,3.85,0
S04877,3,3,3,1,Mobile,Email,North,3.716666666666667,1
S04878,1,1,1,1,Mobile,Paid Search,East,0.0,0
S04879,2,2,1,1,Mobile,Organic Search,South,0.7833333333333333,0
S04880,2,2,2,1,Mobile,Referral,South,2.7666666666666666,0
S04881,5,5,2,1,Desktop,Direct,East,4.7,0
S04882,1,1,1,1,Mobile,Organic Search,Central,0.0,0
S04883,3,3,1,1,Mobile,Direct,West,4.05,0
S04884,1,1,1,1,Desktop,Paid Search,East,0.0,0
S04885,3,3,1,1,Desktop,Email,East,3.933333333333333,0
S04886,1,1,1,1,Tablet,Paid Search,East,0.0,0
S04887,1,1,1,1,Desktop,Organic Search,Central,0.0,0
S04888,3,3,2,1,Mobile,Direct,East,3.7666666666666666,0
S04889,5,4,1,2,Desktop,Social,South,3.6166666666666667,0
S04890,5,3,1,3,Mobile,Organic Search,South,4.983333333333333,1
S04891,1,1,1,1,Desktop,Social,West,0.0,0
S04892,3,3,1,1,Desktop,Organic Search,East,3.933333333333333,0
S04893,3,3,1,1,Mobile,Social,North,4.833333333333333,0
S04894,2,2,2,1,Desktop,Direct,Central,2.5166666666666666,0
S04895,1,1,1,1,Mobile,Paid Search,West,0.0,0
S04896,3,3,1,1,Desktop,Organic Search,West,3.8,0
S04897,1,1,1,1,Desktop,Organic Search,North,0.0,0
S04898,4,4,1,1,Desktop,Organic Search,South,4.883333333333334,0
S04899,4,4,1,1,Desktop,Organic Search,Central,3.066666666666667,0
S04900,2,2,1,1,Tablet,Direct,Central,1.5,0
S04901,2,2,1,1,Desktop,Email,South,0.9666666666666667,0
S04902,3,3,2,1,Mobile,Paid Search,North,3.966666666666667,0
S04903,3,3,1,1,Desktop,Social,East,2.65,0
S04904,3,3,1,1,Desktop,Paid Search,South,4.016666666666667,0
S04905,3,3,1,1,Tablet,Paid Search,West,3.933333333333333,0
S04906,3,3,1,1,Desktop,Direct,Central,4.583333333333333,0
S04907,3,3,3,1,Tablet,Email,South,3.8,0
S04908,3,3,1,1,Desktop,Direct,North,4.45,0
S04909,4,4,3,1,Mobile,Social,Central,3.8,0
S04910,4,4,2,1,Mobile,Organic Search,North,4.716666666666667,0
S04911,4,3,2,2,Tablet,Organic Search,Central,3.2666666666666666,0
S04912,2,2,1,1,Mobile,Paid Search,West,1.6333333333333333,0
S04913,2,2,2,1,Mobile,Organic Search,Central,1.2666666666666666,0
S04914,2,2,1,1,Desktop,Referral,North,0.43333333333333335,0
S04915,4,4,1,1,Desktop,Social,North,4.266666666666667,0
S04916,2,2,1,1,Tablet,Organic Search,East,2.7333333333333334,0
S04917,4,4,2,1,Desktop,Organic Search,East,4.283333333333333,1
S04918,3,3,1,1,Mobile,Email,South,4.95,0
S04919,3,3,1,1,Mobile,Paid Search,Central,4.566666666666666,0
S04920,2,2,1,1,Desktop,Direct,Central,1.8666666666666667,0
S04921,1,1,1,1,Tablet,Social,West,0.0,0
S04922,2,2,1,1,Mobile,Paid Search,North,1.8,0
S04923,2,2,1,1,Mobile,Direct,West,1.7166666666666666,0
S04924,4,4,1,1,Tablet,Organic Search,West,4.766666666666667,1
S04925,2,2,1,1,Desktop,Social,East,2.8333333333333335,0
S04926,1,1,1,1,Desktop,Organic Search,Central,0.0,0
S04927,2,2,1,1,Mobile,Social,North,2.933333333333333,1
S04928,2,2,1,1,Desktop,Direct,South,2.4,1
S04929,3,3,1,1,Mobile,Paid Search,North,3.3,0
S04930,1,1,1,1,Tablet,Social,West,0.0,0
S04931,4,4,2,1,Mobile,Social,West,4.5,0
S04932,3,3,1,1,Desktop,Direct,South,4.333333333333333,0
S04933,4,3,1,2,Tablet,Organic Search,North,4.633333333333334,0
S04934,2,2,2,1,Mobile,Social,North,2.6333333333333333,0
S04935,3,3,1,1,Mobile,Email,North,1.3666666666666667,0
S04936,3,3,1,1,Desktop,Organic Search,East,4.466666666666667,0
S04937,1,1,1,1,Tablet,Referral,South,0.0,0
S04938,1,1,1,1,Mobile,Organic Search,South,0.0,0
S04939,3,3,2,1,Mobile,Organic Search,Central,1.95,0
S04940,1,1,1,1,Mobile,Organic Search,East,0.0,0
S04941,3,3,2,1,Desktop,Paid Search,West,4.433333333333334,0
S04942,3,3,2,1,Mobile,Paid Search,North,2.4166666666666665,0
S04943,4,4,2,1,Mobile,Direct,South,4.033333333333333,1
S04944,2,2,1,1,Mobile,Direct,East,0.4,0
S04945,2,2,1,1,Mobile,Direct,North,0.9333333333333333,0
S04946,3,2,1,2,Tablet,Paid Search,North,3.1333333333333333,0
S04947,3,3,2,1,Mobile,Organic Search,Central,4.666666666666667,0
S04948,2,2,1,1,Mobile,Referral,Central,2.1166666666666667,0
S04949,3,3,2,1,Mobile,Organic Search,North,2.933333333333333,0
S04950,2,2,1,1,Mobile,Referral,South,2.7666666666666666,0
S04951,3,3,1,1,Mobile,Organic Search,Central,3.183333333333333,0
S04952,2,2,2,1,Desktop,Social,North,2.466666666666667,0
S04953,3,3,2,1,Mobile,Organic Search,West,3.0833333333333335,0
S04954,3,3,1,1,Mobile,Organic Search,Central,2.2,0
S04955,1,1,1,1,Mobile,Social,Central,0.0,0
S04956,3,3,1,1,Mobile,Social,East,4.816666666666666,0
S04957,2,2,1,1,Desktop,Direct,North,2.6166666666666667,0
S04958,3,3,1,1,Mobile,Paid Search,South,3.5833333333333335,0
S04959,2,2,1,1,Desktop,Paid Search,Central,0.8833333333333333,0
S04960,2,2,1,1,Mobile,Social,Central,2.0166666666666666,0
S04961,5,5,2,1,Mobile,Direct,West,4.883333333333334,0
S04962,2,2,1,1,Desktop,Email,West,1.9,0
S04963,2,2,2,1,Desktop,Email,West,2.4,1
S04964,3,3,1,1,Mobile,Direct,West,4.183333333333334,0
S04965,2,2,1,1,Mobile,Referral,Central,0.8833333333333333,0
S04966,4,4,1,1,Desktop,Organic Search,West,4.6,0
S04967,3,3,1,1,Tablet,Organic Search,East,3.25,0
S04968,4,2,1,3,Mobile,Paid Search,South,4.966666666666667,1
S04969,1,1,1,1,Tablet,Paid Search,West,0.0,0
S04970,4,3,1,2,Mobile,Organic Search,East,3.0,0
S04971,2,2,1,1,Mobile,Direct,South,1.4166666666666667,0
S04972,3,3,2,1,Tablet,Referral,Central,4.45,0
S04973,1,1,1,1,Mobile,Organic Search,West,0.0,0
S04974,1,1,1,1,Mobile,Paid Search,Central,0.0,0
S04975,3,3,2,1,Desktop,Social,North,2.35,0
S04976,2,2,1,1,Mobile,Email,West,2.7333333333333334,0
S04977,3,3,1,1,Desktop,Referral,South,3.1166666666666667,0
S04978,2,2,1,1,Desktop,Social,Central,0.9166666666666666,0
S04979,3,3,1,1,Desktop,Email,North,3.966666666666667,0
S04980,2,2,2,1,Desktop,Paid Search,West,0.95,0
S04981,3,3,1,1,Tablet,Paid Search,West,3.4,0
S04982,4,4,1,1,Desktop,Paid Search,South,4.416666666666667,1
S04983,2,2,1,1,Mobile,Social,Central,1.2833333333333334,0
S04984,3,3,2,1,Mobile,Direct,Central,2.95,0
S04985,3,3,1,1,Mobile,Direct,South,3.15,0
S04986,1,1,1,1,Desktop,Organic Search,North,0.0,0
S04987,3,3,2,1,Mobile,Organic Search,South,2.933333333333333,0
S04988,2,2,2,1,Mobile,Organic Search,South,1.2666666666666666,0
S04989,1,1,1,1,Mobile,Social,Central,0.0,0
S04990,2,2,1,1,Mobile,Paid Search,Central,0.5,0
S04991,4,4,2,1,Tablet,Paid Search,North,3.566666666666667,0
S04992,2,1,1,2,Mobile,Paid Search,East,1.05,0
S04993,2,2,1,1,Desktop,Social,East,2.5166666666666666,0
S04994,1,1,1,1,Mobile,Email,North,0.0,0
S04995,4,4,1,1,Desktop,Social,South,4.133333333333334,0
S04996,5,5,2,1,Tablet,Direct,South,3.283333333333333,0
S04997,3,3,2,1,Desktop,Referral,East,3.3833333333333333,0
S04998,2,2,1,1,Desktop,Paid Search,West,0.45,0
S04999,1,1,1,1,Mobile,Direct,West,0.0,0
S05000,5,5,2,1,Mobile,Paid Search,North,4.833333333333333,0
S05001,2,2,1,1,Mobile,Paid Search,Central,1.7166666666666666,0
S05002,2,2,1,1,Mobile,Organic Search,West,1.3666666666666667,0
S05003,4,3,1,2,Mobile,Paid Search,Central,4.3,1
S05004,3,3,1,1,Desktop,Direct,East,2.3333333333333335,0
S05005,4,4,2,1,Mobile,Organic Search,Central,3.9,0
S05006,1,1,1,1,Desktop,Referral,Central,0.0,0
S05007,2,2,2,1,Mobile,Paid Search,East,2.8666666666666667,0
S05008,4,4,2,1,Mobile,Social,South,4.416666666666667,0
S05009,3,2,1,2,Desktop,Paid Search,Central,2.283333333333333,0
S05010,6,6,2,1,Mobile,Direct,West,3.816666666666667,0
S05011,3,3,1,1,Desktop,Email,Central,4.183333333333334,0
S05012,2,2,1,1,Mobile,Paid Search,West,2.966666666666667,0
S05013,2,2,1,1,Mobile,Referral,West,2.3833333333333333,0
S05014,3,3,2,1,Mobile,Direct,North,3.85,0
S05015,2,2,2,1,Desktop,Social,South,2.85,0
S05016,3,3,2,1,Desktop,Referral,Central,4.383333333333334,1
S05017,1,1,1,1,Desktop,Paid Search,South,0.0,0
S05018,3,3,1,1,Desktop,Referral,North,4.133333333333334,0
S05019,3,3,1,1,Mobile,Direct,West,2.5,0
S05020,3,3,1,1,Mobile,Referral,West,1.6833333333333333,0
S05021,2,2,1,1,Mobile,Paid Search,South,1.5166666666666666,0
S05022,3,3,1,1,Mobile,Organic Search,South,2.2666666666666666,0
S05023,2,2,1,1,Tablet,Referral,East,2.8666666666666667,0
S05024,3,3,2,1,Mobile,Email,North,4.833333333333333,0
S05025,3,3,1,1,Tablet,Email,West,4.1,0
S05026,4,4,2,1,Mobile,Paid Search,South,2.9,0
S05027,2,2,1,1,Desktop,Organic Search,Central,2.8666666666666667,0
S05028,3,3,2,1,Desktop,Email,Central,4.45,0
S05029,2,2,1,1,Mobile,Social,West,1.7333333333333334,0
S05030,3,3,1,1,Desktop,Organic Search,South,4.833333333333333,0
S05031,2,2,1,1,Desktop,Direct,East,1.7666666666666666,0
S05032,3,3,2,1,Mobile,Organic Search,East,2.45,0
S05033,3,3,2,1,Mobile,Direct,South,2.3666666666666667,0
S05034,3,3,1,1,Mobile,Social,Central,3.216666666666667,0
S05035,4,3,1,2,Desktop,Social,East,3.7,0
S05036,2,2,1,1,Mobile,Referral,Central,2.0166666666666666,0
S05037,3,3,2,1,Mobile,Paid Search,North,2.0166666666666666,0
S05038,1,1,1,1,Tablet,Direct,North,0.0,0
S05039,3,3,1,1,Mobile,Referral,Central,3.7666666666666666,0
S05040,2,2,1,1,Tablet,Social,East,2.2333333333333334,0
S05041,1,1,1,1,Mobile,Paid Search,East,0.0,0
S05042,1,1,1,1,Mobile,Paid Search,East,0.0,0
S05043,4,4,2,1,Desktop,Referral,South,3.5166666666666666,0
S05044,3,3,2,1,Mobile,Social,West,1.3833333333333333,0
S05045,3,3,2,1,Mobile,Direct,North,2.8333333333333335,0
S05046,2,2,1,1,Mobile,Social,East,1.7666666666666666,0
S05047,5,5,3,1,Mobile,Organic Search,East,3.9,0
S05048,2,2,1,1,Mobile,Direct,Central,2.3833333333333333,0
S05049,2,2,1,1,Desktop,Direct,East,2.7333333333333334,0
S05050,1,1,1,1,Mobile,Organic Search,North,0.0,0
S05051,1,1,1,1,Desktop,Organic Search,East,0.0,0
S05052,2,2,2,1,Mobile,Organic Search,North,0.3333333333333333,0
S05053,3,3,2,1,Desktop,Paid Search,South,3.3333333333333335,0
S05054,3,3,1,1,Desktop,Social,North,2.716666666666667,0
S05055,1,1,1,1,Mobile,Referral,East,0.0,0
S05056,3,3,1,1,Mobile,Direct,North,3.6,0
S05057,4,3,1,2,Mobile,Paid Search,East,4.85,0
S05058,4,4,1,1,Desktop,Referral,Central,3.75,0
S05059,4,4,1,1,Mobile,Organic Search,West,3.9166666666666665,0
S05060,2,2,1,1,Desktop,Social,North,0.7666666666666667,0
S05061,2,2,2,1,Tablet,Social,South,0.95,0
S05062,3,3,1,1,Tablet,Organic Search,West,4.916666666666667,0
S05063,3,3,1,1,Mobile,Social,Central,3.6666666666666665,0
S05064,2,2,1,1,Desktop,Social,North,2.966666666666667,0
S05065,5,5,3,1,Mobile,Organic Search,Central,4.966666666666667,0
S05066,1,1,1,1,Desktop,Organic Search,East,0.0,0
S05067,2,2,2,1,Mobile,Organic Search,East,0.7166666666666667,0
S05068,4,4,2,1,Desktop,Direct,Central,4.083333333333333,0
S05069,2,2,1,1,Tablet,Email,West,2.6333333333333333,0
S05070,3,3,2,1,Desktop,Paid Search,Central,3.6666666666666665,0
S05071,3,2,1,2,Mobile,Direct,South,2.466666666666667,1
S05072,2,2,1,1,Mobile,Referral,East,1.4,0
S05073,4,3,1,2,Mobile,Direct,West,4.683333333333334,0
S05074,1,1,1,1,Desktop,Organic Search,South,0.0,0
S05075,4,4,2,1,Tablet,Direct,East,3.3,1
S05076,2,2,1,1,Mobile,Paid Search,South,0.6,0
S05077,4,4,2,1,Mobile,Direct,North,3.966666666666667,0
S05078,2,2,2,1,Desktop,Direct,South,2.6333333333333333,1
S05079,2,2,1,1,Mobile,Organic Search,West,2.783333333333333,0
S05080,2,2,1,1,Mobile,Social,Central,2.966666666666667,0
S05081,2,2,2,1,Desktop,Referral,East,2.6666666666666665,0
S05082,2,2,1,1,Desktop,Direct,West,0.6166666666666667,0
S05083,3,3,2,1,Mobile,Direct,North,4.85,0
S05084,4,4,2,1,Desktop,Paid Search,Central,4.483333333333333,0
S05085,1,1,1,1,Desktop,Social,East,0.0,0
S05086,4,3,2,2,Mobile,Direct,West,5.0,0
S05087,3,3,1,1,Mobile,Referral,West,4.133333333333334,0
S05088,1,1,1,1,Desktop,Paid Search,South,0.0,0
S05089,4,4,3,1,Mobile,Email,East,4.066666666666666,0
S05090,3,2,1,2,Desktop,Paid Search,Central,4.266666666666667,0
S05091,2,2,1,1,Desktop,Referral,North,2.95,0
S05092,3,3,1,1,Desktop,Social,West,4.25,0
S05093,3,3,1,1,Mobile,Organic Search,Central,4.983333333333333,0
S05094,3,3,1,1,Desktop,Direct,South,3.05,0
S05095,3,2,1,2,Desktop,Email,Central,4.166666666666667,0
S05096,3,3,2,1,Mobile,Direct,Central,3.033333333333333,0
S05097,4,4,2,1,Mobile,Paid Search,West,4.683333333333334,0
S05098,2,2,1,1,Desktop,Social,South,2.8666666666666667,0
S05099,1,1,1,1,Mobile,Social,South,0.0,0
S05100,3,3,2,1,Desktop,Referral,North,2.966666666666667,0
S05101,3,3,2,1,Mobile,Direct,Central,4.016666666666667,0
S05102,4,4,2,1,Mobile,Social,Central,4.9,0
S05103,3,3,2,1,Mobile,Social,West,4.533333333333333,0
S05104,2,1,1,2,Desktop,Direct,South,3.283333333333333,1
S05105,3,3,3,1,Desktop,Social,North,4.133333333333334,0
S05106,3,3,2,1,Desktop,Organic Search,West,1.7333333333333334,0
S05107,2,2,1,1,Mobile,Social,West,0.65,0
S05108,2,2,1,1,Desktop,Paid Search,Central,2.2333333333333334,0
S05109,4,4,1,1,Mobile,Direct,West,3.1666666666666665,0
S05110,1,1,1,1,Tablet,Paid Search,Central,0.0,0
S05111,4,4,1,1,Tablet,Paid Search,West,4.866666666666666,0
S05112,1,1,1,1,Mobile,Organic Search,West,0.0,0
S05113,3,3,1,1,Mobile,Organic Search,East,1.9,0
S05114,3,3,2,1,Mobile,Email,Central,3.1,0
S05115,3,3,2,1,Desktop,Paid Search,West,5.0,0
S05116,3,3,2,1,Mobile,Social,South,4.233333333333333,0
S05117,3,3,1,1,Mobile,Referral,North,4.8,0
S05118,4,4,1,1,Mobile,Email,South,4.416666666666667,0
S05119,2,2,1,1,Mobile,Social,East,2.65,0
S05120,3,3,3,1,Desktop,Email,South,4.683333333333334,1
S05121,1,1,1,1,Desktop,Social,South,0.0,0
S05122,3,3,2,1,Tablet,Organic Search,East,2.683333333333333,0
S05123,3,2,1,2,Desktop,Direct,North,2.933333333333333,0
S05124,3,3,1,1,Mobile,Paid Search,Central,3.35,0
S05125,3,3,1,1,Tablet,Organic Search,East,4.95,0
S05126,3,2,2,2,Mobile,Social,East,4.066666666666666,0
S05127,3,3,2,1,Mobile,Social,North,2.5,0
S05128,3,3,2,1,Desktop,Direct,South,3.2666666666666666,0
S05129,3,3,1,1,Desktop,Email,East,3.95,1
S05130,4,4,1,1,Mobile,Social,Central,4.2,0
S05131,3,3,1,1,Mobile,Social,West,1.5166666666666666,0
S05132,2,2,1,1,Mobile,Direct,South,2.75,0
S05133,3,2,1,2,Desktop,Direct,West,4.15,0
S05134,1,1,1,1,Desktop,Paid Search,South,0.0,0
S05135,3,3,2,1,Tablet,Paid Search,Central,4.4,0
S05136,2,2,1,1,Mobile,Organic Search,Central,1.2,0
S05137,3,3,1,1,Mobile,Direct,East,4.05,0
S05138,3,2,1,2,Desktop,Referral,West,3.9166666666666665,0
S05139,3,3,1,1,Mobile,Paid Search,Central,3.183333333333333,0
S05140,3,3,1,1,Tablet,Referral,West,3.433333333333333,1
S05141,3,3,1,1,Mobile,Social,West,2.9166666666666665,0
S05142,2,1,1,2,Desktop,Referral,Central,1.65,0
S05143,4,4,3,1,Mobile,Organic Search,East,3.5833333333333335,1
S05144,3,3,1,1,Mobile,Social,West,3.966666666666667,0
S05145,3,3,1,1,Mobile,Organic Search,Central,2.1333333333333333,0
S05146,3,2,2,2,Mobile,Paid Search,West,2.3833333333333333,0
S05147,4,4,1,1,Mobile,Email,West,4.55,0
S05148,4,4,1,1,Tablet,Direct,South,4.666666666666667,0
S05149,3,3,1,1,Mobile,Social,South,2.716666666666667,1
S05150,3,3,2,1,Desktop,Social,North,4.55,0
S05151,5,4,2,2,Desktop,Organic Search,East,4.416666666666667,0
S05152,3,3,2,1,Desktop,Paid Search,East,5.0,0
S05153,2,2,2,1,Tablet,Direct,Central,0.9666666666666667,0
S05154,3,3,1,1,Mobile,Direct,West,4.083333333333333,0
S05155,3,3,1,1,Mobile,Social,West,4.633333333333334,0
S05156,1,1,1,1,Desktop,Direct,South,0.0,0
S05157,2,2,1,1,Desktop,Referral,Central,2.9,0
S05158,4,4,2,1,Mobile,Organic Search,West,3.5166666666666666,0
S05159,1,1,1,1,Mobile,Paid Search,West,0.0,0
S05160,3,3,1,1,Desktop,Paid Search,South,4.083333333333333,0
S05161,4,4,2,1,Mobile,Direct,East,2.7,0
S05162,5,4,1,2,Desktop,Direct,West,4.75,1
S05163,2,2,1,1,Desktop,Social,East,2.2333333333333334,0
S05164,2,2,1,1,Mobile,Social,Central,0.8166666666666667,0
S05165,3,3,2,1,Desktop,Direct,Central,3.216666666666667,0
S05166,3,3,1,1,Tablet,Paid Search,Central,2.35,0
S05167,2,2,1,1,Desktop,Organic Search,West,2.1666666666666665,0
S05168,4,4,1,1,Desktop,Organic Search,Central,4.116666666666666,0
S05169,4,4,1,1,Desktop,Email,Central,4.916666666666667,0
S05170,4,4,1,1,Mobile,Organic Search,South,3.0,0
S05171,2,2,1,1,Mobile,Social,East,2.433333333333333,0
S05172,3,3,1,1,Mobile,Social,South,3.5833333333333335,0
S05173,4,4,1,1,Desktop,Referral,North,4.333333333333333,0
S05174,5,4,2,2,Desktop,Paid Search,North,4.516666666666667,1
S05175,3,3,3,1,Mobile,Referral,North,4.95,0
S05176,3,3,1,1,Mobile,Paid Search,West,3.55,0
S05177,4,4,2,1,Tablet,Paid Search,East,4.6,1
S05178,4,4,2,1,Desktop,Referral,South,4.616666666666666,0
S05179,3,3,2,1,Mobile,Paid Search,West,1.0833333333333333,0
S05180,2,2,1,1,Tablet,Organic Search,Central,1.35,0
S05181,3,3,1,1,Mobile,Social,Central,3.933333333333333,0
S05182,1,1,1,1,Mobile,Referral,West,0.0,0
S05183,3,3,2,1,Desktop,Social,East,3.55,0
S05184,2,2,2,1,Tablet,Paid Search,South,0.5833333333333334,0
S05185,2,2,1,1,Mobile,Paid Search,South,2.216666666666667,0
S05186,3,3,2,1,Tablet,Referral,South,4.316666666666666,0
S05187,2,2,1,1,Mobile,Organic Search,East,0.48333333333333334,0
S05188,2,2,1,1,Mobile,Paid Search,Central,2.35,0
S05189,3,3,1,1,Tablet,Direct,North,3.316666666666667,1
S05190,2,1,1,2,Desktop,Paid Search,North,3.6333333333333333,0
S05191,2,2,2,1,Desktop,Paid Search,North,0.6166666666666667,0
S05192,2,2,1,1,Mobile,Organic Search,West,1.1666666666666667,0
S05193,3,3,1,1,Mobile,Organic Search,South,3.75,0
S05194,4,4,1,1,Tablet,Paid Search,East,3.566666666666667,1
S05195,3,3,2,1,Desktop,Organic Search,North,3.033333333333333,0
S05196,4,3,1,2,Mobile,Direct,East,3.716666666666667,0
S05197,2,2,1,1,Mobile,Social,North,2.55,0
S05198,2,1,1,2,Desktop,Direct,East,1.95,0
S05199,3,3,1,1,Mobile,Email,North,1.8666666666666667,0
S05200,3,2,2,2,Desktop,Referral,West,1.8333333333333333,1
S05201,4,4,1,1,Desktop,Organic Search,East,3.716666666666667,0
S05202,2,2,1,1,Tablet,Direct,West,2.7666666666666666,1
S05203,4,3,1,2,Mobile,Paid Search,East,4.733333333333333,1
S05204,3,3,1,1,Mobile,Social,South,4.65,0
S05205,2,2,2,1,Tablet,Referral,North,1.5666666666666667,0
S05206,3,3,1,1,Mobile,Referral,East,3.216666666666667,0
S05207,2,1,1,2,Mobile,Social,East,1.1333333333333333,0
S05208,2,2,1,1,Mobile,Organic Search,East,1.1,0
S05209,3,3,2,1,Mobile,Organic Search,West,3.3833333333333333,0
S05210,3,3,2,1,Desktop,Direct,Central,3.816666666666667,0
S05211,4,4,2,1,Tablet,Organic Search,West,4.966666666666667,0
S05212,2,2,1,1,Desktop,Social,North,2.566666666666667,0
S05213,4,4,2,1,Desktop,Paid Search,West,4.366666666666666,0
S05214,4,4,1,1,Mobile,Organic Search,North,4.183333333333334,0
S05215,3,3,2,1,Mobile,Social,West,2.5,0
S05216,3,3,2,1,Mobile,Organic Search,South,4.733333333333333,0
S05217,3,3,2,1,Mobile,Email,North,1.4166666666666667,0
S05218,3,3,1,1,Mobile,Paid Search,Central,4.633333333333334,0
S05219,4,4,2,1,Desktop,Direct,West,3.7333333333333334,0
S05220,2,2,1,1,Desktop,Email,South,2.55,0
S05221,3,3,1,1,Desktop,Organic Search,North,1.8333333333333333,0
S05222,2,2,1,1,Mobile,Direct,East,2.816666666666667,0
S05223,1,1,1,1,Desktop,Social,Central,0.0,0
S05224,2,2,2,1,Desktop,Referral,East,0.95,0
S05225,3,2,2,2,Mobile,Direct,Central,3.183333333333333,1
S05226,3,3,3,1,Desktop,Direct,North,4.45,1
S05227,2,2,2,1,Mobile,Paid Search,East,1.3666666666666667,0
S05228,6,5,2,2,Tablet,Referral,West,4.766666666666667,0
S05229,3,2,1,2,Desktop,Direct,East,4.783333333333333,0
S05230,2,2,1,1,Mobile,Email,North,2.533333333333333,0
S05231,1,1,1,1,Mobile,Social,East,0.0,0
S05232,1,1,1,1,Mobile,Paid Search,West,0.0,0
S05233,3,3,1,1,Mobile,Organic Search,West,3.6666666666666665,0
S05234,4,4,1,1,Mobile,Paid Search,West,4.333333333333333,0
S05235,3,2,1,2,Mobile,Organic Search,West,1.2,0
S05236,3,3,2,1,Desktop,Email,West,4.15,0
S05237,3,3,2,1,Mobile,Email,South,3.2,0
S05238,3,3,1,1,Mobile,Social,East,4.383333333333334,0
S05239,3,3,2,1,Desktop,Email,West,3.566666666666667,0
S05240,3,3,2,1,Mobile,Direct,Central,3.033333333333333,0
S05241,3,3,1,1,Tablet,Organic Search,North,3.433333333333333,0
S05242,4,4,1,1,Mobile,Social,East,3.816666666666667,0
S05243,2,2,2,1,Mobile,Organic Search,South,2.2333333333333334,0
S05244,3,3,1,1,Tablet,Direct,South,3.216666666666667,0
S05245,2,2,1,1,Mobile,Organic Search,East,1.8166666666666667,0
S05246,3,3,2,1,Mobile,Social,West,4.516666666666667,0
S05247,3,3,2,1,Mobile,Email,North,4.083333333333333,0
S05248,3,3,2,1,Mobile,Direct,West,3.65,1
S05249,3,3,1,1,Mobile,Direct,Central,2.9833333333333334,0
S05250,2,2,2,1,Mobile,Social,Central,2.033333333333333,0
S05251,1,1,1,1,Mobile,Paid Search,North,0.0,0
S05252,3,3,1,1,Tablet,Social,East,1.5666666666666667,0
S05253,2,2,1,1,Mobile,Referral,East,0.4666666666666667,0
S05254,5,5,1,1,Desktop,Referral,South,3.9166666666666665,0
S05255,4,4,2,1,Mobile,Direct,East,4.816666666666666,0
S05256,4,4,2,1,Mobile,Referral,West,4.5,1
S05257,3,3,1,1,Desktop,Organic Search,North,3.1166666666666667,0
S05258,4,4,1,1,Mobile,Direct,Central,4.833333333333333,0
S05259,3,3,1,1,Mobile,Referral,Central,2.7,0
S05260,3,3,2,1,Mobile,Direct,West,3.25,0
S05261,3,3,1,1,Desktop,Direct,West,4.816666666666666,0
S05262,3,3,1,1,Mobile,Direct,South,1.3,0
S05263,1,1,1,1,Mobile,Paid Search,West,0.0,0
S05264,3,3,1,1,Desktop,Email,South,4.633333333333334,1
S05265,2,2,1,1,Tablet,Social,Central,0.55,0
S05266,2,2,1,1,Mobile,Referral,North,1.8166666666666667,0
S05267,3,3,1,1,Desktop,Paid Search,South,3.8666666666666667,1
S05268,3,3,1,1,Mobile,Organic Search,East,4.8,1
S05269,2,2,1,1,Mobile,Referral,South,0.8333333333333334,0
S05270,3,3,1,1,Desktop,Direct,East,2.4,0
S05271,2,2,1,1,Desktop,Organic Search,East,2.9166666666666665,0
S05272,2,2,1,1,Desktop,Organic Search,Central,0.35,0
S05273,5,4,1,2,Desktop,Paid Search,East,4.95,0
S05274,3,3,1,1,Mobile,Organic Search,South,2.1166666666666667,0
S05275,2,2,1,1,Mobile,Organic Search,South,2.966666666666667,0
S05276,3,3,2,1,Desktop,Direct,East,3.8,0
S05277,4,3,1,2,Desktop,Direct,East,3.75,1
S05278,3,1,1,3,Desktop,Paid Search,West,3.65,0
S05279,5,5,2,1,Tablet,Social,North,4.916666666666667,0
S05280,2,1,1,2,Desktop,Social,South,3.283333333333333,0
S05281,1,1,1,1,Tablet,Direct,South,0.0,0
S05282,3,3,1,1,Mobile,Organic Search,South,4.05,0
S05283,4,4,2,1,Desktop,Referral,South,3.8666666666666667,0
S05284,4,4,3,1,Tablet,Organic Search,West,4.116666666666666,1
S05285,3,3,1,1,Mobile,Social,South,2.2,0
S05286,2,2,2,1,Mobile,Organic Search,East,2.2333333333333334,0
S05287,4,4,2,1,Tablet,Referral,West,3.966666666666667,0
S05288,3,3,2,1,Desktop,Direct,South,4.766666666666667,0
S05289,3,3,2,1,Desktop,Email,West,4.033333333333333,0
S05290,3,3,2,1,Mobile,Paid Search,East,3.0166666666666666,0
S05291,4,4,2,1,Desktop,Paid Search,East,3.2,0
S05292,3,3,1,1,Desktop,Direct,Central,3.8,0
S05293,5,4,1,2,Desktop,Paid Search,South,4.483333333333333,0
S05294,2,2,2,1,Desktop,Social,Central,1.6666666666666667,0
S05295,4,4,3,1,Mobile,Organic Search,East,3.7,0
S05296,3,3,2,1,Desktop,Organic Search,West,4.05,0
S05297,2,2,1,1,Mobile,Email,Central,2.5166666666666666,0
S05298,2,2,1,1,Mobile,Organic Search,Central,2.033333333333333,0
S05299,3,3,2,1,Mobile,Paid Search,West,4.116666666666666,0
S05300,2,2,1,1,Desktop,Organic Search,West,2.6333333333333333,0
S05301,5,4,2,2,Mobile,Email,East,4.616666666666666,0
S05302,3,3,1,1,Desktop,Organic Search,East,3.1166666666666667,0
S05303,4,4,1,1,Mobile,Paid Search,North,2.6166666666666667,0
S05304,1,1,1,1,Tablet,Organic Search,North,0.0,0
S05305,3,3,1,1,Mobile,Organic Search,Central,3.1166666666666667,0
S05306,2,2,2,1,Mobile,Organic Search,North,2.183333333333333,0
S05307,3,3,2,1,Mobile,Referral,North,2.783333333333333,0
S05308,3,3,1,1,Mobile,Organic Search,West,3.033333333333333,0
S05309,3,3,2,1,Tablet,Paid Search,North,3.85,0
S05310,2,2,2,1,Tablet,Organic Search,South,1.75,0
S05311,3,3,1,1,Desktop,Organic Search,East,4.466666666666667,0
S05312,3,3,1,1,Mobile,Email,East,3.15,1
S05313,3,3,1,1,Tablet,Email,West,3.783333333333333,0
S05314,3,3,2,1,Tablet,Referral,East,3.9833333333333334,1
S05315,2,2,1,1,Mobile,Referral,East,1.7666666666666666,0
S05316,3,3,1,1,Mobile,Social,West,4.083333333333333,0
S05317,3,3,1,1,Desktop,Paid Search,East,3.3833333333333333,0
S05318,3,3,2,1,Tablet,Email,West,4.266666666666667,0
S05319,3,3,1,1,Desktop,Direct,Central,3.1,0
S05320,4,4,2,1,Mobile,Referral,East,2.683333333333333,0
S05321,2,2,2,1,Desktop,Paid Search,South,0.6833333333333333,0
S05322,2,2,2,1,Desktop,Paid Search,North,1.95,0
S05323,4,3,1,2,Mobile,Organic Search,West,2.05,0
S05324,2,2,1,1,Tablet,Organic Search,North,1.9833333333333334,0
S05325,4,4,1,1,Desktop,Referral,East,4.783333333333333,0
S05326,4,4,1,1,Mobile,Direct,Central,4.616666666666666,1
S05327,3,3,2,1,Desktop,Email,East,4.366666666666666,0
S05328,2,1,1,2,Desktop,Organic Search,South,1.0166666666666666,0
S05329,2,2,1,1,Mobile,Social,West,1.75,0
S05330,3,3,2,1,Mobile,Organic Search,South,2.0833333333333335,0
S05331,3,3,1,1,Desktop,Social,West,3.05,0
S05332,2,2,1,1,Desktop,Organic Search,West,0.7333333333333333,0
S05333,3,3,1,1,Desktop,Referral,North,3.566666666666667,1
S05334,1,1,1,1,Desktop,Social,Central,0.0,0
S05335,4,4,1,1,Tablet,Organic Search,South,3.8333333333333335,0
S05336,3,3,1,1,Tablet,Paid Search,Central,4.15,0
S05337,2,2,1,1,Desktop,Direct,North,2.783333333333333,0
S05338,3,3,1,1,Mobile,Organic Search,South,4.016666666666667,0
S05339,1,1,1,1,Tablet,Social,North,0.0,0
S05340,4,4,3,1,Desktop,Direct,North,3.566666666666667,1
S05341,3,3,1,1,Mobile,Direct,West,2.933333333333333,0
S05342,2,2,1,1,Tablet,Organic Search,West,1.5833333333333333,0
S05343,4,4,2,1,Desktop,Direct,West,4.483333333333333,1
S05344,2,2,2,1,Desktop,Social,South,2.283333333333333,0
S05345,4,4,1,1,Tablet,Direct,East,3.6666666666666665,0
S05346,4,4,1,1,Mobile,Referral,West,4.033333333333333,0
S05347,1,1,1,1,Desktop,Referral,East,0.0,0
S05348,3,3,1,1,Desktop,Organic Search,West,4.2,1
S05349,2,2,2,1,Mobile,Organic Search,West,2.933333333333333,0
S05350,4,4,3,1,Mobile,Social,North,3.55,0
S05351,1,1,1,1,Mobile,Direct,West,0.0,0
S05352,3,3,2,1,Tablet,Organic Search,West,3.6666666666666665,0
S05353,4,4,1,1,Desktop,Direct,West,4.25,1
S05354,4,4,2,1,Mobile,Paid Search,North,4.566666666666666,0
S05355,3,3,1,1,Mobile,Social,South,4.8,0
S05356,3,3,1,1,Mobile,Organic Search,South,3.9166666666666665,0
S05357,3,3,2,1,Desktop,Organic Search,South,4.533333333333333,0
S05358,3,3,2,1,Tablet,Referral,South,3.2666666666666666,0
S05359,4,4,3,1,Mobile,Social,Central,4.716666666666667,0
S05360,2,2,2,1,Mobile,Paid Search,West,1.7833333333333334,0
S05361,3,3,1,1,Mobile,Social,East,3.6166666666666667,0
S05362,4,4,3,1,Desktop,Direct,South,4.216666666666667,0
S05363,3,3,1,1,Mobile,Social,Central,2.6166666666666667,0
S05364,2,2,1,1,Mobile,Direct,North,2.2333333333333334,0
S05365,3,3,1,1,Mobile,Organic Search,West,3.1,0
S05366,4,4,1,1,Tablet,Social,Central,3.433333333333333,1
S05367,4,4,1,1,Mobile,Direct,West,4.75,0
S05368,1,1,1,1,Mobile,Referral,Central,0.0,0
S05369,3,3,1,1,Mobile,Direct,West,5.0,0
S05370,3,2,1,2,Desktop,Referral,South,3.5,0
S05371,2,2,1,1,Mobile,Referral,South,0.48333333333333334,0
S05372,4,4,3,1,Desktop,Organic Search,South,3.9833333333333334,0
S05373,4,4,2,1,Mobile,Social,North,4.116666666666666,0
S05374,4,4,2,1,Mobile,Email,West,4.45,1
S05375,3,3,2,1,Mobile,Referral,South,3.1666666666666665,0
S05376,6,5,1,2,Mobile,Email,Central,4.666666666666667,0
S05377,3,3,1,1,Mobile,Social,South,4.883333333333334,0
S05378,3,3,1,1,Desktop,Email,East,3.433333333333333,0
S05379,2,2,2,1,Mobile,Organic Search,Central,2.4833333333333334,0
S05380,1,1,1,1,Desktop,Organic Search,South,0.0,0
S05381,5,5,3,1,Desktop,Direct,West,4.75,0
S05382,3,3,1,1,Mobile,Social,West,1.85,0
S05383,3,3,1,1,Desktop,Paid Search,South,2.816666666666667,0
S05384,3,3,1,1,Desktop,Paid Search,East,4.816666666666666,0
S05385,4,4,1,1,Mobile,Direct,South,3.6333333333333333,1
S05386,2,2,2,1,Mobile,Email,West,0.48333333333333334,0
S05387,2,2,2,1,Mobile,Organic Search,West,2.2666666666666666,0
S05388,2,2,1,1,Tablet,Social,East,0.6666666666666666,0
S05389,3,3,1,1,Mobile,Referral,West,3.283333333333333,0
S05390,4,4,3,1,Mobile,Direct,South,3.716666666666667,0
S05391,2,1,1,2,Desktop,Organic Search,West,1.15,0
S05392,2,2,1,1,Mobile,Organic Search,Central,2.4166666666666665,0
S05393,1,1,1,1,Mobile,Paid Search,Central,0.0,0
S05394,4,4,2,1,Mobile,Paid Search,West,3.816666666666667,0
S05395,4,4,1,1,Mobile,Social,East,4.616666666666666,0
S05396,3,3,1,1,Mobile,Direct,Central,2.9833333333333334,1
S05397,3,3,2,1,Desktop,Social,South,2.6666666666666665,0
S05398,2,1,1,2,Mobile,Paid Search,West,3.05,0
S05399,3,3,1,1,Mobile,Direct,North,3.85,0
S05400,5,4,2,2,Mobile,Paid Search,Central,5.0,0
S05401,2,2,1,1,Desktop,Organic Search,West,0.6,0
S05402,4,4,1,1,Tablet,Email,West,3.35,0
S05403,2,2,1,1,Tablet,Referral,North,2.4833333333333334,1
S05404,4,4,1,1,Desktop,Direct,West,4.333333333333333,0
S05405,3,3,1,1,Desktop,Social,West,3.65,0
S05406,2,2,1,1,Tablet,Paid Search,West,2.216666666666667,0
S05407,3,2,2,2,Tablet,Organic Search,South,2.533333333333333,0
S05408,3,3,1,1,Mobile,Paid Search,East,3.05,0
S05409,2,2,1,1,Desktop,Email,North,2.95,0
S05410,6,6,2,1,Mobile,Direct,East,4.816666666666666,0
S05411,2,2,1,1,Mobile,Organic Search,South,2.966666666666667,0
S05412,2,2,1,1,Desktop,Direct,South,0.4666666666666667,0
S05413,5,5,1,1,Mobile,Organic Search,North,2.783333333333333,0
S05414,2,2,1,1,Desktop,Organic Search,South,2.55,0
S05415,2,2,1,1,Desktop,Direct,North,1.8333333333333333,0
S05416,3,3,2,1,Mobile,Direct,Central,3.683333333333333,0
S05417,2,2,1,1,Desktop,Referral,East,0.9,0
S05418,4,4,1,1,Desktop,Direct,South,3.8,0
S05419,2,2,1,1,Mobile,Social,East,0.36666666666666664,0
S05420,3,3,2,1,Desktop,Paid Search,West,3.1166666666666667,0
S05421,4,4,1,1,Desktop,Paid Search,Central,4.083333333333333,0
S05422,2,2,2,1,Desktop,Direct,North,2.9,0
S05423,4,4,2,1,Tablet,Referral,South,3.55,0
S05424,2,2,1,1,Mobile,Paid Search,Central,1.5166666666666666,0
S05425,1,1,1,1,Mobile,Social,South,0.0,0
S05426,4,4,2,1,Mobile,Direct,North,4.25,0
S05427,3,3,2,1,Tablet,Organic Search,North,4.8,0
S05428,4,4,2,1,Desktop,Paid Search,North,4.633333333333334,0
S05429,3,3,1,1,Mobile,Organic Search,Central,3.783333333333333,0
S05430,2,2,2,1,Mobile,Email,South,0.9333333333333333,0
S05431,1,1,1,1,Mobile,Organic Search,Central,0.0,0
S05432,3,3,1,1,Desktop,Paid Search,Central,2.1333333333333333,0
S05433,2,2,2,1,Mobile,Referral,East,2.716666666666667,0
S05434,3,3,1,1,Desktop,Email,North,3.2666666666666666,0
S05435,2,2,1,1,Mobile,Social,North,2.25,0
S05436,2,2,2,1,Mobile,Email,East,2.55,0
S05437,4,4,1,1,Desktop,Email,East,4.35,0
S05438,2,2,1,1,Mobile,Referral,West,1.5166666666666666,0
S05439,2,2,2,1,Desktop,Referral,East,0.43333333333333335,0
S05440,3,3,2,1,Mobile,Social,Central,3.7666666666666666,0
S05441,4,4,2,1,Mobile,Direct,East,3.8833333333333333,0
S05442,2,2,1,1,Desktop,Paid Search,West,2.3833333333333333,0
S05443,3,3,1,1,Desktop,Organic Search,Central,4.483333333333333,0
S05444,2,2,1,1,Tablet,Email,North,2.75,0
S05445,5,4,3,2,Desktop,Email,South,4.483333333333333,0
S05446,2,2,2,1,Desktop,Social,North,1.7,0
S05447,2,2,1,1,Desktop,Referral,North,2.816666666666667,0
S05448,4,4,2,1,Mobile,Direct,East,3.783333333333333,0
S05449,2,2,2,1,Mobile,Organic Search,South,2.2333333333333334,0
S05450,3,2,1,2,Desktop,Social,East,2.25,0
S05451,1,1,1,1,Desktop,Organic Search,Central,0.0,0
S05452,2,1,1,2,Desktop,Paid Search,North,1.7833333333333334,0
S05453,3,3,1,1,Desktop,Organic Search,East,2.95,0
S05454,2,2,1,1,Mobile,Direct,North,0.9,0
S05455,4,4,1,1,Mobile,Referral,South,4.533333333333333,0
S05456,1,1,1,1,Desktop,Organic Search,East,0.0,0
S05457,3,3,1,1,Mobile,Direct,Central,2.9833333333333334,0
S05458,3,3,1,1,Mobile,Direct,South,2.966666666666667,0
S05459,2,2,1,1,Tablet,Referral,North,1.3333333333333333,0
S05460,2,2,1,1,Tablet,Social,South,1.5333333333333334,0
S05461,2,2,2,1,Mobile,Organic Search,North,1.6833333333333333,0
S05462,2,2,1,1,Desktop,Organic Search,South,0.45,0
S05463,2,2,1,1,Desktop,Paid Search,West,2.433333333333333,0
S05464,3,3,1,1,Desktop,Direct,North,4.466666666666667,0
S05465,2,2,1,1,Desktop,Paid Search,East,0.55,0
S05466,2,2,1,1,Mobile,Organic Search,West,0.9833333333333333,0
S05467,2,2,1,1,Mobile,Organic Search,East,1.6333333333333333,0
S05468,3,3,3,1,Mobile,Paid Search,North,4.35,0
S05469,2,2,1,1,Mobile,Organic Search,Central,2.45,0
S05470,1,1,1,1,Desktop,Social,South,0.0,0
S05471,4,4,2,1,Mobile,Organic Search,West,4.733333333333333,1
S05472,2,2,1,1,Desktop,Organic Search,South,1.6666666666666667,0
S05473,3,3,2,1,Desktop,Referral,East,2.816666666666667,0
S05474,5,5,2,1,Mobile,Email,South,3.533333333333333,0
S05475,3,3,2,1,Desktop,Paid Search,South,4.1,0
S05476,2,2,1,1,Mobile,Organic Search,North,1.3166666666666667,0
S05477,3,3,2,1,Desktop,Paid Search,South,2.95,0
S05478,3,3,1,1,Mobile,Social,Central,4.233333333333333,0
S05479,4,4,2,1,Mobile,Direct,West,3.783333333333333,0
S05480,3,3,1,1,Desktop,Social,North,3.2666666666666666,0
S05481,2,1,1,2,Mobile,Paid Search,East,3.4166666666666665,0
S05482,2,2,2,1,Desktop,Direct,Central,0.5333333333333333,0
S05483,2,2,1,1,Mobile,Paid Search,West,2.783333333333333,0
S05484,4,3,1,2,Mobile,Paid Search,North,2.2333333333333334,0
S05485,3,3,2,1,Mobile,Organic Search,Central,1.6,0
S05486,4,4,2,1,Tablet,Direct,South,4.533333333333333,1
S05487,3,2,2,2,Desktop,Direct,East,4.283333333333333,0
S05488,3,3,2,1,Mobile,Direct,East,4.666666666666667,0
S05489,3,3,2,1,Mobile,Social,Central,2.8,0
S05490,4,4,3,1,Tablet,Email,Central,4.466666666666667,0
S05491,2,2,1,1,Desktop,Referral,Central,2.933333333333333,0
S05492,5,5,2,1,Mobile,Direct,North,4.9,0
S05493,4,4,2,1,Mobile,Direct,Central,3.8666666666666667,0
S05494,5,5,1,1,Desktop,Social,North,4.633333333333334,1
S05495,4,3,3,2,Mobile,Paid Search,South,3.55,0
S05496,4,4,3,1,Desktop,Paid Search,East,4.983333333333333,0
S05497,2,2,1,1,Mobile,Organic Search,East,1.6166666666666667,0
S05498,3,3,1,1,Tablet,Direct,West,4.316666666666666,0
S05499,2,2,1,1,Mobile,Direct,East,2.9,0
S05500,3,2,1,2,Mobile,Referral,Central,2.3833333333333333,0
S05501,2,2,1,1,Mobile,Direct,South,2.066666666666667,0
S05502,2,2,1,1,Desktop,Referral,South,0.7333333333333333,0
S05503,2,2,2,1,Desktop,Paid Search,Central,1.8666666666666667,0
S05504,3,3,1,1,Mobile,Direct,North,2.466666666666667,0
S05505,3,3,1,1,Desktop,Paid Search,West,3.933333333333333,0
S05506,3,3,1,1,Desktop,Social,West,4.583333333333333,0
S05507,2,2,1,1,Mobile,Referral,East,2.4833333333333334,0
S05508,3,3,1,1,Desktop,Organic Search,West,2.6666666666666665,0
S05509,3,3,2,1,Desktop,Direct,North,2.45,0
S05510,3,3,2,1,Mobile,Direct,Central,3.216666666666667,0
S05511,4,4,1,1,Desktop,Organic Search,North,3.2333333333333334,0
S05512,3,3,1,1,Tablet,Paid Search,East,4.8,0
S05513,3,3,2,1,Mobile,Social,North,2.8666666666666667,0
S05514,3,3,2,1,Mobile,Direct,East,4.2,0
S05515,3,3,1,1,Desktop,Social,West,4.883333333333334,0
S05516,3,3,2,1,Mobile,Paid Search,Central,2.8333333333333335,0
S05517,3,3,2,1,Mobile,Direct,West,4.866666666666666,0
S05518,2,2,2,1,Mobile,Organic Search,East,2.2333333333333334,0
S05519,3,3,1,1,Desktop,Paid Search,Central,3.0,0
S05520,4,4,2,1,Mobile,Social,East,3.4166666666666665,0
S05521,3,3,2,1,Mobile,Paid Search,East,3.4833333333333334,1
S05522,3,1,1,3,Mobile,Organic Search,East,4.2,1
S05523,3,3,1,1,Mobile,Organic Search,East,4.133333333333334,0
S05524,4,4,2,1,Mobile,Organic Search,Central,4.566666666666666,0
S05525,4,3,1,2,Mobile,Paid Search,North,3.3666666666666667,0
S05526,3,3,1,1,Desktop,Social,East,3.9,0
S05527,4,4,2,1,Mobile,Organic Search,West,4.983333333333333,0
S05528,3,3,1,1,Desktop,Social,Central,3.1666666666666665,0
S05529,4,3,2,2,Mobile,Paid Search,Central,2.8333333333333335,0
S05530,5,5,2,1,Desktop,Paid Search,East,4.983333333333333,0
S05531,3,3,2,1,Mobile,Referral,West,3.65,0
S05532,4,4,2,1,Desktop,Organic Search,South,3.716666666666667,0
S05533,2,2,1,1,Mobile,Referral,East,2.7333333333333334,0
S05534,4,4,1,1,Mobile,Organic Search,Central,3.966666666666667,0
S05535,4,4,2,1,Desktop,Direct,Central,4.15,0
S05536,2,2,1,1,Desktop,Social,Central,2.316666666666667,0
S05537,1,1,1,1,Desktop,Referral,North,0.0,0
S05538,3,3,2,1,Mobile,Email,Central,2.5166666666666666,0
S05539,4,4,2,1,Mobile,Paid Search,Central,3.283333333333333,0
S05540,3,3,1,1,Mobile,Paid Search,South,4.05,0
S05541,2,2,1,1,Desktop,Social,East,1.2833333333333334,0
S05542,5,5,2,1,Mobile,Organic Search,West,4.466666666666667,0
S05543,5,5,2,1,Mobile,Social,East,4.65,0
S05544,3,3,1,1,Mobile,Email,Central,2.95,1
S05545,2,2,1,1,Mobile,Email,East,0.35,0
S05546,3,3,2,1,Desktop,Direct,West,4.633333333333334,0
S05547,3,3,2,1,Desktop,Email,West,3.9,0
S05548,3,3,2,1,Desktop,Referral,East,4.5,0
S05549,2,2,1,1,Desktop,Paid Search,Central,0.9666666666666667,0
S05550,3,3,3,1,Desktop,Referral,East,4.2,0
S05551,1,1,1,1,Desktop,Organic Search,East,0.0,0
S05552,2,2,1,1,Mobile,Social,North,2.2666666666666666,0
S05553,1,1,1,1,Tablet,Social,South,0.0,0
S05554,3,3,1,1,Mobile,Paid Search,West,4.85,0
S05555,2,2,1,1,Mobile,Paid Search,Central,2.183333333333333,0
S05556,4,4,1,1,Mobile,Paid Search,South,4.116666666666666,0
S05557,4,4,2,1,Desktop,Social,South,2.716666666666667,0
S05558,3,2,2,2,Mobile,Social,North,3.8333333333333335,0
S05559,5,5,2,1,Desktop,Organic Search,West,4.45,0
S05560,2,2,1,1,Mobile,Social,Central,2.933333333333333,0
S05561,3,3,1,1,Desktop,Direct,West,3.8333333333333335,0
S05562,4,4,1,1,Tablet,Direct,West,4.116666666666666,0
S05563,4,4,1,1,Desktop,Social,East,3.6,0
S05564,3,3,1,1,Desktop,Email,North,3.45,0
S05565,3,3,2,1,Tablet,Social,West,3.3333333333333335,0
S05566,2,2,1,1,Desktop,Direct,West,2.7,0
S05567,3,3,1,1,Mobile,Organic Search,West,2.3666666666666667,0
S05568,3,3,2,1,Mobile,Email,Central,4.1,0
S05569,2,2,1,1,Mobile,Organic Search,West,2.183333333333333,0
S05570,1,1,1,1,Tablet,Social,West,0.0,0
S05571,2,2,1,1,Tablet,Direct,Central,2.6166666666666667,0
S05572,4,3,2,2,Desktop,Email,Central,4.183333333333334,0
S05573,1,1,1,1,Mobile,Organic Search,East,0.0,0
S05574,2,2,1,1,Mobile,Direct,North,0.5666666666666667,0
S05575,2,2,2,1,Mobile,Social,East,2.3333333333333335,0
S05576,3,3,1,1,Desktop,Organic Search,West,3.4166666666666665,0
S05577,2,1,1,2,Mobile,Paid Search,North,1.6333333333333333,0
S05578,3,3,1,1,Tablet,Referral,North,4.683333333333334,0
S05579,2,2,1,1,Tablet,Paid Search,North,1.35,0
S05580,4,4,2,1,Mobile,Social,West,4.116666666666666,0
S05581,5,5,3,1,Desktop,Organic Search,East,4.25,0
S05582,3,3,2,1,Mobile,Direct,South,2.433333333333333,0
S05583,2,2,1,1,Mobile,Referral,North,0.65,0
S05584,3,3,2,1,Mobile,Social,West,3.4833333333333334,0
S05585,1,1,1,1,Mobile,Paid Search,South,0.0,0
S05586,2,2,1,1,Desktop,Paid Search,South,1.75,0
S05587,1,1,1,1,Mobile,Direct,West,0.0,0
S05588,2,2,2,1,Mobile,Organic Search,East,0.4166666666666667,0
S05589,3,3,1,1,Tablet,Social,South,2.783333333333333,0
S05590,3,3,1,1,Mobile,Paid Search,West,3.716666666666667,0
S05591,3,3,2,1,Desktop,Email,South,2.4,0
S05592,4,4,2,1,Mobile,Referral,West,4.266666666666667,0
S05593,2,2,1,1,Desktop,Direct,South,0.75,0
S05594,1,1,1,1,Tablet,Direct,North,0.0,0
S05595,5,5,1,1,Mobile,Social,West,4.033333333333333,0
S05596,3,3,1,1,Mobile,Social,West,4.233333333333333,0
S05597,4,4,1,1,Desktop,Email,North,4.266666666666667,0
S05598,3,3,2,1,Mobile,Organic Search,North,2.25,0
S05599,3,3,2,1,Mobile,Organic Search,Central,3.1166666666666667,0
S05600,3,3,1,1,Mobile,Paid Search,West,4.933333333333334,0
S05601,1,1,1,1,Desktop,Direct,South,0.0,0
S05602,3,3,2,1,Desktop,Social,West,3.3666666666666667,0
S05603,1,1,1,1,Desktop,Referral,North,0.0,0
S05604,1,1,1,1,Mobile,Social,East,0.0,0
S05605,2,2,1,1,Desktop,Direct,North,1.4333333333333333,0
S05606,4,4,2,1,Mobile,Social,South,4.866666666666666,0
S05607,4,4,2,1,Mobile,Direct,North,4.1,0
S05608,3,3,2,1,Tablet,Organic Search,East,2.55,0
S05609,3,2,2,2,Mobile,Organic Search,East,1.4833333333333334,1
S05610,2,2,1,1,Mobile,Direct,East,2.1666666666666665,0
S05611,3,3,3,1,Desktop,Referral,North,3.6333333333333333,0
S05612,2,2,1,1,Mobile,Organic Search,South,1.2166666666666666,0
S05613,2,2,1,1,Mobile,Organic Search,West,1.7833333333333334,0
S05614,3,3,1,1,Desktop,Referral,South,2.4166666666666665,0
S05615,2,2,1,1,Mobile,Organic Search,West,2.65,0
S05616,3,3,2,1,Mobile,Social,South,3.9833333333333334,0
S05617,4,4,1,1,Mobile,Direct,East,4.483333333333333,0
S05618,3,3,1,1,Desktop,Organic Search,East,3.6333333333333333,0
S05619,4,3,2,2,Mobile,Referral,Central,4.65,0
S05620,4,4,1,1,Desktop,Organic Search,North,3.3,0
S05621,3,3,1,1,Desktop,Paid Search,North,3.4833333333333334,0
S05622,2,2,1,1,Tablet,Direct,West,1.0833333333333333,0
S05623,3,3,1,1,Mobile,Organic Search,Central,3.716666666666667,0
S05624,2,2,2,1,Mobile,Organic Search,Central,1.35,0
S05625,2,2,1,1,Desktop,Organic Search,East,2.55,0
S05626,3,3,2,1,Mobile,Organic Search,East,3.4166666666666665,0
S05627,3,3,1,1,Mobile,Social,West,3.1,0
S05628,3,3,1,1,Desktop,Email,East,2.933333333333333,0
S05629,3,3,1,1,Mobile,Direct,West,4.45,0
S05630,3,3,2,1,Desktop,Direct,Central,1.85,0
S05631,4,4,2,1,Mobile,Referral,West,3.35,0
S05632,2,2,2,1,Mobile,Referral,East,2.0166666666666666,0
S05633,3,3,1,1,Desktop,Social,East,2.8,0
S05634,2,2,1,1,Desktop,Referral,West,0.7,0
S05635,3,3,2,1,Desktop,Direct,East,3.35,0
S05636,4,4,1,1,Desktop,Direct,East,4.75,0
S05637,2,2,1,1,Mobile,Paid Search,North,1.2833333333333334,0
S05638,4,4,1,1,Mobile,Paid Search,North,4.966666666666667,1
S05639,3,3,1,1,Desktop,Email,East,1.8833333333333333,0
S05640,3,3,1,1,Desktop,Direct,Central,4.3,0
S05641,4,3,1,2,Mobile,Referral,South,4.683333333333334,0
S05642,2,2,1,1,Mobile,Social,East,1.8666666666666667,0
S05643,2,2,2,1,Desktop,Email,South,2.45,0
S05644,2,2,1,1,Desktop,Social,North,1.3166666666666667,0
S05645,3,3,2,1,Mobile,Direct,Central,3.15,0
S05646,2,2,1,1,Desktop,Organic Search,Central,1.0166666666666666,0
S05647,2,2,1,1,Desktop,Direct,North,1.0833333333333333,0
S05648,3,3,2,1,Mobile,Direct,West,3.2666666666666666,0
S05649,1,1,1,1,Mobile,Organic Search,South,0.0,0
S05650,3,3,1,1,Mobile,Social,Central,3.15,0
S05651,4,4,2,1,Mobile,Direct,South,4.716666666666667,0
S05652,3,3,2,1,Mobile,Paid Search,South,3.216666666666667,0
S05653,4,3,1,2,Desktop,Organic Search,East,3.8333333333333335,0
S05654,4,4,2,1,Desktop,Organic Search,Central,4.383333333333334,0
S05655,4,4,1,1,Desktop,Referral,North,3.7333333333333334,0
S05656,3,3,1,1,Desktop,Paid Search,West,3.05,0
S05657,2,2,1,1,Mobile,Referral,North,2.283333333333333,0
S05658,3,3,1,1,Mobile,Referral,Central,2.5166666666666666,0
S05659,2,2,1,1,Tablet,Direct,North,0.6,0
S05660,2,2,1,1,Mobile,Direct,Central,0.7,0
S05661,3,3,2,1,Desktop,Social,East,3.6166666666666667,0
S05662,2,2,2,1,Desktop,Referral,East,1.1666666666666667,0
S05663,2,2,1,1,Mobile,Paid Search,Central,2.816666666666667,1
S05664,3,2,1,2,Mobile,Social,Central,3.05,0
S05665,3,3,1,1,Mobile,Social,West,2.85,0
S05666,3,3,1,1,Mobile,Direct,North,4.133333333333334,0
S05667,3,1,1,3,Mobile,Paid Search,East,2.5833333333333335,1
S05668,1,1,1,1,Mobile,Social,East,0.0,0
S05669,3,3,1,1,Desktop,Paid Search,East,4.816666666666666,0
S05670,3,3,1,1,Mobile,Organic Search,East,4.266666666666667,0
S05671,4,3,1,2,Mobile,Direct,North,4.983333333333333,0
S05672,3,3,2,1,Desktop,Organic Search,West,4.95,0
S05673,3,3,2,1,Mobile,Organic Search,West,3.45,0
S05674,4,4,2,1,Desktop,Referral,North,4.316666666666666,0
S05675,2,2,1,1,Tablet,Organic Search,East,2.8,0
S05676,2,2,1,1,Desktop,Organic Search,East,0.8666666666666667,0
S05677,3,3,1,1,Mobile,Direct,West,4.816666666666666,0
S05678,3,2,1,2,Desktop,Paid Search,North,4.4,0
S05679,3,3,2,1,Mobile,Paid Search,West,3.8333333333333335,0
S05680,3,3,1,1,Desktop,Organic Search,South,3.8666666666666667,0
S05681,3,3,2,1,Desktop,Organic Search,East,3.7666666666666666,0
S05682,3,3,1,1,Mobile,Organic Search,West,3.0166666666666666,0
S05683,2,2,1,1,Tablet,Email,West,2.3666666666666667,0
S05684,3,2,1,2,Desktop,Direct,North,4.516666666666667,0
S05685,3,3,1,1,Desktop,Referral,East,3.783333333333333,0
S05686,4,4,1,1,Mobile,Email,Central,3.5166666666666666,0
S05687,3,3,3,1,Mobile,Organic Search,North,3.283333333333333,0
S05688,3,3,2,1,Tablet,Social,Central,2.1,0
S05689,3,2,2,2,Desktop,Direct,West,3.8,0
S05690,4,4,2,1,Mobile,Paid Search,West,4.666666666666667,0
S05691,4,3,2,2,Desktop,Direct,South,3.5833333333333335,0
S05692,4,4,2,1,Desktop,Paid Search,South,3.216666666666667,1
S05693,3,3,1,1,Mobile,Social,Central,3.25,0
S05694,3,3,2,1,Mobile,Referral,South,3.533333333333333,0
S05695,3,3,2,1,Mobile,Direct,North,4.55,0
S05696,3,3,1,1,Desktop,Direct,West,3.6,0
S05697,1,1,1,1,Mobile,Email,North,0.0,0
S05698,5,5,2,1,Mobile,Referral,West,3.716666666666667,0
S05699,1,1,1,1,Tablet,Referral,West,0.0,0
S05700,3,3,2,1,Desktop,Organic Search,Central,3.95,0
S05701,3,2,1,2,Desktop,Organic Search,West,4.766666666666667,1
S05702,3,3,2,1,Desktop,Email,North,4.833333333333333,0
S05703,4,3,1,2,Mobile,Organic Search,South,4.316666666666666,0
S05704,2,2,1,1,Desktop,Direct,West,2.6666666666666665,0
S05705,2,2,1,1,Tablet,Organic Search,East,2.6,1
S05706,2,1,1,2,Desktop,Paid Search,Central,0.8833333333333333,0
S05707,4,4,3,1,Tablet,Referral,West,4.933333333333334,0
S05708,2,2,2,1,Desktop,Referral,North,2.6166666666666667,0
S05709,3,3,2,1,Mobile,Direct,Central,3.6333333333333333,0
S05710,3,3,2,1,Tablet,Paid Search,North,3.9166666666666665,0
S05711,3,3,1,1,Desktop,Social,North,1.5833333333333333,0
S05712,4,4,2,1,Tablet,Organic Search,West,2.9833333333333334,0
S05713,3,3,1,1,Mobile,Paid Search,Central,3.8666666666666667,0
S05714,3,3,1,1,Tablet,Direct,East,3.55,0
S05715,3,3,2,1,Mobile,Organic Search,South,4.583333333333333,0
S05716,3,3,2,1,Desktop,Direct,South,3.1666666666666665,0
S05717,4,4,1,1,Desktop,Organic Search,South,4.8,0
S05718,3,3,1,1,Desktop,Paid Search,South,2.533333333333333,0
S05719,3,3,1,1,Desktop,Direct,South,2.0833333333333335,0
S05720,4,4,1,1,Desktop,Direct,West,4.116666666666666,1
S05721,3,2,1,2,Desktop,Organic Search,Central,2.4,0
S05722,2,2,2,1,Mobile,Social,South,2.066666666666667,0
S05723,4,3,1,2,Mobile,Email,North,3.783333333333333,0
S05724,4,4,3,1,Desktop,Paid Search,Central,4.366666666666666,0
S05725,2,2,2,1,Desktop,Paid Search,West,1.1,0
S05726,3,3,2,1,Mobile,Direct,Central,4.933333333333334,0
S05727,4,4,2,1,Desktop,Organic Search,North,4.866666666666666,0
S05728,3,3,1,1,Desktop,Social,North,2.2666666666666666,0
S05729,1,1,1,1,Desktop,Organic Search,East,0.0,0
S05730,2,2,2,1,Tablet,Organic Search,West,1.2333333333333334,0
S05731,3,3,1,1,Mobile,Social,East,4.866666666666666,1
S05732,2,2,1,1,Desktop,Organic Search,East,1.7333333333333334,0
S05733,5,5,3,1,Mobile,Direct,North,4.016666666666667,1
S05734,2,2,2,1,Mobile,Email,East,2.9833333333333334,0
S05735,4,4,1,1,Mobile,Email,West,4.216666666666667,0
S05736,4,4,3,1,Mobile,Paid Search,East,4.733333333333333,0
S05737,4,4,1,1,Mobile,Paid Search,West,3.35,0
S05738,3,3,1,1,Desktop,Paid Search,East,4.033333333333333,0
S05739,1,1,1,1,Desktop,Social,South,0.0,0
S05740,1,1,1,1,Mobile,Direct,South,0.0,0
S05741,2,2,1,1,Tablet,Direct,East,2.4166666666666665,0
S05742,3,3,1,1,Mobile,Email,North,3.5166666666666666,0
S05743,2,2,1,1,Mobile,Direct,West,1.1666666666666667,0
S05744,4,4,1,1,Tablet,Referral,Central,4.966666666666667,0
S05745,5,4,1,2,Desktop,Social,South,3.45,0
S05746,2,2,1,1,Mobile,Organic Search,North,2.3666666666666667,0
S05747,4,4,4,1,Mobile,Organic Search,Central,4.983333333333333,0
S05748,2,2,1,1,Tablet,Organic Search,South,1.6333333333333333,0
S05749,4,4,2,1,Tablet,Organic Search,North,3.8833333333333333,0
S05750,3,3,1,1,Mobile,Organic Search,South,3.95,0
S05751,2,1,1,2,Desktop,Paid Search,West,2.4166666666666665,0
S05752,4,4,1,1,Mobile,Social,South,4.683333333333334,1
S05753,2,2,1,1,Desktop,Social,East,2.066666666666667,0
S05754,3,3,1,1,Mobile,Organic Search,East,2.75,0
S05755,3,3,1,1,Tablet,Direct,North,3.0,0
S05756,4,4,3,1,Mobile,Email,South,4.5,0
S05757,4,4,1,1,Mobile,Social,West,4.95,0
S05758,2,2,1,1,Mobile,Social,West,0.8166666666666667,0
S05759,3,3,1,1,Mobile,Referral,North,4.616666666666666,0
S05760,4,4,1,1,Desktop,Email,North,3.8333333333333335,0
S05761,4,4,2,1,Mobile,Paid Search,West,2.7,1
S05762,3,3,2,1,Tablet,Organic Search,Central,4.533333333333333,0
S05763,4,4,4,1,Tablet,Paid Search,South,4.283333333333333,0
S05764,4,4,1,1,Desktop,Organic Search,East,3.65,0
S05765,3,3,1,1,Mobile,Email,North,3.4833333333333334,0
S05766,3,3,1,1,Mobile,Paid Search,South,3.8,0
S05767,4,4,2,1,Desktop,Direct,North,4.25,1
S05768,3,3,1,1,Desktop,Organic Search,West,4.066666666666666,0
S05769,3,3,1,1,Desktop,Organic Search,East,3.05,0
S05770,3,3,1,1,Tablet,Organic Search,Central,4.816666666666666,0
S05771,3,3,1,1,Mobile,Organic Search,West,2.316666666666667,0
S05772,5,5,2,1,Mobile,Organic Search,Central,4.35,0
S05773,1,1,1,1,Desktop,Organic Search,South,0.0,0
S05774,1,1,1,1,Mobile,Organic Search,North,0.0,0
S05775,4,3,1,2,Desktop,Referral,Central,2.2666666666666666,0
S05776,3,3,1,1,Mobile,Direct,West,2.3833333333333333,0
S05777,4,4,3,1,Mobile,Organic Search,Central,4.55,0
S05778,3,2,1,2,Desktop,Paid Search,North,4.766666666666667,1
S05779,3,3,1,1,Mobile,Social,South,4.383333333333334,0
S05780,2,2,1,1,Desktop,Paid Search,West,2.8666666666666667,0
S05781,5,5,1,1,Mobile,Direct,North,4.716666666666667,0
S05782,2,2,1,1,Mobile,Paid Search,East,2.45,0
S05783,3,3,2,1,Mobile,Social,East,2.283333333333333,1
S05784,1,1,1,1,Desktop,Social,North,0.0,0
S05785,3,3,2,1,Desktop,Paid Search,South,4.35,0
S05786,2,2,1,1,Tablet,Social,South,2.3,0
S05787,3,3,2,1,Desktop,Social,North,3.6666666666666665,0
S05788,1,1,1,1,Mobile,Paid Search,West,0.0,0
S05789,4,4,2,1,Tablet,Direct,South,4.416666666666667,0
S05790,1,1,1,1,Desktop,Paid Search,South,0.0,0
S05791,1,1,1,1,Desktop,Social,Central,0.0,0
S05792,3,3,2,1,Mobile,Organic Search,East,1.9166666666666667,0
S05793,2,2,1,1,Tablet,Referral,South,0.35,0
S05794,4,4,1,1,Tablet,Organic Search,West,4.666666666666667,0
S05795,3,3,1,1,Mobile,Email,Central,4.0,0
S05796,4,4,2,1,Mobile,Social,North,2.283333333333333,0
S05797,2,2,1,1,Desktop,Organic Search,East,1.05,0
S05798,3,3,1,1,Tablet,Email,West,1.95,0
S05799,2,2,1,1,Tablet,Organic Search,South,2.4,0
S05800,4,4,2,1,Desktop,Direct,West,3.5166666666666666,0
S05801,3,3,1,1,Desktop,Organic Search,Central,4.383333333333334,0
S05802,4,4,2,1,Desktop,Direct,Central,4.566666666666666,0
S05803,2,2,1,1,Desktop,Direct,South,2.45,0
S05804,3,3,2,1,Mobile,Referral,South,4.083333333333333,0
S05805,3,3,1,1,Mobile,Referral,Central,4.05,0
S05806,4,4,2,1,Desktop,Organic Search,East,4.116666666666666,0
S05807,3,3,1,1,Desktop,Social,South,2.7,0
S05808,3,3,2,1,Tablet,Organic Search,West,4.333333333333333,0
S05809,3,3,2,1,Mobile,Organic Search,South,2.4833333333333334,0
S05810,3,3,1,1,Mobile,Organic Search,South,2.6666666666666665,0
S05811,2,2,1,1,Desktop,Referral,Central,1.4833333333333334,0
S05812,2,2,1,1,Tablet,Referral,North,2.7333333333333334,0
S05813,3,3,1,1,Mobile,Organic Search,North,4.65,0
S05814,2,2,1,1,Desktop,Organic Search,South,2.8,0
S05815,3,2,1,2,Desktop,Organic Search,West,4.6,0
S05816,5,5,2,1,Desktop,Email,North,2.316666666666667,0
S05817,3,2,2,2,Desktop,Paid Search,East,4.3,0
S05818,2,2,2,1,Mobile,Organic Search,West,1.2833333333333334,0
S05819,3,3,2,1,Tablet,Social,Central,3.5833333333333335,0
S05820,4,4,2,1,Mobile,Direct,South,4.083333333333333,0
S05821,1,1,1,1,Mobile,Referral,Central,0.0,0
S05822,3,3,1,1,Mobile,Paid Search,South,3.7666666666666666,0
S05823,3,3,1,1,Mobile,Email,West,3.5833333333333335,0
S05824,4,4,1,1,Mobile,Social,East,2.3,0
S05825,3,3,1,1,Desktop,Social,North,3.4166666666666665,0
S05826,3,2,1,2,Mobile,Direct,West,4.533333333333333,0
S05827,3,3,2,1,Mobile,Direct,South,4.083333333333333,0
S05828,5,5,1,1,Desktop,Referral,North,4.95,0
S05829,2,2,2,1,Mobile,Organic Search,South,2.15,0
S05830,3,3,1,1,Mobile,Organic Search,West,4.666666666666667,1
S05831,2,2,1,1,Tablet,Email,South,2.9,0
S05832,3,3,1,1,Mobile,Social,North,1.5833333333333333,0
S05833,2,2,2,1,Mobile,Social,North,2.2,0
S05834,3,2,1,2,Mobile,Referral,East,2.466666666666667,0
S05835,2,1,1,2,Mobile,Paid Search,East,2.95,0
S05836,2,2,1,1,Mobile,Organic Search,South,1.0666666666666667,0
S05837,1,1,1,1,Tablet,Paid Search,North,0.0,0
S05838,3,3,3,1,Mobile,Social,East,3.8,0
S05839,3,2,1,2,Mobile,Organic Search,West,2.35,0
S05840,3,3,1,1,Mobile,Organic Search,West,3.283333333333333,0
S05841,4,4,1,1,Mobile,Organic Search,Central,3.8666666666666667,0
S05842,3,2,1,2,Desktop,Paid Search,North,4.816666666666666,1
S05843,1,1,1,1,Desktop,Referral,Central,0.0,0
S05844,2,2,1,1,Desktop,Paid Search,South,0.35,0
S05845,2,2,1,1,Mobile,Referral,Central,2.1,0
S05846,4,4,1,1,Desktop,Organic Search,South,4.216666666666667,0
S05847,3,3,1,1,Desktop,Referral,East,3.8,0
S05848,2,2,1,1,Mobile,Social,South,0.9,0
S05849,3,3,1,1,Desktop,Direct,South,2.2,0
S05850,4,4,2,1,Mobile,Referral,Central,3.216666666666667,0
S05851,2,2,1,1,Desktop,Direct,West,1.4,0
S05852,4,4,2,1,Tablet,Referral,Central,3.7,0
S05853,3,3,1,1,Mobile,Referral,West,4.733333333333333,0
S05854,2,2,2,1,Mobile,Social,East,0.55,0
S05855,4,4,2,1,Mobile,Paid Search,North,4.266666666666667,0
S05856,3,3,3,1,Mobile,Organic Search,Central,3.1333333333333333,0
S05857,1,1,1,1,Desktop,Paid Search,East,0.0,0
S05858,3,3,1,1,Desktop,Direct,West,3.933333333333333,0
S05859,2,2,2,1,Desktop,Social,East,1.7333333333333334,0
S05860,1,1,1,1,Mobile,Social,East,0.0,0
S05861,3,3,1,1,Mobile,Referral,Central,3.783333333333333,0
S05862,1,1,1,1,Mobile,Organic Search,North,0.0,0
S05863,3,3,1,1,Desktop,Social,South,3.6333333333333333,0
S05864,2,2,1,1,Mobile,Referral,North,2.6,0
S05865,3,3,1,1,Mobile,Social,West,4.4,0
S05866,3,3,2,1,Mobile,Organic Search,North,4.5,0
S05867,2,2,1,1,Mobile,Organic Search,North,1.2666666666666666,0
S05868,2,2,1,1,Desktop,Organic Search,South,0.5666666666666667,0
S05869,3,3,2,1,Mobile,Paid Search,East,2.933333333333333,0
S05870,2,1,1,2,Mobile,Paid Search,East,3.75,0
S05871,2,1,1,2,Desktop,Referral,North,2.066666666666667,0
S05872,4,4,2,1,Desktop,Direct,Central,3.5833333333333335,0
S05873,2,2,1,1,Mobile,Direct,Central,1.9666666666666666,0
S05874,3,3,2,1,Mobile,Paid Search,South,2.1666666666666665,0
S05875,4,4,2,1,Mobile,Social,West,3.9833333333333334,0
S05876,2,2,1,1,Desktop,Referral,East,1.0333333333333334,0
S05877,2,2,1,1,Mobile,Social,South,2.4,0
S05878,2,2,1,1,Mobile,Direct,South,2.1666666666666665,0
S05879,4,4,2,1,Mobile,Paid Search,East,4.416666666666667,0
S05880,1,1,1,1,Mobile,Social,East,0.0,0
S05881,4,4,2,1,Desktop,Email,South,4.533333333333333,0
S05882,4,2,1,3,Mobile,Organic Search,Central,4.466666666666667,1
S05883,3,3,1,1,Desktop,Organic Search,East,2.9166666666666665,0
S05884,3,3,1,1,Tablet,Organic Search,West,2.9833333333333334,0
S05885,4,4,1,1,Mobile,Social,North,4.916666666666667,0
S05886,2,2,2,1,Mobile,Organic Search,East,1.65,1
S05887,3,3,2,1,Mobile,Organic Search,South,2.0833333333333335,0
S05888,3,3,2,1,Tablet,Direct,East,3.433333333333333,0
S05889,2,2,1,1,Mobile,Paid Search,West,1.6166666666666667,0
S05890,5,5,3,1,Mobile,Direct,West,3.05,0
S05891,2,2,1,1,Mobile,Paid Search,South,1.6833333333333333,0
S05892,2,2,1,1,Mobile,Organic Search,West,2.45,0
S05893,2,2,2,1,Mobile,Organic Search,Central,1.0,0
S05894,2,2,1,1,Desktop,Email,West,2.0833333333333335,0
S05895,3,3,3,1,Mobile,Direct,North,2.716666666666667,0
S05896,1,1,1,1,Desktop,Direct,West,0.0,0
S05897,2,2,2,1,Tablet,Organic Search,North,2.1333333333333333,0
S05898,1,1,1,1,Desktop,Referral,Central,0.0,0
S05899,3,3,2,1,Tablet,Paid Search,East,4.533333333333333,0
S05900,5,5,3,1,Mobile,Organic Search,South,3.566666666666667,0
S05901,3,2,1,2,Mobile,Organic Search,North,4.416666666666667,0
S05902,4,4,2,1,Mobile,Referral,South,3.3666666666666667,0
S05903,3,3,1,1,Desktop,Paid Search,Central,3.8333333333333335,0
S05904,5,5,2,1,Mobile,Direct,North,4.35,0
S05905,3,2,1,2,Desktop,Paid Search,East,3.066666666666667,1
S05906,2,2,1,1,Mobile,Social,Central,1.1833333333333333,0
S05907,1,1,1,1,Mobile,Social,South,0.0,0
S05908,3,3,1,1,Mobile,Email,East,3.1333333333333333,0
S05909,4,4,1,1,Desktop,Direct,East,4.233333333333333,0
S05910,3,3,1,1,Desktop,Organic Search,East,4.333333333333333,0
S05911,1,1,1,1,Mobile,Referral,North,0.0,0
S05912,1,1,1,1,Tablet,Paid Search,North,0.0,0
S05913,4,4,1,1,Mobile,Organic Search,West,2.9,0
S05914,4,3,1,2,Mobile,Referral,Central,2.566666666666667,0
S05915,1,1,1,1,Mobile,Referral,North,0.0,0
S05916,3,3,1,1,Desktop,Referral,South,2.9833333333333334,0
S05917,4,4,2,1,Tablet,Social,South,3.3,0
S05918,1,1,1,1,Mobile,Referral,Central,0.0,0
S05919,3,2,2,2,Desktop,Organic Search,South,5.0,1
S05920,1,1,1,1,Mobile,Social,Central,0.0,0
S05921,3,3,1,1,Desktop,Social,North,4.25,0
S05922,3,3,2,1,Tablet,Organic Search,Central,2.683333333333333,0
S05923,4,3,1,2,Desktop,Organic Search,East,3.433333333333333,0
S05924,4,4,1,1,Mobile,Referral,West,3.6333333333333333,0
S05925,2,2,2,1,Desktop,Direct,South,0.7666666666666667,0
S05926,2,2,1,1,Mobile,Social,West,2.1666666666666665,0
S05927,3,3,1,1,Mobile,Organic Search,North,3.5833333333333335,0
S05928,3,2,1,2,Mobile,Organic Search,North,4.583333333333333,0
S05929,4,4,3,1,Mobile,Email,South,4.85,0
S05930,3,3,1,1,Tablet,Organic Search,Central,4.0,0
S05931,1,1,1,1,Desktop,Paid Search,West,0.0,0
S05932,5,5,1,1,Desktop,Paid Search,East,3.6666666666666665,0
S05933,2,2,1,1,Desktop,Organic Search,East,2.35,0
S05934,4,4,1,1,Tablet,Organic Search,North,4.5,0
S05935,4,4,2,1,Mobile,Direct,Central,4.633333333333334,0
S05936,2,2,1,1,Mobile,Organic Search,West,2.6666666666666665,0
S05937,3,3,2,1,Mobile,Social,West,2.9166666666666665,0
S05938,4,4,2,1,Desktop,Direct,East,3.183333333333333,1
S05939,4,4,1,1,Desktop,Organic Search,Central,2.8666666666666667,0
S05940,3,3,2,1,Desktop,Email,Central,2.716666666666667,0
S05941,4,4,1,1,Mobile,Organic Search,West,4.05,0
S05942,2,2,2,1,Desktop,Organic Search,South,2.8833333333333333,0
S05943,2,2,1,1,Desktop,Organic Search,West,1.2666666666666666,1
S05944,3,3,1,1,Mobile,Social,East,2.7,0
S05945,4,2,1,3,Tablet,Referral,South,3.816666666666667,1
S05946,3,3,2,1,Desktop,Social,South,3.3333333333333335,0
S05947,3,3,1,1,Desktop,Direct,East,2.8833333333333333,0
S05948,2,2,2,1,Desktop,Direct,East,2.9166666666666665,0
S05949,3,3,2,1,Mobile,Paid Search,East,3.216666666666667,0
S05950,1,1,1,1,Mobile,Social,South,0.0,0
S05951,2,2,1,1,Desktop,Referral,West,0.6166666666666667,0
S05952,3,3,1,1,Desktop,Organic Search,East,3.5,0
S05953,3,3,1,1,Mobile,Organic Search,North,4.233333333333333,0
S05954,3,3,1,1,Mobile,Paid Search,South,3.966666666666667,0
S05955,3,3,2,1,Desktop,Social,Central,2.9,0
S05956,5,5,2,1,Mobile,Social,West,4.883333333333334,0
S05957,3,3,1,1,Desktop,Paid Search,South,4.966666666666667,1
S05958,2,2,1,1,Mobile,Referral,Central,0.43333333333333335,0
S05959,3,3,1,1,Mobile,Email,North,3.033333333333333,0
S05960,2,2,2,1,Mobile,Referral,Central,0.6333333333333333,0
S05961,4,4,2,1,Mobile,Referral,South,3.216666666666667,0
S05962,2,2,1,1,Tablet,Social,North,2.216666666666667,0
S05963,3,3,2,1,Mobile,Direct,East,3.25,0
S05964,2,2,2,1,Mobile,Organic Search,South,1.5666666666666667,0
S05965,1,1,1,1,Mobile,Paid Search,East,0.0,0
S05966,2,2,2,1,Tablet,Email,West,2.1166666666666667,0
S05967,2,2,2,1,Tablet,Social,Central,1.3833333333333333,0
S05968,4,4,1,1,Desktop,Organic Search,East,3.216666666666667,0
S05969,2,2,1,1,Tablet,Direct,East,0.9166666666666666,0
S05970,3,3,2,1,Mobile,Social,North,1.5,0
S05971,2,2,1,1,Mobile,Organic Search,North,1.65,0
S05972,4,4,2,1,Desktop,Direct,West,4.6,0
S05973,5,5,1,1,Mobile,Direct,North,4.933333333333334,0
S05974,5,5,2,1,Mobile,Paid Search,West,4.933333333333334,0
S05975,2,2,1,1,Desktop,Organic Search,East,0.38333333333333336,0
S05976,2,2,1,1,Tablet,Social,North,1.55,0
S05977,1,1,1,1,Desktop,Email,East,0.0,0
S05978,3,3,1,1,Desktop,Referral,North,4.25,0
S05979,4,4,4,1,Mobile,Email,East,4.816666666666666,0
S05980,2,2,2,1,Mobile,Direct,West,2.6,0
S05981,3,3,3,1,Mobile,Organic Search,East,2.683333333333333,0
S05982,3,1,1,3,Desktop,Organic Search,North,2.9166666666666665,1
S05983,3,3,1,1,Tablet,Paid Search,West,4.533333333333333,0
S05984,3,3,1,1,Desktop,Organic Search,North,3.783333333333333,0
S05985,3,3,1,1,Desktop,Direct,West,3.15,1
S05986,2,2,1,1,Desktop,Paid Search,East,0.5333333333333333,0
S05987,3,3,1,1,Mobile,Direct,East,2.2333333333333334,0
S05988,3,3,2,1,Tablet,Organic Search,Central,3.566666666666667,0
S05989,4,4,2,1,Mobile,Social,West,4.15,0
S05990,2,2,2,1,Mobile,Referral,North,2.683333333333333,0
S05991,2,2,1,1,Desktop,Organic Search,South,0.85,0
S05992,1,1,1,1,Mobile,Organic Search,Central,0.0,0
S05993,4,1,1,4,Mobile,Referral,North,3.5166666666666666,1
S05994,2,2,1,1,Mobile,Organic Search,East,1.6,0
S05995,3,3,3,1,Desktop,Referral,West,2.1333333333333333,0
S05996,2,2,2,1,Mobile,Organic Search,West,1.4,0
S05997,2,2,1,1,Mobile,Social,West,0.9,0
S05998,3,3,2,1,Mobile,Direct,West,4.116666666666666,0
S05999,2,2,1,1,Mobile,Referral,West,0.8166666666666667,0
S06000,4,4,2,1,Desktop,Direct,Central,4.566666666666666,0
